No,ID Putusan,Pemohon Banding,Nomor Putusan,Tahun Pajak,Jenis Pajak,Amar Putusan,Kata Kunci,Jumlah Ditemukan,Halaman Ditemukan,Jumlah Hal Cocok,Total Hal Dokumen,Contoh Kalimat
1,100088,PT Rapala VMC Batam,PUT-006645.15/2021/PP/M.XVB Tahun 2023 PEMI KEADILAN BERDASARKAN KETUHANAN YANG ,2016,Pajak Penghasilan,-,transfer pricing,41,"15,52,61,62,64,65,81,84,89,94,95,96,97,105,114,115,116,117,118,119,121,128,129",23,143,f£ hasil penelitian atas metode transfer pricing yang dipilih dan diterapkan oleh Wajib Pajak atau pemilihan metode transfer pricing oleh pemeriksa:...
2,100125,PT HANJAYA MANDALA SAMPOERNA,PUT-007304.15/2020/PP/M.IIIA Tahun 2022 DEMI KEADILAN BERDASARKAN KETUHANAN YANG,2015,-,-,transfer pricing,82,"12,20,21,25,28,38,41,42,43,57,62,63,66,67,68,71,76,77,78,98,99,211,224,232,233,235,240,242,250,307,312,313,332,335,338,339,341,342,343,344,349,350,351,360,361,363,371",47,443,...iajukan banding di atas menjadi 2 (dua) bagian besar sebagai berikut: 1) Koreksi berkaitan dengan transfer pricing yang dibahas dalam poin C.1. sampai dengan C.4. 2) Koreksi non transfer-pricing yang dibahas dala...
3,100128,PT. WRIGLEY INDONESIA NPWP 02.414.572.4-056.000,PUT-007384.15/2021/PP/M.XIVB Tahun 2023,2017,Pajak Penghasilan,Mengabulkan sebagian,transfer pricing,16,"8,19,28,30,61,62,63,65,68,70,73,80",12,103,"...2, Poin B, “Tahapan Pelaksanaan Pemeriksaan”,.yang.menyatakan yaitu: “Dalam pelaksanaan pemeriksaan transfer pricing, Pemeriksa Pajak perlu memperhatikan dokumen yang menjadi dasar penerapan prinsip kewajaran dan kel..."
4,100212,PT Pacific World Nusantara,PUT-008988.15/2019/PP/M.XVI A Tahun 2023 PTi-Pacific World Nasantara,2014,Pajak Penghasilan,Mengabulkan seluruhnya,transfer pricing,4,"51,80,82,83",4,105,"Il. Invoice-invoice regional cost dari Hotelbeds (Thailand) Limited. mm. Transfer Pricing Documentation berupa Master File dan Local File tahun 2014. nn.SPHP Tahun 2014, SKPKB PPN JLN dan..."
5,100213,-,PUT-008992.15/2022/PP/M.VB Tahun 2023 Halaman 2 dari 103 halaman PT Arindo Trise,-,Pajak Penghasilan,-,transfer pricing,18,"8,26,29,37,40,81,83,84,88,90,92,93,94",13,103,...dan sesuai dengan Peraturan Direktur Jenderal Pajak Nomor PER- 221 ok ?N pd amen harga transfer (transfer pricing) berlaku atas transaksi par dilakukan Wajib Pajak Dalam Negeri dengan Wajib Pajak Luar Negeri: tra...
6,100233,PT HOGY INDONESIA,PUT-010065.15/2021/PP/M.XVIIIA Tahun 2023 DEMI KEADILAN BERDASARKAN KETUHANAN YA,2018,Pajak Penghasilan,Mengabulkan sebagian,transfer pricing,7,"37,38,39,40,49,69,70",7,84,"bahwa berdasarkan perhitungan dengan menggunakan metode pemeriksaan. Transfer Pricing, Metode CUP untuk penghasilan bunga pinjaman, diperoleh koreksi positif penghasilan lain-lain wajar..."
7,100243,PT.RIMBA HARAPAN SAKTI,PUT-010194.15/2022/PP/M.XA Tahun 2023 DEMI KEADILAN BERDASARKAN KETUHANAN YANG M,2019,Pajak Penghasilan,Mengabulkan sebagian,transfer pricing,6,"36,58,79,84",4,118,"...memberikan pedoman pemeriksaan, antara lain sebagai berikut: e.kampiran, Bab II Tahapan Pemeriksaan Transfer Pricing, huruf B. Tahapan Pelaksanaan Pemeriksaan, telah memberikan pedoman dalam : - menentukan karakter..."
8,100249,PT. Kemilau Rindang Abadi,PUT-010789.15/2022/PP/M.IA Tahun 2023,2019,Pajak Penghasilan,Mengabulkan seluruhnya,transfer pricing,1,75,1,148,...e. Meneliti apakah terdapat pembanding atas jasa intra-grup serta mark up-nya dan menerapkan metode transfer pricing yang paling sesuai dengan kondisi dan fakia. Lampiran | Bab II Huruf B Angka 3 huruf d Pemeriksa...
9,100258,PT PETNESIA RESINDO,PUT-011114.15/2022/PP/M.XXA Tahun 2023,2019,Pajak Penghasilan,Mengabulkan seluruhnya,transfer pricing,3,"8,25,34",3,52,"...keta Koreksi atas Harga Pokok Penjualan sebesar USD1,626,242 bahwa Terbanding melakukan pengujian transfer pricing atas transaksi antara Pemohon Banding dan pihak afiliasi, menggunakan metode TNMM dan Profit Level..."
10,100272,PT PANCASURYA AGRINDO,PUT-011671.15/2021/PP/M.XIIB Tahun 2023 DEMI KEADILAN BERDASARKAN KETUHANAN YANG,2018,Pajak Penghasilan,-,transfer pricing,12,"12,16,60,75,78,82,96,147",8,173,...adi pembanding” Pasal 2: “1) Peraturan Jenderal Pajak ini berlaku untuk Penentuan Harga Transfer (Transfer Pricing) atas transaksi yang dilakukan Wajib Pajak Dalam Negeri atau Bentuk Usaha Tetap di Indonesia dengan...
11,100289,PT-Binapratama Sakatojaya,PUT-011747.15/2022/PP /M.XXB Tahun 2023,2019,Pajak Penghasilan,-,transfer pricing,1,52,1,85,"...9 26, (Laporan Produksi Pabrik Tahun 2019 27. (Laporan Ekspordan Penjualan Loka Tahun 2019 28. (TP (Transfer Pricing) Docs (Masteriie dan Locaftle) Tahun 2019 29 (Peta Taram, Pata Repinting Tebun 2019 30. (Nota Timba..."
12,100318,PT M-150« INDONESIA,PUT-012372.15/2020/PP/M.VIA Tahun 2023 DEMI KEADILAN BERDASARKAN KETUHANAN YANG ,2017,Pajak Penghasilan,-,transfer pricing,19,"11,15,18,40,42,53,54,62,66,68,71,102,105,107,109",15,118,"...san dari Pemohon Banding adalah sebagai berikut: sem 1. bahwa Terbanding Sependapat dengan Metode Transfer Pricing yang PN Digunakan Pemohon Banding, Perusahaan Banding yang Diguna & AE ggunakan metode Rentang..."
13,100327,PT.Brenntag,PUT-012598.15/2020/PP/M.XVB Tahun 2023,2017,Pajak Penghasilan,Mengabulkan seluruhnya,transfer pricing,9,"11,12,16,43,60,68,80,84",8,96,...tan/kondisi prinsip kewajaran dan kelaziman usaha sesuai dengan peraturan penentuan harga transfer (transfer pricing) yang berlaku: ii. Jasa intra-grup yang disediakan oleh pihak afiliasi bukanmerupakan bagian dari...
14,100580,PT. NSK-Bearings Manufacturing (Indonesia),PUT-014050.15/2021/PP/M.VIB Tahun 2023 DEMI KEADILAN BERDASARKAN KETUHANAN YANG ,2018,Pajak Penghasilan,-,transfer pricing,10,"10,12,15,21,38,40,43,54,58",9,90,"...ak afiliasi NSK LTD (Japan) yang merupakan 99,9984 pemegang saham Pemohon Banding. Bahwa dalam OECD Transfer Pricing Guidelines paragraf 7.6 dinyatakan bahwa “The Activity provides a respective group-member with econ..."
15,100678,PT SANDVIK INDONESIA,PUT-009864.15/2021/PP/M.VIA Tahun 2023,2017,Pajak Penghasilan,-,transfer pricing,5,"13,53,83,89",4,174,"...stensi dan transfer intangible property atas pembayaran dimaksud dapat dibuktikan; bahwa dalam OECD Transfer Pricing Guideline paragraf 7.4 ditegaskan perlunya menguji eksistensi dan manfaat jasa, apakah jasa yang di..."
16,100737,PT EUROASIATIC JAYA,PUT-000167.15/2022/PP/M.IIIA Tahun 2023 DEMI KEADILAN BERDASARKAN KETUHANAN YANG,2018,Pajak Penghasilan,Mengabulkan sebagian,transfer pricing,26,"8,10,11,14,26,28,33,40,41,44,47,48,51,58,59,61,62,66,74",19,80,"...if 804.874,00 4.246.077,00 3.441.203,00 1. Koreksi Positif atas Penyesuaian Fiskal Positif terkait Transfer Pricing sebesar $US 3.441.203 Menurut Terbanding: Terbanding melakukan koreksi atas Pe “Es iskal Positif..."
17,100788,-,-,-,Pajak Penghasilan,-,transfer pricing,18,"14,15,16,39,50,51,55,64,66,90,91,98,106",13,112,"...atas transaksi tersebut merupakan pe S ghapusa usnahan inventory, kewajaranberdasarkan pengujian transfer pricing G ag 223.373.857,00 NA bahwa Tim Pemeriksa mempertahankan seluruh koreksi karena &a perusahaan pe..."
18,100921,PT Vincent Sheppard Indonesia,PUT-006213.15/2020/PP/M.IIA Tahun 2023 PT Vincent Sheppard Indonesia,2016,Pajak Penghasilan,Mengabulkan seluruhnya,transfer pricing,38,"12,13,14,15,17,22,23,25,27,32,43,44,45,46,48,49,55",17,66,"...Kondisi yang Sebenarnya atas Kegiatan Usaha Pemohon Banding oleh Terbanding bahwa dalam pemeriksaan transfer pricing, diperlukan pemahaman fakta yang mendalam untuk memperoleh data dan/atau informasi yang objektif se..."
19,100971,PT E@UALINDO MAKMUR ALAM SEJAHTERA,PUT-008221.15/2020/PP/M.VIA Tahun 2023 DEMI KEADILAN BERDASARKAN KETUHANAN YANG ,2014,-,-,transfer pricing,2,"50,54",2,60,"...erikut: Ayat (1): Peraturan Direktur Jenderal Pajak ini berlaku untuk Penentuan, Harga..Transfer (Transfer Pricing) atas transaksi yang dilakukan Wajib Pajak Dalam Negeri atau Bentuk Usaha Tetap di Indonesia dengan..."
20,101021,PT. KARYA AGUNG SAWITA,PUT-012489.15/2021/PP/M.VIB Tahun 2023 DEMI KEADILAN BERDASARKAN KETUHANAN YANG ,2018,Pajak Penghasilan,-,transfer pricing,6,"15,34,54,64,68,110",6,150,"...iasi (piutang. pihak berelasi) pada tahun 2018 tersebut telah dibuatkan dokumentasi harga transfer (Transfer Pricing Document) dan berdasarkan. pengujian ""kewajaran terlihat bahwa pemberian pinjaman afiliasi tersebut..."
21,101159,PT.ADIENT AUTOMOTIVE INDONESIA,PUT-007975.15/2021/PP/M.XA Tahun 2023 DEMI KEADILAN BERDASARKAN KETUHANAN YANG M,2018,Pajak Penghasilan,-,transfer pricing,38,"5,8,23,26,27,29,32,38,39,41,45,56,59,61,62,67,68,70,99,100,101,102,106",23,111,"...ng, berikut penjelasan dari Pemohon Banding: 1. bahwa Pemohon Banding telah menyampaikan Dokumen. Transfer Pricing 2018 kepada Terbanding dimana dalam. Dokumen Transfer Pricing 2018 Halaman ke-5 dar'111 halaman. P..."
22,101281,PT TRITUNGGAL SENTRA BUANA,PUT-008552.15/2022/PP/M.XVIIIB Tahun 2024,2019,Pajak Penghasilan,-,transfer pricing,6,"15,19,23,30,31,32",6,71,"...yat (1) f. Pasal 11 ayat (2) 9. Pasal 11 ayat (8) h. Pasal 11 ayat (14) i. Pasal 20 ayat(4) 7. OECD Transfer Pricing Guidelines for Multinational Enterprises and Tax Administrations, a. Article 9 point 1 b. Article 9..."
23,101298,-,-,2019,-,-,transfer pricing,2,"27,35",2,53,...N J/2013 tentang Penggunaan dan Metode ni In saan: e Organization for E id perationand Development Transfer Pricing culolyao CD TPG) Aa Hai 23 HATI PURUSOh Nda MO RORSS #5736 SPEAK NB FAR 2024 si PT Idemitsu Lube...
24,101409,PT. TD AUTOMOTVE COMPRESSOR INDONESIA,PUT-014108.15/2019/PP/M.XB Tahun 2023 DEMI,2016,Pajak Penghasilan,-,transfer pricing,7,"11,13,45,46,79,81",6,91,"...unctions they perform under the principles set out in Chapters I - Ill. The bahwa berdasarkan OECD Transfer Pricing Guideline tahun 2017, paragraph '6.50 disebutkan bahwa setiap anggota dari MNE group seharusnya men..."
25,101425,-,PUT-003664.15/2022/PP/M.VA Tahun 2024 PT Yasulor Indonesia,2017,Pajak Penghasilan,-,transfer pricing,59,"6,10,12,13,15,20,22,23,24,27,28,29,31,32,33,35,36,37,38,45,46,49,52,54,55,58,60,61,63,72,74,75,76,77,81",35,83,...r C adalah biaya-biaya non produksi (biaya umum dan Wo dan faktor M adalah margin laba: bahwa dalam Transfer Pricing Documen sa inyatakan hal yang sama: bahwa untuk tahun 2017 H pa jual adalah sebagai berikut: PVIS -...
26,101446,-,-,2019,Pajak Penghasilan,-,transfer pricing,4,"7,25,29,40",4,71,...da PER 32/PJ/2011 pasal 2 ayat SER dimana di dalam peraturan ini yang dapat dikategorikan sebagai transfer pricing adalah jika Wajib Pajak bertransaksi dengan pihak:pih yang mempunyai hubungan istimewa untuk memanf...
27,101447,PT HAIER ELECTRICAL APPLIANCES INDONESIA,PUT-011056,2016,Pajak Penghasilan,-,transfer pricing,19,"7,9,13,14,15,22,41,44,58,63,67,70,71",13,77,"...gapan harga transfer penjualan produk ke pihak afiliasi tidak wajar berdasarkan analisis transaksi Transfer Pricing, PEMBANDING TERPILIH SETELAH PEM (MENURUT PEMERIKSA) | NO| COMPANY NAME | COUNTRY CP 2016 4 | BROT..."
28,101451,PT Pemohon Banding Nomor 21 Tanggal 12 November 2021,-,2019,Pajak Penghasilan,-,transfer pricing,12,"8,36,45,65,74,75,76,78,83",9,88,"...n asal 2: NM (1) ""Peraturan Direktur Jenderal Pajak ini berlaku untuk Penentuan L Harga Transfer (Transfer Pricing) atas transaksi yang dilakukan Wajib Pajak Dalam Negeri atau Bentuk Usaha “PX nesia dengan Wajib Pa..."
29,101454,-,-,-,Pajak Penghasilan,-,transfer pricing,27,"8,12,13,29,39,47,51,52,57,58,64,65,68,79,81",15,88,...ai berikut: 1. bahwa Terbanding menilai perhitungan harga wajar yang “dibuat Pemohon Banding dalam Transfer Pricing Documentation belum sepenuhnya berpedoman kepada Peraturan Direktur Jenderal Pajak Nomor PER-43/PJ...
30,101460,PT FIELDCORE SERVICE SOLUTIONS INTERNATIONAL,PUT-002634.15/2022/PP/M.IB Tahun 2024 DEMI KEADILAN BERDASARKAN KETUHANAN YANG M,2017,Pajak Penghasilan,-,transfer pricing,21,"25,27,31,35,36,37,38,42,50,51,55,56",12,63,...engatur antara lain : -32/2011 “ n Direktur Jenderal Pajak ini berlaku untuk AN Ya Harga Transfer (Transfer Pricing) atas transaksi p yang dilakukan Wajib Pajak Dalam Negeri atau Bentuk Usaha Tetap di Indonesia deng...
31,101461,PT .FIELDCORE SERVICE SOLUTIONS INTERNATIONAL,PUT-002635.15/2022/PP/M.IB Tahun 2024 DEMI KEADILAN BERDASARKAN KETUHANAN YANG M,2018,Pajak Penghasilan,-,transfer pricing,17,"26,30,32,35,36,37,47,48,65,66,71",11,79,"...tang Petunjuk Teknis Pemeriksaan Terhadap Wajib Pajak SEN Yang Mempunyai Hubungan Istimewa. e OECD Transfer Pricing Guidelines Paragraf 3.57 dan AN, N' 3.62. 3. Data dan Fakta a. bahwa Pemohon Banding didiri rn yk..."
32,101559,PT. ELUAN MAHKOTA,PUT-010502.15/2021/PP/M.IA Tahun 2024 DEMI KEADILAN BERDASARKAN KETUHANAN YANG M,2015,Pajak Penghasilan,Mengabulkan sebagian,transfer pricing,11,"32,34,44,46,94,101,102,103,106",9,155,...an kembali peredaran usaha atas transaksi penjualan yang dipengaruhi oleh adanya hubungan istimewa (transfer pricing) dengan menerapkan prinsip kewajaran dan kesebandingan sesuai Pasal 18 ayat (3) UU Penghasilan (UU...
33,101566,PT MULTI BINTANG INDONESIA NIAGA,puT-012721.15/2020/PP/M.IllBTahun2023 DEMI KEADILAN BERDASARKAN KETUHANAV YANG M,2017,Pajak Penghasilan,Mengabulkan seluruhnya,transfer pricing,2,"57,61",2,65,...kan penjualan; bahwa selanjutnya dalam OECD/G20 Base Erosion and Proffl Shifting Project - Aligning Transfer Pricing Outcomes with Value Creation (Action 8-10: 2015 Final Reports) paragraf 6.11 menyebutkan bahwa: Car...
34,101568,PT B. BRAUN MEDICAL INDONESIA,PUT-013059.15/2022/PP /M.XXA Tahun 2024 DEMI KEADILAN BERDASARKAN KETUHANAN YANG,2019,Pajak Penghasilan,Mengabulkan sebagian,transfer pricing,8,"10,11,13,46,48,49",6,65,...diatur dalam Pasal 3 ayat 2 PER- 32/PJ/2011 yaitu : a. Melakukan Analisis Kesebandingan Pemeriksaan transfer pricing dilakukan dengan cara membandingkan kondisi transaksi afiliasi dengan kondisitransaksi independen....
35,101620,PT. BUMI PERSADA PERMAI,PUT-003243.15/2022/PP/M.IVA Tahun 2024 DEMI KEADILAN BERDASARKAN KETUHANAN YANG ,2016,Pajak Penghasilan,-,transfer pricing,5,"12,117,121,128,131",5,185,"...011, menyatakan: (1) Peraturan Direktur Jenderal Pajak ini berlaku untuk Penentuan Harga Transfer (Transfer Pricing) atas transaksi yang dilakukan Wajib Pajak Dalam Negeri atau Bentuk Usaha Tetap di Indonesia dengan..."
36,101637,PT MULTI BINTANG INDONESIA NIAGA,PUT-011252.15/202M3P/M.IllB Tahun 2023,2018,Pajak Penghasilan,-,transfer pricing,2,"69,73",2,76,...kan penjualan; bahwa selanjutnya dalam OECD/G20 Base Erosion and Profit Shifting Project - Aligning Transfer Pricing Outcomes with Value Creation (Action 8-10: 2015 Final Reports) paragraf 6.11 menyebutkan bahwa: Car...
37,101652,PT GITASWARA INDONESIA,PUT-015288.15/2020/PP/M.118 Tahun 2024 DEM,2016,Pajak Penghasilan,-,transfer pricing,10,"34,55,58,92,156,158,171,172",8,177,...g kemudian diamandemen pada Laporan Base Erosion and Profit Shifting (BEPS) Akdi 8 - 10. Dalam OECD Transfer Pricing (TP) Guidelines menyebutkan bahwa entitas usaha tidak berhak mendapatkan pengembalian atas pengemba...
38,101653,PT INDONESIA TRI SEMBILAN,PUT-016490.15/2020/PP/M.IIIB Tahun 2023 DEMI KEADILAN BERDASARKAN KETUHANAN YANG,2017,Pajak Penghasilan,Mengabulkan seluruhnya,transfer pricing,4,"31,48,52,53",4,57,"...Method AOI Letter beserta terjemahannya, ToPS Allpcation Method AG Letter beserta terjemahannya, Transfer Pricing Documentation, Invoice dari Delta ke AOI, Penjelasan tertulis tanpa nomor tanggal 15 Februari 202..."
39,101743,PTYKK Zipco Indonesia,PUT-015235.15/2020/PP/M.XXB Tahun 2023,2015,-,-,transfer pricing,38,"9,14,15,17,19,20,21,26,31,32,44,47,49,67,69,79,80,95,100,103,107,109,120,124,125,133,141,142",28,151,...or PUT-015235.15/2020/PP/M.XXB Tahun 2023 PT YKK Zipco Indonesia. kelaziman transaksi rinciple) di Transfer Pricing &
40,101987,-,PUT-002319.15/2023/PP/M.IXA Tahun 2024 Salinan Putusan Pengadilan Pajak ini meru,-,Pajak Penghasilan,-,transfer pricing,8,"10,38,48,79,81,98,105,106",8,115,...mempertahankan koreksi atas biaya Management Support Service dikarenakan pemeriksa dari hasil uji Transfer Pricing diketahui Ng Pemohon Banding telah melaksanakan seluruh fungsi perusa Fullly Fledged dan telah me...
41,102038,-,PUT-010518.15/2022/PP/M.VIB Tahun 2024 DEMI KEADILAN BERDASARKAN KETUHANAN YANG ,2019,Pajak Penghasilan,-,transfer pricing,19,"14,15,33,34,35,56,57,75,76,78,82,87,91,115",14,128,"...ang lebih tinggi dibandingkan segmen pihak independen, 4. Pemohon Banding telah melakukan analisis transfer pricing untuk menguji kewajaran transaksi pihak afiliasi Pemohon Banding sesuai dengan peraturan perundang-..."
42,102109,-,-,2018,Pajak Penghasilan,-,transfer pricing,27,"8,9,10,11,15,27,28,39,40,41,44,47,48,50,61,63,67,68,69,79,81",21,95,"...saan terhadap transaksi Pemohon Banding dengan Rr pihak yang memiliki hubungan istimewa (transaksi Transfer Pricing). Di mana dalam proses pemeriksaan, Terbanding tidak melakukan analisa mendalam yang diperlukan te..."
43,102226,PT SUBUR ARUM MAKMUR,PUT-010963.15/2021/PP/M.XIVA Tahun 2024 DEMI KEADILAN BERDASARKAN KETUHANAN YANG,2018,Pajak Penghasilan,-,transfer pricing,11,"8,12,55,56,58,110,129,132,134",9,145,...di pembanding.” Pasal 2: (1) Peraturan Jenderal Pajak ini berlaku untuk Penentuan Harga Transfer (Transfer Pricing) atas transaksi yang dilakukan Wajib Pajak Dalam Negeri atau Bentuk Usaha Tetap di Indonesia dengan...
44,102248,-,PUT-0006883.15/2019/PP/M.XVA Tahun 2024 DEMI KEADILAN BERDASARKAN KETUHANAN YANG,2016,Pajak Penghasilan,Mengabulkan sebagian,transfer pricing,29,"12,13,16,17,19,20,34,36,41,51,68,69,71,73,78,82,93,95,98",19,108,".... Berdasarkan data laporan keuangan audit 2016 dan TP Documentation, Terbanding menyimpulkan bahwa transfer pricing risk di pos penjualan Halaman 12 dari 105» Putasan Nomor PUT1900688:15/2019/PP/M:XVA Tahun 2024 PT..."
45,102281,PT. Perdana Intisawit Perkasa,PUT-004806.15/2021/PP/M.XIIA Tahun 2024 DEMI KEADILAN BERDASARKAN KETUHANAN YANG,2016,Pajak Penghasilan,-,transfer pricing,16,"10,30,31,36,48,114,121,125,127,128,129,130,163",13,173,"...ihak Penjual dalam hal ini adalah Pemohon Banding, bahwa Pemohon Banding telah memberikan dokumen “Transfer Pricing Dokumen yang disusun dengan mengacu""kepada tata cara penyusunan Transfer Pricing Document yakni pri..."
46,102327,PT KAWATA INDONESIA,PUT-008994.15/2022/PP/M.XVIA Tahun 2024 DEMI KEADILAN BERDASARKAN KETUHANAN YANG,2019,Pajak Penghasilan,-,transfer pricing,18,"5,22,23,24,26,31,36,40,43,44",10,53,"...D 6.576 USD 6.576 Da masih harus / USD 0 USD 29.158 USD 29.158 Koreksi atas Penghasilan Bruto atas Transfer Pricing Dokumen sebesar USD160,083.00 Menurut Terbanding: bahwa koreksi Terbanding sebesar USD160,083.00..."
47,102333,PT. DARMEX BIOFUELS,PUT-010309.15/2021/PP/M.XIIB Tahun 2024 DEMI KEADILAN BERDASARKAN KETUHANAN YANG,2018,Pajak Penghasilan,-,transfer pricing,2,"92,96",2,115,...ra lain diatur: “(1) Peraturan.Direktur Jenderal Pajak ini berlaku untuk Penentuan Harga Transfer (Transfer Pricing) atas transaksi yang dilakukan Wajib Pajak Dalam Negeri atau Bentuk Usaha Tetap di Indonesia dengan...
48,102334,PT BENTOEL PRIMA,PUT-010451.15/2021/PP/M.XIIIA Tahun 2024 DEMI KEADILAN BERDASARKAN KETUHANAN YAN,-,Pajak Penghasilan,Mengabulkan sebagian,transfer pricing,20,"7,20,21,40,47,50,51,62,64,69,72,73,92,104,105,120",16,137,...nding dengan pihak Terbanding untuk beberapa hal sebagai berikut: » Terkait dengan pemilihan Metode Transfer Pricing bahwa terkait dengan pemilihan metode Transfer Pricing atas transaksi Pemohon Banding dengan pihak...
49,102374,-,-,2017,Pajak Penghasilan,-,transfer pricing,3,"9,12,38",3,89,...hin the country. NO d. bahwa pada Chapter I The Arm's Length Principle Paragraf 1.131 dari et OECD Transfer Pricing Guidelines for Multinational Enterpri ad Tax Administration July 2017 menyatakan bahwa: “& rategie...
50,102503,PT JORONG BARUTAMA GRESTON,PUT-006166.15/2022/PP/M.IIIB Tahun 2024,2019,Pajak Penghasilan,-,transfer pricing,12,"8,12,13,32,35,50,54,76,77",9,87,"...a yang diserahkan, bahwa dasar alokasi yang tidak tepat akan berpengaruh pada kewajaran harga. OECD Transfer Pricing Guidelines paragraf 7.35 mengatur bahwa “..it may be inappropriate to apply the mark-up achieved in..."
51,102538,PT. Sumitronics Indonesia,PUT-013292.15/2022/PP/M.VB Tahun 2024 DEMI KEADILAN BERDASARKAN KETUHANAN YANG M,2019,Pajak Penghasilan,Mengabulkan seluruhnya,transfer pricing,12,"21,22,23,25,34,36,41,44",8,48,...istimewa saja seperti yang diasumsikan oleh Terbanding: C. Pemohon Banding telah membuat dokumen Transfer Pricing untuk . Membuktikan bahwa transaksi tersebut telah dilakukan dengan harga wajar bahwa dalam menen...
52,102549,PT. Nagase Impor-Ekspor Indonesia,PUT-014428.15/2022/PP/M.IA Tahun 2024 DEMI KEADILAN BERDASARKAN KETUHANAN YANG M,2019,Pajak Penghasilan,Mengabulkan sebagian,transfer pricing,36,"11,12,14,15,16,24,27,29,31,33,46,47,49,50,51,54,56,59,64,70,72,73,77,78,82,86",26,91,"...afiliasi $1.483.188 Kurs KMK 31 Maret 2020 Rp15.780 Objek PPh Pasal 26 sehubungan dengan koreksi Transfer Pricing Rp23.404.701.804 2. Kemudian. dalam Surat Pemberitahuan Hasil Keberatan, Terbanding menyampaikan a..."
53,102610,PT KIRANA WINDU,-,-,Pajak Penghasilan,-,transfer pricing,4,"19,72,100,101",4,195,...Naga the most appropriate transfer tea the circumstances of a partic CUP method would general 4 AA transfer pricing method “d the arm's length price for the Disclaimer ' Salinan Putusan Pengadilan Pajak ini meru ak...
54,102629,PT Wanasari Nusantara,PUT-009335.16/2022/PP/M.VB Tahun 2024 PT Wanasari Nusantara,-,PPN,-,transfer pricing,1,35,1,41,"...gement (M) SDN BHD menjadi Southern Acids Cronos. Resource SDN BHD tertanggal 13 September 2018, . Transfer Pricing Documentation Local File tahun 2019, . Invoice-danibukti bayar atas jasa dari luar daerah pabean:..."
55,102630,PT Wanasari Nusantara,PUT-009336.16/2022/PP/M.VB Tahun 2024 PT Wanasari Nusantara,-,PPN,Mengabulkan seluruhnya,transfer pricing,1,35,1,41,...ement (M) SDN BHD menjadi Southern Acids Cronos. Resource: SDN BHD tertanggal 13 September 2018: . Transfer Pricing Documentation Local File tahun 2019: - Invoice.dan.bukti bayar atas jasa dari luar daerah pabean:...
56,102632,-,-,-,Pajak Penghasilan,-,transfer pricing,15,"9,13,14,33,37,38,41,42,50,76,78,80",12,87,...g diserahkan: G bahwa dasar alokasi yang tidak tepat akan berpengaruh pada kewajaran AN harga. OECD Transfer Pricing Guidelines paragraf 7.35 mengatur bah 1 “It may be inappropriate to apply the mark-up achieved in...
57,102656,PT MURINIWOOD INDAH INDUSTRY,PUT-012209.15/2022/PP/M.VA Tahun 2024 PT Muriniwood Indah Industry,2019,Pajak Penghasilan,Mengabulkan sebagian,transfer pricing,9,"8,11,30,55,56,60,64",7,78,...di pembanding. Pasal 2 (1) Peraturan Jenderal Pajak ini berlaku suntuk. Penentuan Harga Transfer (Transfer Pricing) atas transaksi yang dilakukan Wajib Pajak Dalam Negeri atau Bentuk Usaha Tetap di Indonesia dengan...
58,102701,-,PUT-013975.15/2022/PP/M.IA Tahun 2024 PT. Kondobo Textindo,2019,Pajak Penghasilan,-,transfer pricing,12,"31,36,37,45,55,57,59,68,69,71",10,79,"...san di atas el how yang kami berikan, tidak terdapat alasan yang cuku un PN untuk melakukan koreksi transfer pricing atas Peredaran esar USD 1.191.130. Oleh karena itu, Pemohon SE3 erharap ya Majelis Hakim Pengadilan..."
59,102841,PT EPSON INDONESIA,PUT-003638.15/2020/PP/M.XVIIIA Tahun 2024 DEMI KEADILAN BERDASARKAN KETUHANAN YA,2016,Pajak Penghasilan,-,transfer pricing,11,"14,22,25,26,27,28,50,53,89,94,97",11,115,"...ak membayar royalti atas penggunaan merek-dagang “EPSON” bahwa berdasarkan Paragraf 6.38 dari OECD Transfer Pricing Guidelines for Multinational Enterprise and Tax Administrations 2010 (“Pedoman TP OECD”), Pemohon B..."
60,102881,PT Universal Music Indonesia,Put-004256. 15/2022/PP/M.XIVB Tahun 2024 PT Universal Music Indonesia,2017,Pajak Penghasilan,-,transfer pricing,7,"67,71,78,79",4,82,"...MGRS dilakukan dengan mengurangi nilai pelunasan piutang dari UMGRS (net off): . Bahwa berdasarkan Transfer Pricing Documentation, pengungkapan penerapan prinsip kewajaran dan kelaziman usaha untuk penentuan harga t..."
61,102884,PT Universal Music Indonesia,PUT-005163.15/2022/PP/M.XIVB Tahun 2024,2018,Pajak Penghasilan,-,transfer pricing,6,"101,110,111",3,114,...ngambil nilai Rekening koran yang mewakili nilai net-off: Nilai biaya royalti yang «tercatat dalam Transfer Pricing Documentation hanya terbatas pada transaksi dengan pihak afiliasi. Bahwa atas nilai biaya royalti s...
62,102936,PT Atsumitec Indonesia,PUT-010401.15/2022/PP/M.XVIB Tahun 2024 DEMI KEADILAN BERDASARKAN KETUHANAN YANG,2019,Pajak Penghasilan,-,transfer pricing,1,57,1,90,...ukan pengujian manfaat ekonomis pembayaran royalti sebagaimana dapat dilihat pada halaman 25 dan 26 Transfer Pricing Documentation (TP Doc) Tahun 2019 Pemohon Banding; Tat)el 2.11 Penggunaan dan lihanfaat Lisensi Pat...
63,102938,PT INDONESIA TOYOBO FILM SOLUTIONS d.h. PT INDONESIA,PUT-010534.15/2019/PP/M.XVIA Tahun 2024 DEMI KEADILAN BERDASARKAN KETUHANAN YANG,2016,Pajak Penghasilan,-,transfer pricing,25,"5,6,8,12,13,14,16,19,21,24,34,35,38,40,42,56,66,67,68,69",20,96,"...rugian. Terbanding berpendapat transaksi. kontrak manufaktur menjual ke pihak afiliasi secara teori transfer pricing seharusnya mendapat keuntungan/marin tertentu diatas Total Cost (EBIT nya tidak minus/rugi), sehing..."
64,102973,-,PUT-012740.15/2022/PP/M.XVIA Tahun 2024 DEMI KEADILAN BERDASARKAN KETUHANAN YANG,2019,Pajak Penghasilan,Mengabulkan sebagian,transfer pricing,22,"17,20,25,70,72,73,75,78,83,112,117,118,119,122",14,143,"...gah (median/Q2) mu/I/.p/e year atas 11 (sebelas) perusahaan pembanding yang ada c]alam Local File - Transfer Pricing Documentation Pemohon Banding Tahun 2019 yaitu sebesar 15,95% dibandingkan dengan gross pror/.f Pem..."
65,102995,PT.TOKAI DHARMA INDONESIA,PUT-013715.15/2021/PP/M.XIIIB Tahun 2024 DEMI KEADILAN BERDASARKAN KETUHANAN YAN,2018,Pajak Penghasilan,Mengabulkan sebagian,transfer pricing,26,"7,9,11,12,14,26,30,32,43,44,45,46,52,55,56,60,71,74,89",19,101,"...ses pengujian atas kewajaran transaksi afiliasi sebagaimana tertuang dalam Kertas Kerja Pemeriksaan Transfer Pricing sesuai PER-22/PJ/2013, 4. bahwa Penolakan perusahaan Pemohon Banding karena terdapat perbedaan uku..."
66,103083,-,PUT-002256.15/2020/PP/M.XXB Tahun 2022 PT. Jababeka Infrastruktur,-,-,Mengabulkan seluruhnya,transfer pricing,2,"29,30",2,59,"...al 2 ayat (1), bahwa Peraturan Direktur Jenderal Pajak ini berlaku untuk Penentuan Harga Transfer (Transfer Pricing) atas transaksi yang dilakukan Wajib Pajak Dalam Negeri atau Bentuk Usaha Tetap di Indonesia deng..."
67,103111,PT. ADITUNGGAL MAHAJAYA,-,2019,Pajak Penghasilan,-,transfer pricing,9,"8,16,17,30,36,42",6,58,"...an Putusan Pengadilan Pajak setpp.kemenkeu.go.id Banding telah sama-sama mendokumentasikan laporan Transfer Pricing Documentation dan melaporkannya pada 'SPT Tahunan PPh Badan tahun 2019. Sehingga pada dasarnya, ne..."
68,103215,PTs Kurabo Manunggal Textile Industries,PUT-009567.15/2021/PP/M.XXB Tahun 2024 DEMI.KEADILAN BERDASARKAN KETUHANAN YANG ,2018,Pajak Penghasilan,-,transfer pricing,17,"6,10,16,19,26,27,35,41,44,46,47,65,70,71",14,75,...Berlaku Terkait Transaksi Penjualan kepada Pihak Afiliasi 1. bahwa Pemohon Banding telah menyusun Transfer Pricing Documentation (“TP Doc”) sesuai dengan ketentuan dan peraturan perundang-undangan perpajakan yang b...
69,103222,PT. SIIX EMS INDONESIA,PUT-010803.15/2022/PP/M.XXA Tahun 2024 DEMI KEADILAN BERDASARKAN KETUHANAN YANG ,2019,Pajak Penghasilan,Mengabulkan seluruhnya,transfer pricing,13,"17,22,31,32,67,68,69,74,89,98,104,105,126",13,137,"...sal 2 ayat (1), bahwa Peraturan Direktur Jenderal Pajak ini berlaku untuk Penentuan Harga Transfer (Transfer Pricing) atas transaksi yang dilakukan Wajjb Pajak Dalam Negeri atau Bentuk Usaha Tetap di Indonesia dengan..."
70,103237,-,-,2018,-,-,transfer pricing,15,"9,11,30,35,36,40,43,47,54,64,65,71",12,75,"...“proses pemeriksaan, Pemohon Banding telah menyampaikan dokumen-dokumen yang relevan dengan koreksi Transfer Pricing kepada Terbanding. Oleh sebab itu, apabila Terbanding merasa terdapat informasi yang tidak tersedia..."
71,103284,-,-,-,Pajak Penghasilan,-,transfer pricing,20,"6,7,8,9,11,12,18,22,33,36,37,38,41",13,71,.... Koreksi positif transfer ing pan ekspor air pump sebesar Rp13.865. ae ON bahwa Te Na ukan koreksi transfer pricing atas penjualan air Ne n alasan sebagai berikut 9 tode yang dipilih adalah TNMM (Transactional Net...
72,103330,PT TOYO SEAL INDONESIA,PUT-011456.15/2022/PP/M. XVIB Tahun,2018,Pajak Penghasilan,Mengabulkan sebagian,transfer pricing,5,"46,64,65",3,115,"...erkait dengan pembuktian alasan keberatan Wajib Pajak, sebagaimana pada poin 8 surat ini: h. bahwa Transfer Pricing Documentations tahun buku 2018 (Dokumen Induk dan Dokumen Lokal), rincian transaksi dengan pihak af..."
73,103396,PT Kayung Agro Lestari,PUT-009281.15/2022/PP/M. XVIB Tahun 2024 DEMIKEADILAN BERDASARKAN KETUHANAN YANG,2019,Pajak Penghasilan,Mengabulkan sebagian,transfer pricing,3,"63,107,108",3,127,".../ANJ-KAL/2019, Amendment to Management and Technical Service Agreement No. 0709/FIN/ANJA-KAL/2019, Transfer Pricing Documentation Tahun 2019: Penjelasan.tertulis dengan surat tanpa nomor tanggal 1 Maret 2023: Bukti..."
74,103416,PT SANGO INDONESIA,PUT-009306.15/2022/PP/M.VIB Tahun 2024 DEMI KEADILAN BERDASARKAN KETUHANAN YANG ,2019,Pajak Penghasilan,-,transfer pricing,27,"13,15,18,19,32,35,42,43,48,74,82,94,97,108,109,114,146,148,150,151,163,165,171",23,196,...alam Produsen suku cadang otomotif: bahwa analisa industri yang Terbanding jelaskan dalam pengujian transfer pricing merupakan berdasarkan fakta-fakta dan kondisi ekonomi yang ada di Indonesia. Bahwa pertumbuhan ekon...
75,103449,PT Dompet Elektronik Indonesia,PUT-914198. 15/2022/PP/M.XVIB Tahun 2024 DEMI KEADILAN BERDASARKAN KETUHANAN YAN,2019,-,Mengabulkan sebagian,transfer pricing,11,"23,27,30,49,53,55,137,143",8,173,...a Cloud (Singapore) Private Limited sehubungan dengan pemberian jasa tersebut telah dimuat di dalam Transfer Pricing Documentation (“TPD”) yang telah dibuat oleh pihak independen. Mengacu kepada analisis yang telah-d...
76,103455,PT Perdana lntisawit Perkasa,PUT05196.15/2022/PP/M.XllA Tahun 2024 DEIvll KEADILAN BERDASARKAN KETUHANAN YANG,2019,Pajak Penghasilan,-,transfer pricing,7,"26,27,28,44,64,173",6,191,".... periakuan pengenaan Pajak Penghasilan final atau tidak final pada sektor usaha tertentu;"" 4) OECD Transfer pricing Guidelines for Multinational Enterprises A.43 External comparables and souroes Of information / Hal..."
77,103521,-,PUT-011273.15/2020/PP/M.VIA Tahun 2024 DEMI KEADILAN BERDASARKAN KETUHANAN YANG ,2017,Pajak Penghasilan,Mengabulkan seluruhnya,transfer pricing,32,"9,10,11,14,16,18,21,36,47,48,49,54,56,61,62,72,73,86,90,91",20,107,"bahwa Pemohon Banding dan Terbanding sama-sama telah sepakat bahwatidak terdapat perbedaan metode Transfer Pricing yang digunakan, sengketa adalah ada 3 hal: a. penjualan scrap menurut Terbanding adalah bukan se..."
78,103532,-,PUT-011996.15/2021/PP/M.VIA Tahun 2024 Salinan Putusan Pengadilan Pajak ini meru,2018,Pajak Penghasilan,-,transfer pricing,10,"7,9,28,39,48,49,56,60,62",9,78,"...signifikan. Risiko OS nga px risiko produksi juga minimal dan tidak ifik: UAN analisis FAR dalam Transfer Pricing ocumentation tersebut, karakteristik usaha menurut Pemohon 9) Banding adalah Toll Manufacturer, f)..."
79,103534,-,PUT-012423.15/2021/PP/M.IA Tahun 2024 A PT.Towers Watson Purbajaga,2018,Pajak Penghasilan,-,transfer pricing,11,"9,29,34,43,45,57,67,68",8,72,...ajukan Banding Rp 125.125.504 8 mM tersebut dibuat berdasarkan pengujian penentuan harga ansfe r (transfer pricing/TP) berdasarkan panduan Pedoman TP SN Organisation for Economic Co-operation and Development'OECD)...
80,103547,-,PUT-013124.15/2021/PP/M.IA Tahun 2024 N PT.Towers Watson Purbajaga,2016,Pajak Penghasilan,-,transfer pricing,15,"27,30,42,44,46,50,54,64,66,75",10,79,"...87 m huruf eriksa Tahun Pajak 2016 melalui media daring, Pemeriksa menyatakan bahwa dalam koreksi transfer pricing atas penyesuaian fiskal positif tahun pajak 2016 merupakan mirroring dari pemeriksaan terdahulu yai..."
81,103603,PT YAMAHA MUSIC MANUFACTURING ASIA,PUT-000613.15/2020/PP/M.IVA Tahun 2024 DEMI KEADILAN BERDASARKAN KETUHANAN YANG ,2016,Pajak Penghasilan,-,transfer pricing,20,"9,11,14,19,20,56,57,87,91,93,94,110,111,138",14,159,...utusan Pengadilan Pajak setpp.kemenkeu.go.id » PER-32/PJ/2011 e SE-50/PJ/2013 . Pasal 9 P3B » OECD Transfer Pricing Guidelines Menurut Terbanding bahwa Tim Peneliti Keberatan tetap mempertahankan koreksi pemeriksa...
82,103647,PTs.ECCO TANNERY INDONESIA,PUT-005693.15/2022/PP/M.IIIA Tahun 2024 DEMI KEADILAN BERDASARKAN KETUHANAN YANG,2019,Pajak Penghasilan,Mengabulkan sebagian,transfer pricing,31,"6,9,14,15,31,33,34,48,53,56,58,61,77,80,85,86,103,106",18,120,...an dengan Pemilihan Perusahaan Pembanding oleh Terbanding » bahwa Pemohon Banding telah menyiapkan Transfer Pricing Documentations (“TP Docs”) sesuai dengan prosedur dan ketentuan peraturan perundang-undangan perpaj...
83,103657,PT DAMI MAS SEJAHTERA,PUT-007426.15/2022/PP/M.VB Tahun 2024 DEMI KEADILAN BERDASARKAN KETUHANAN YANG M,2019,Pajak Penghasilan,-,transfer pricing,5,"10,30",2,34,"...timewa, yang juga digunakan oleh Terbanding, disebutkan sebagai berikut: Bab 11 Tahapan Pemeriksaan Transfer Pricing 8. Tahapan Pelaksanaan Pemeriksaan 2. Memilih Metode Transfer Pricing bahwa jelas ketentuan tersebu..."
84,103660,-,-,2016,Pajak Penghasilan,-,transfer pricing,3,"71,105",2,139,...yang dibayar atas pinjaman yang diterima Bank. N Pp » | 1.1.2.5. Biaya Dana Kewajiban Antar Kantor/Transfer Pricing Yang dimaksud dengan biaya dana kewajiban antar kantor/transfer pricing adalah biaya bunga atas da...
85,103697,PT SRIWIJAYA ALAM SEGAR,PUT-000032.15/2023/PP/M.XVIA Tahun 2024 DEMI KEADILAN BERDASARKAN KETUHANAN YANG,2017,Pajak Penghasilan,Mengabulkan seluruhnya,transfer pricing,7,"7,9,15,28,39,43",6,51,"...erdasarkan BAPK yang telah dilakukan sebanyak dua kali pada visit ke lokasi pabrik serta mencermati Transfer Pricing Documentation Pemohon Banding, Pemilik Brand “Mie Sedap” adalah WingssFood, dimana resiko untuk me..."
86,103700,PT.SRIWIJAYA ALAM SEGAR,PUT-000033.15/2023/PP/M.XVIA Tahun 2024 DEMI KEADILAN BERDASARKAN KETUHANAN YANG,2018,Pajak Penghasilan,-,transfer pricing,7,"6,8,14,26,38,42",6,50,"...dasarkan BAPK yang telah dilakukan sebanyak dua kali pada visit ke lokasi pabrik serta mencermati Transfer Pricing Documentation'Pemohon Banding: - Pemilik Brand “Mie Sedaap'adalah Wings Food, dimana resiko untuk..."
87,103709,PT . Louis Vuitton Indonesia,PUT-000556.15/2023/PP/M.VB Tahun 2024 PT Louis Vuitton Indonesia,2019,Pajak Penghasilan,Mengabulkan seluruhnya,transfer pricing,26,"12,14,16,17,19,20,30,32,33,39,42,43,44,45,46,47",16,53,"...cing Pemohon Banding untuk mengetahui kewajaran dan kelaziman usahanya, . hasil pengujian dokumen transfer pricing adalah sebagai berikut: 1)penentuan-harga transfer menggunakan Metode Harga Penjualan Kembali (Re..."
88,103868,PT WILMAR CHEMICAL INDONESIA,PUT-010774.15/2022/PP/M.VA Tahun 2024 DEMI KEADILAN BERDASARKAN KETUHANAN YANG M,2019,Pajak Penghasilan,-,transfer pricing,24,"5,13,14,16,18,23,24,33,34,35,37,38,39,41,47",15,50,"...2, pada pokoknya mengemukakan hal-hal sebagai berikut: 1. Koreksi Penyesuaian Fiskal Positif atas Transfer Pricing atas transaksi yang terkait hubungan istimewa sebesar USD10,089,651 Menurut Terbanding: bahwa dari..."
89,103872,PT JJ Lapp Cable Indonesia,PUT-011232.15/2022/PP/M.XVA Tahun 2024 DEMi KEADiLAN BERDASARKAN KETUHANAN yANG ,2019,Pajak Penghasilan,-,transfer pricing,8,"15,16,18,19,20,46",6,54,"...o saham Pemohon Banding; bahwa sesuai dengan Organization for Economic Co-operation and Development Transfer Pricing Guidelines tahun 2010 (OECD TP Guidelines 2010) Paragraf 7.2, yang Pemohon Banding kutip tidak seca..."
90,103935,PT Nippon Steel Trading Indonesia,PUT-011088.15/2022/PP/M.XVA Tahun 2024 DEMI KEADILAN BERDASARKAN KETUHANAN YANG ,2019,Pajak Penghasilan,Mengabulkan seluruhnya,transfer pricing,40,"9,10,11,13,18,19,20,30,31,32,33,35,39,51,52,53,54",17,60,"...dapat koreksi Transfer“Pricing sebesar USD942.219,00 yang berdasarkan penelitian, penggunaan metode Transfer Pricing dengan Resale Price Method (RPM)lebih tepat digunakan terhadap Pemohon Banding: Menurut.Pemohon Ban..."
91,103940,PT. Hitachi Astemo Bekasi Auto Parts,PUT-012756.15/2022/PP/M.XVA Tahun 2024 DEMI KEADILAN BERDASARKAN KETUHANAN YANG ,2019,-,-,transfer pricing,14,"15,37,39,55,56,59,89",7,94,"...tarif royalti lisensi. Bahkan, berdasarkan Pedoman OECD 2017 paragraf 6.32, dinyatakan bahwa: “In transfer pricing cases involving intangibles, the determination of the entity or entities within an MNE group which..."
92,103982,BUT MITSul & CO. LTD.,PUT-010427.15/2022/PP/M.VA Tahun 2024 DEMI KEADILAN BERDASARKAN KETUHANAN YANG M,2016,Pajak Penghasilan,-,transfer pricing,8,"37,38,48,53,57,70,71",7,96,"...memiliki akses terdekat dengan pasar potensial yang terbesar. (Darussalam, Danny S, dan 8 Bawono K, Transfer Pricing, Ide, Strategi, dan Panduan Praktis dalam Perspektif Pajak lnternasional, 2013, hal 465); (f). berd..."
93,104150,PT SARI ENESIS INDAH,PUT-010887.15/2022/PP/M.XVIA Tahun 2024 DEMI KEADILAN BERDASARKAN KETUHANAN YANG,2019,Pajak Penghasilan,Mengabulkan sebagian,transfer pricing,1,50,1,98,"...22 yaitu berupa: Company Profile, Laporan Keuangan Audited, SPT Tahunan PPh Badan Tahun Pajak 2019, Transfer Pricing Document Tahun 2019, Akta Halaman 50 dari 98 halaman, Putusan Nomor PUT-010887/15/2022/PP/M.XVIA T..."
94,104239,PT SURA INDAH WOOD INDUSTRIES,PUT-009475.15/2021/PP/M.VIA Tahun 2024,2018,Pajak Penghasilan,-,transfer pricing,10,"16,31,89,90",4,102,"...kan karena Pemohon Banding melakukan transaksi penjualan ekspor ke pihak afiliasi, sehingga koreksi transfer pricing diatribusikan untuk pengujian kewajaran penjualan ekspor. 3. bahwa pengujian berdasarkan ekualisasi..."
95,104241,PT KRAMA YUDHA RATU MOTOR,PUT-009825.15/2019fl3P/M.XA Tahun 2024 DEMI KEADILAN BERDASARRAN KETUHANAN YANG ,2016,Pajak Penghasilan,Mengabulkan sebagian,transfer pricing,19,"10,11,13,14,36,38,40,59,61,64,66",11,70,...sebut; d) bahwa Pemohon Banding telah melakukan pengujian Transfer Pricing dalam bentuk Dokumentasi Transfer Pricing atas transaksi- transaksi dengan pihak afiliasi termasuk transaksi jasa manajemen tersebut. Berdasa...
96,104304,-,PUT-000765.15/2023/PP/M.XIVA Tahun 2024 PT Musi Hutan Persada Ta,2019,Pajak Penghasilan,-,transfer pricing,19,"5,6,15,22,23,29,33,34,42,43,44,47,53,60",14,74,...uaian Fiskal Positif dengan rincian sebagai berikut: & Koreksi Fiskal Positif atas Biaya Usaha (Non Transfer Pricingl Teyoaol — 1e6g41| oo coggagl — cong99 253AM| 515616 b Koreksi Fiskal Positif atas Peredaran Usaha...
97,104542,-,PUT-013878.15/2022/PP/M.VIA Tahun 2024 Salinan Putusan Pengadilan Pajak ini meru,2018,Pajak Penghasilan,-,transfer pricing,65,"7,16,18,28,30,32,33,34,44,46,47,48,53,54,60,63,65,77,79,80,93,95,96,98,99,101,102,103,104,113,115,117,126,130,132,135,137,149",38,157,"...i isu pasar tersebut dengan dokumen n n : (ena telah melaksanakan tahapan pelaksanaan pemeriksaan transfer pricing yang terdiri dari menentukan karakteristik usaha Pemohon n Pemohon Banding membuat Banding, memil..."
98,104692,PT Glostar Indonesia,PUT-003315.15/2023/PP/M.XVIB Tahun 2024 DEMI KEADILAN BERDASARKAN KETUHANAN YANG,2020,-,-,transfer pricing,19,"10,19,21,25,44,47,61,71,72,78",10,88,...esar USD 1.545.718 tersebut pada hakikatnya timbul karena alasan sebagai berikut: a) bahwa analisis transfer pricing yang dilakukan oleh pemohon Banding dalam Dokumen Lokal Pemohon Banding untuk Tahun Pajak 2020 tela...
99,104774,PT PHILIP Suro RNA INTERNASIONAL SERVICE CENTER,PUT-007015.15/2022/PP/M.IIIA Tahun 2024 Salinan Putusan Pengadilan Pajak ini mer,-,Pajak Penghasilan,-,transfer pricing,25,"12,21,25,26,48,66,67,69,74,83,84,86,87,88,99,101,110,117,120",19,138,...aimana telah beberap: hd terakhir kali dengan UU Cipta Kerja - PER: b. Pp -50/PJ/2013 NM -“— OECD Transfer Pricing Guidelines Xe Surat Direktur Pemeriksaan dan Penagihan Nomor S-153/PJ.04/2010 tanggal 31 Maret 201...
100,104801,PT FUMAKILLA NOMOS,-,-,Pajak Penghasilan,Mengabulkan sebagian,transfer pricing,3,"29,51,74",3,200,"...dan Tahun Pajak 2018 beserta Bukti Pelaporan Elektronik, . Laporan Keuangan Audit Tahun 2018, N c. Transfer Pricing Documentation Tahun 20 NP d. GL Balance Statement (BS) 201 ah Statement (IS) 2018: Ng e. Rincian Ko..."
101,104996,PT Saka Energi Indonesia,PUT-016491.15/2020/PP/M.IB Tahun 2024 DEMI KEADILAN BERDASARKAN KETUHANAN YANG M,2015,Pajak Penghasilan,Mengabulkan sebagian,transfer pricing,1,121,1,163,...UU PPh seharusnya Terbanding juga melakukan analisa kewajaran dan kelaziman usaha melalui mekanisme Transfer Pricing untuk menguji kewajaran dan kelaziman atas transaksi pembiayaan Pemohon Banding tersebut dengan tet...
102,105046,PT.. BRENNTAG,PUT-00841 8.15/2021/PP/M.XVB Tahun 2024 DEMI KEADILAN BERDASARKAN KETUHANAN YANG,2018,PPN,Mengabulkan seluruhnya,transfer pricing,2,82,1,89,"...tan/kondisi prinsip kewajaran dan kelaziman usaha sesuai dengan peraturan penentuan harga transfer (transfer pricing) yang berlaku, — Jasa intra-grup yang disediakan oleh pihak afiliasi bukan merupakan bagian dari k..."
103,105049,PT PURATOS INDONESIA,PUT-009581.15/2022/PP/M.XIIB Tahun 2024 DEMI KEADILAN BERDASARKAN KETUHANAN YANG,2018,Pajak Penghasilan,-,transfer pricing,15,"8,43,65,66,68,69,70,71,91",9,102,"...kait pembelian dari afiliasi: 1. Koreksi Rp 1.713.131.782,- merupakan koreksi berdasarkan pengujian transfer pricing yang diatribusikan pada pembelian dari afiliasi luar negeri, 2. Terbanding menggunakan rasio Averag..."
104,105084,PT. DAYA LABUHAN INDAH,PUT-002358.15/2023/PP/M.XIB Tahun 2024 DEMI KEADILAN BERDASARKAN KETUHANAN YANG ,2017,Pajak Penghasilan,-,transfer pricing,34,"12,15,16,20,25,36,50,58,69,81,83,84,88,89,99,103",16,120,Salinan Putusan Pengadilan Pajak setpp.kemenkeu.go.id pada perusahaan yang melakukan Transfer Pricing akan tereleminasi dengan bertambahnya pajak pada perusahaan-perusahaan aflliasi lawan transaksiny...
105,105116,PT NISSAN MOTOR DISTRIBUTOR INDONESIA,PUT-001944.15/2023/PP/M.XVIIIA Tahun 2024 DEMI KEADILAN BERDASARKAN KETUHANAN YA,2019,Pajak Penghasilan,Mengabulkan sebagian,transfer pricing,25,"6,8,9,10,11,13,15,16,18,19,25,28,29,30,42,43,53,65,72,73",20,78,"...an banding atas koreksi Penyesuaian Fiskal Positif sebesar Rp620.939.434.610,00 terkait pengujian Transfer Pricing, A. bahwa Kerugian Bukan Akibat Transaksi Dengan Pihak Yang Memiliki Hubungan Istimewa, bahwa Terb..."
106,105133,PT AGUAFARM NUSANTARA,PUT-002891.15/2023/PP/M.XXA Tahun 2024 DEMI KEADILAN BERDASARKAN KETUHANAN YANG ,2019,Pajak Penghasilan,-,transfer pricing,25,"8,12,15,16,19,25,26,28,30,32,33,41,42,50",14,64,1. Menurut Terbanding a. Koreksi transfer pricing atas peredaran usaha sebesar USD 18.983.498 bahwa Terbanding melakukan koreksi #ransfer pricing Pe...
107,105253,PT SORINI TOWA BERLIAN CORPORINDO,PUT-008359.15/2022/PP/M.XIIA Tahun 2024 DEMI KEADILAN BERDASARKAN KETUHANAN YANG,2016,Pajak Penghasilan,-,transfer pricing,86,"21,22,24,26,28,29,31,33,34,39,40,62,65,66,67,68,69,76,80,84,87,94,96,101,102,105,106,110,111,116,117,144,149,153,155,157,158,159,160,161,162,163,164,167,168,169,170,171,173,175,184,191,192",53,196,...dan supply chain dari produk ini tidak dipertimbangkan.oleh Terbanding saat mengaplikasikan metode transfer pricing pada koreksi mereka: bahwa perbedaan volume produk yang dijual jelas mempenganhi negosiasi harga j...
108,105275,PT.TIRTA SARI SURYA,PUT-010161.15/2021/PP/M.XVB Tahun 2024 DEMI KEADILAN BERDASARKAN KETUHANAN YANG ,2018,-,-,transfer pricing,2,"13,14",2,92,"...7 Paragraf 2.18, sebagai berikut: Paragraf 2.18: “.. CUP method would generally.be.an. appropriate transfer pricing method for establishing the-arm's length price for the transfer of commodities between 'associated..."
109,105293,PT CILIANDRA PERKASA,PUT-011700.15/2022/PP/M.XIIB Tahun 2024 PT CILIANDRA PERKASA,2019,Pajak Penghasilan,Mengabulkan sebagian,transfer pricing,4,"25,45,46",3,60,"...: Fotokopi Technical Assistance Report Semester I dan II PT Ciliandra Perkasa Tahun 2019, Fotokopi Transfer Pricing Documentation Financial Year ended 31 December 2017 Module T-1: Provision of Technical Assistance..."
110,105309,PT Vale Indonesia Tbk,PUT-013629.15/2020/PP/M.XVA Tahun 2024 Salinan Putusan Pengadilan Pajak ini meru,2017,-,-,transfer pricing,7,"15,16,20,22,23,53,63",7,81,...si yang ih dalam mengikuti kaidah dan prinsip arm's length dimana hal ini dibuktikan dengan studi transfer pricing yang menyatakan bahwa transaksi terse Na batasan wajar atau dengan kata lain masih tergol ns. arm'...
111,105361,PT BEHN MEYER CHEMICALS,PUT-012195.15/2021/PP/M.IB,2018,Pajak Penghasilan,Mengabulkan sebagian,transfer pricing,1,31,1,93,"...Order, Bukti Pembayaran, - Perhitungan Kerugian Selisih Kurs Transaksi SWAP Tahun 2016 — 2020, - Transfer Pricing Documentation Tahun 2018, - Agreement transaksi hedging dengan pihak Bank “UOB, HSBC, dan Danamon,..."
112,105369,PT Kyosha Indonesia,PUT-000394.15/2020/PP/M.XVIB Tahun 2022 DEMI KEADILAN BERDASARKAN KETUHANAN YANG,2016,Pajak Penghasilan,-,transfer pricing,5,"18,19,55",3,105,"...pada transaksi bergek fe hnical assistance fee dengan menggunakan pe Gw e og 3 Paragraph 3.9 OECD Transfer Pricing Guidelines SEN “Ideally, in order to arrive at the most precise approximation of a i a kensaltasb..."
113,105453,-,-,2019,Pajak Penghasilan,-,transfer pricing,4,"11,43,53,61",4,66,"...tas 4/6 yang berada dalam rentang profitabilitas yang wajar. - Selain itu, berdasarkan Dokumentasi Transfer Pricing untuk tahun yang berakhir pada tanggal 31 Desember 2019, secara khusus butir 5.1.1 dan 5.1.3 menyat..."
114,105463,-,PUT-010245.15/2022/PP/M.XIVB Tahun 2024 PENGADILAN PAJAK N R,2019,PPN,-,transfer pricing,136,"6,7,8,9,10,12,13,14,15,16,21,40,41,44,45,82,84,87,88,90,91,93,97,98,100,102,103,104,106,107,108,120,121,140,141,147,149,150,152,156,157,158,159,163,165,166,168,169,173,174,185,186,188,194,195,201,202,203,205,206,207,210,211,213,214,219,221,223,235,236,237,240,242,243,244,247,248,249,250,253",80,258,...253 Penyesuain fiskal positif lainnya F a. Biaya Usaha (144.179.535) b. Koreksi biaya berdasarkan Transfer Pricing 82.155.621.950 Sub Total 82.011.442.415 | Jumlah 82.321.011.668 1. Koreksi atas selisih amortisasi...
115,105468,PT JJ-LAPP Cable Indonesia,PUT-011528.15/2021/PP/M.XVA Tahun 2024 DEIVII KEADILAN BERDASARKAN KETUHANAN YAN,2018,Pajak Penghasilan,-,transfer pricing,3,"74,88,120",3,124,...1 I Pasal 2 ayat (1 ) Peraturan Direkfur Jenderal Pajak ini berlaku untuk Penentuan Harga Transfer (Transfer Pricing) atas transaksi yang dilakukan Wajib Pajak Dalam Negeri atau Bentuk Usaha Tetap di Indonesia dengan...
116,105487,-,-,2018,Pajak Penghasilan,-,transfer pricing,38,"15,18,20,22,23,27,33,34,41,43,44,45,60,61,73,75,78,80,81,85,91,97,100,109,113,114,120,123,126,131",30,140,"...b: “DX epat dalam memahami kegiatan operasional Pemoho erbanding tidak tepat dalam pemilihan metode transfer pricing, Ae 3. Metode Laba Bersih Transaksional (“TNMM”) merupakan metode yang paling sesuai dan paling t..."
117,105490,-,-,2019,Pajak Penghasilan,-,transfer pricing,5,"13,14,26,36",4,49,"...imer Salinan Putusan Pengadilan Pajak setpp.kemenkeu.go.id filiasi, yang berarti bahwa penyusunan Transfer Pricing ocumentation harus berdasarkan ex ante, sedangkan NIA pemeriksa menggunakan perhitungan berdasark..."
118,105506,-,-,-,Pajak Penghasilan,-,transfer pricing,4,"11,14,15,70",4,77,"...n Pajak setpp.kemenkeu.go.id istimewa. Dalam proses pemeriksaan, Pemohon Banding telah "" yerahkan “Transfer Pricing Report"" yang disusun oleh GNV / onsulting - Moore Stephens, Pp DN Cc. bahwa dalam melakukan penguji..."
119,105520,-,PUT-002703.15/2023/PP/M.XIA Tahun 2024,2020,Pajak Penghasilan,-,transfer pricing,8,"13,14,15,16,22,23,25",7,85,"...2”) Pasal 2 ayat (1), Peraturan Direktur Jenderal Pajak ini berlaku untuk Penentuan Harga Transfer (Transfer Pricing) atas transaksi yang dilakukan Wajib Pajak Dalam Negeri atau Bentuk “Usaha Tetap di Indonesia denga..."
120,105610,PT SOLENIS TECHNOLOGIES INDONESIA,PUT-008626.15/2020/PP/M.XVIA Tahun 2023 DEMI KEADILAN BERDASARKAN KETUHANAN YANG,2016,Pajak Penghasilan,-,transfer pricing,2,"43,46",2,52,...aya-biaya jasa yang dibebankan oleh Pemohon Banding telah diverifikasi dan dilaporkan dalam Dokumen Transfer Pricing; 3. bahwa biaya-biaya j.asa yang dibebankan oleh pemohon Banding memiliki manfaat yang penting untu...
121,105615,-,-,-,Pajak Penghasilan,-,transfer pricing,6,"44,45,49,59,63,64",6,90,...ch differ from tho. d be made between independent enterprises): bahwa sebagai panduan Atas k-aspek transfer pricing untuk perusahaan yang kata an paten yang diakui oleh banyak negara di dunia sea nfer tan Guidelin...
122,105623,PT PACIFIC INDOPALM INDUSTRIES,PUT-011064. HAN AN aer PT Pasific Indopalm Industries,-,-,-,transfer pricing,3,"15,41",2,50,"...a sebagai »3 asilan kena pajak dalam SPT PPh Badan PT Pacific Indomas, P par berdasarkan peraturan transfer pricing yang berlaku, antara lain PER-22/PJ/2013 (“PER-22”) dan surat peredaran SE-50/PJ/20 pan -50”) yang..."
123,105643,PT-..SUBUR ARUM MAKMUR,PUT-011650.15/2022/PP/M.XIVA Tahun 2024 DEMI KEADILAN BERDASARKAN KETUHANAN YANG,2019,Pajak Penghasilan,-,transfer pricing,15,"7,10,31,32,37,53,55,64,65,93,97,103,106,108",14,138,...menjadi pembanding.” Pasal 2: “(1) Peraturan Jenderal Pajak ini berlaku untuk au Harga Transfer (Transfer Pricing) atas transaksi y: Wajib Pajak Dalam Negeri atau Bentuk.Us naa Indonesia dengan Wajib Pajak Luar 1...
124,105649,PT DUTABANGUN TRANSABADI,PUT-011905.15/2022/PP/M.XIIB Tahun 2024 PT DUTABANGUN TRANSABADI,2019,-,-,transfer pricing,6,"12,21,24,26",4,43,"...000.000,00 Ypa erbanding melakukan koreksi atas Peredaran Usaha dengan lasan berdasarkan pengujian transfer pricing, Wajib Pajak tidak L penyewaan truk kepada pihak afiliasi. Bahwa atas nilai transaksi b sewa kepad..."
125,105831,PT .CHAMPION KURNIA DJAJA TECHNOLOGIES,PUT-004961.15/2022/PP/M.VIA Tahun 2023 DEMI KEADILAN BERDASARKAN KETUHANAN YANG ,2018,Pajak Penghasilan,-,transfer pricing,4,"19,27,28",3,55,"...hal adanya perubahan nama Ecolab SG 2 Pte Ltd menjadi Ecolab Asia Pacific Pte. Ltd.: b. Dokumen Transfer Pricing PT Champion Kumia Djaja Technologies, Bagian ""5. Aset Tidak Berwujud"" halaman 38 - 43), “ Sebagaima..."
126,105851,PT-BALI.. GIRIKENCANA,PUT-007262.15/2020/PP/M.VIIIB Tahun 2024 DEMI KEADILAN BERDASARKAN KETUHANAN YAN,2014,Pajak Penghasilan,Mengabulkan sebagian,transfer pricing,6,"9,12,21,22,34",5,54,"....id a) Pasal 18 ayat (1) UU Pajak Penghasilan, b) Pasal 18 ayat.(3) UU Pajak Penghasilan, c) OECD Transfer Pricing Guidelines, d) Peraturan Direktur Jenderal Pajak Nomor PER-22/PJ/2013: e) Surat Edaran Direktur J..."
127,105929,PT KENCANA AMAL TANI,PUT-011750.15/2022/PP/M.VIA Tahun 2024 DEMI KEADILAN BERDASARKAN KETUHANAN YANG ,2019,Pajak Penghasilan,-,transfer pricing,25,"7,12,19,21,22,26,27,28,76,93,96,97,100,104,109,120,121,125,146,208",20,235,"...imewa sudah menerapkan prinsip kewajaran dan kelaziman usaha (Armm's Length Principle) berdasarkan Transfer Pricing Documentation (TP:Doc) yang telah diserahkan, 2. bahwa dalam TP Doc tersebut dijelaskan 'bahwa me..."
128,105966,PT GUNZE SOCKS INDONESIA,PUT-013482.15/2022/PP/M.VIA Tahun 2024 DEMI KEADILAN BERDASARKAN KETUHANAN YANG ,2019,Pajak Penghasilan,-,transfer pricing,10,"7,11,23,26,27,30,46,48",8,60,"...sis Fungsi (Function, Asset, And Risk Analysis): Karakteristik Usaha Wajib Pajak: . Memilih Metode Transfer Pricing, DS Dp IPO so . Pemilihan Metode Transfer Pricing, i. Analisis Kesebandingan: j. Penentuan Harga..."
129,105973,-,-,2019,Pajak Penghasilan,-,transfer pricing,17,"6,26,50,51,52,59,60,64,67,74,75,79",12,82,"...dan fungsi seta data tersebut tidak ditemukan pada database pencarian Pemeriksa, e. Sesuai dokumen Transfer Pricing Wajib Pajak, Pemeriksa menguji kewajaran dan kelaziman usaha Wajib Pajak dengan menggunakan tingk..."
130,106010,PT «BENTOEL “INTERNASIONAL INVESTAMA,PUT-014519.15/2020/PP/M.VIA Tahun 2023 DEMI KEADILAN BERDASARKAN KETUHANAN YANG ,2017,-,Mengabulkan sebagian,transfer pricing,53,"7,9,14,19,36,37,39,44,45,46,48,49,54,55,62,67,72,81,86,90,101,104,117,118,119,140,142,147,148,150",30,163,...(3) UU PPh - PER-43/PJ/2010 s.d.t.d PER-32/PJ/2011 - PER-22/PJ/2013 - SE-60/PJ/2013 -m OECD Transfer Pricing Guidelines for Multinational Enterprises and Tax Administrations Juli 2017: Menurut Pemohon Bandin...
131,106157,PT Steel Center Indonesia,PUT-000326.15/2023/PP/M.IA Tahun 2024 PT Steel Center Indonesia,2020,Pajak Penghasilan,-,transfer pricing,18,"14,27,30,31,48,50,63,78,79,80,93,99,100",13,105,...adilan Pajak KK N m1) AA Banding: Ui bahwa pada dasarnya Pemohon Banding dan Terbanding ga metode transfer pricing dan profit level indicator yan yaitu Transactional Net Margin Method (“TNMW”) ma Dn Mark ((NCPW”)...
132,106158,PT “SUPER STEEL KARAWANG,PUT-000353.15/2022/PP/M.IIIB Tahun 2024 DEMI KEADILAN BERDASARKAN KETUHANAN YANG,2018,Pajak Penghasilan,-,transfer pricing,70,"8,11,18,27,28,29,30,31,32,39,44,45,47,48,49,50,51,52,54,55,56,58,64,74,76,77,78,79,81,87,88,89,90,92,99,100,101,102,104,118,120,121,127,128",44,134,...esebandingan sendiri dengan menggunakan pendekatan yang berbeda dengan analisis kesebandingan dalam Transfer Pricing Documentation (Dokumen Lokal) Tahun Pajak 2018 Pemohon Banding: bahwa perbedaan pendekatan yang dig...
133,106159,PT TT METALS'INDONESIA,PUT-000357.15/2022/PP/M.IIIB Tahun 2024 DEMI KEADILAN BERDASARKAN KETUHANAN YANG,2018,Pajak Penghasilan,-,transfer pricing,47,"9,11,14,15,21,23,24,31,32,42,43,45,46,47,52,54,55,58,61,62,69,74,77,83,84",25,88,"...,697.00 | 189,447,157.00 3,922,460.00 . Menurut Terbanding Terbanding melakukan analisis terhadap Transfer Pricing Documentation Pemohon Banding yang telah disampaikan kepada Terbanding'dengan kesimpulan sebagai be..."
134,106206,PT ISK INDONESIA,PUT-002591.15/2023/PP/M.VB Tahun 2024 DEMI KEADILAN BERDASARKAN KETUHANAN YANG M,2019,Pajak Penghasilan,-,transfer pricing,3,"38,39",2,43,"...banding atas Biaya Royalti kepada pihak afiliasi dilakukan-berdasarkan peraturan perpajakan terkait transfer pricing sehingga menurut Pengadilan Pajak, Terbanding seharusnya secara komprehensif melaksanakan seluruh p..."
135,106211,-,PUT-003100.15/2021/PP/M.IVA Tahun 2024,2015,Pajak Penghasilan,-,transfer pricing,7,"9,24,40,44,45",5,51,"...k-up yang wajar berada dalam rentang kuartil 1 dan kuartil 3, yaitu 2,48”o sampai 12,72Yo. Dokumen Transfer Pricing tersebut telah pemohon banding sampaikan dalam proses pemeriksaan: bahwa selain itu, Terbanding ti..."
136,106217,-,PUT-004789.15/2022/PP/M.VB Tahun 2024 PT ISK Indonesia,2018,Pajak Penghasilan,-,transfer pricing,4,"36,37,41",3,45,"...ang dicatat pada akun 759A-Management Expenses, dilakukan berdasarkan peraturan perpajakan terkait transfer pricing sehingga menurut Pengadilan Pajak, Terbanding seharusnya secara NP MP koreksi Terbanding atas Bia..."
137,106218,-,-,2017,Pajak Penghasilan,-,transfer pricing,1,10,1,62,...akukan dalam memilih perusahaa SN Hal ini juga konsisten dengan bagian D1 (p Naga 1.63) dari OECD Transfer Pricing Guidelines r ti nal Enterprises and Tax Administrations yang terbit pada b Juli 2017 (“Pedoman OEC...
138,106254,-,-,-,Pajak Penghasilan,-,transfer pricing,9,"7,8,40,42",4,57,"...egara dapat dihilangkan/ditiadakan, karena Pp berkurangnya pajak pada Perusahaan yang melakukan N transfer pricing akan tereliminasi dengan bertambahnya Ae pajak pada Perusahaan perusahaan afiliasi lawan transaks..."
139,106272,PT Steel Center Indonesia,PUT-009937.15/2022/PP/M.IA Tahun 2024 DEMI KEADILAN BERDASARKAN KETUHANAN YANG M,2019,Pajak Penghasilan,-,transfer pricing,40,"8,19,26,31,52,56,59,60,61,63,65,66,68,85,86,87,88,104,132,133,134,136,149,156",24,178,"...tentuan perpajakan yang berlaku): bahwa pada dasarnya Pemohon Banding dan Terbanding m soul metode transfer pricing dan profit level indicator A yaitu Transactional Net Margin Method (“TNMM”) dan t Plus Mark (""NCPM..."
140,106292,-,-,-,Pajak Penghasilan,-,transfer pricing,6,"5,6,7",3,71,...ksi ON yang dilakukan dengan perusahaan afiliasi di luar negeri. LN apabila benar terdapatiterjadi transfer pricing dalam transak: g dilakukan dengan perusahaan afiliasi di dalam ne e arnya potensi kerugian Negara...
141,106313,PT-ARISU.GRAPHIC PRIMA,PUT-013122.15/2022/PP/M.INA Tahun 2024 DEMI KEADILAN BERDASARKAN KETUHANAN YANG ,2019,Pajak Penghasilan,Mengabulkan sebagian,transfer pricing,5,"16,54,56,74,115",5,176,...ana telah beberapa kali diubah terakhir dengan UU Cipta Kerja PER-22/PJ/2013 SE-50/PJ/2013 OECD Transfer Pricing Guidelines Surat Direktur Pemeriksaan dan Penagihan Nomor S- 153/PJ.04/2010 tanggal 31 Maret 2010...
142,106341,PT MONDELEZ INDONESIA,PUT-013611.15/2022/PP/M.IVA Tahun 2024 DEMI KEADILAN BERDASARKAN KETUHANAN YANG ,2019,Pajak Penghasilan,Mengabulkan sebagian,transfer pricing,32,"8,10,11,13,15,18,23,24,25,45,47,54,55,57,59,70,71,88,89,90,92,94",22,102,"Salinan Putusan Pengadilan Pajak setpp.kemenkeu.go.id bahwa hasil pengujian dokumen transfer pricing adalah sebagai berikut: e bahwa ""atas data pembanding, delapan perusahaan (AGS Corporation, Career..."
143,106352,-,-,2018,Pajak Penghasilan,-,transfer pricing,15,"17,18,19,20,41,42,43,61,62,63,76",11,99,"...Terbanding tidak memiliki wewenang n kan koreksi, kecuali Terbanding dapat membuktikan melalui MA transfer pricing bahwa biaya tersebut di luar batas kewajaran, bahwa Penjelasan Pasal 6 ayat (1) Undang-Undang Nomor..."
144,106431,PT. YAKULT INDONESIA PERSADA,PUT-004450.15/2023/PP/M.VIB Tahun 2024 DEMI KEADILAN BERDASARKAN KETUHANAN YANG ,2016,Pajak Penghasilan,Mengabulkan seluruhnya,transfer pricing,22,"21,24,41,44,64,65,66,73,131,132,133,137",12,142,"...nsip kewajaran dan kelaziman usaha (arm's length principle). Hal ini dibuktikan melalui Dokumentasi Transfer Pricing yang telah Pemohon Halaman 21 dari 142 halaman,Putusan Nomor PUT004450.1512023lpp/M.VIB Tahun 2024..."
145,106503,-,-,-,Pajak Penghasilan,-,transfer pricing,10,"9,15,16,17,18",5,20,...laimer Salinan Putusan Pengadilan Pajak setpp.kemenkeu.go.id b. hasil pengujian dengan pendekatan Transfer Pricing disimpulkan bahwa penggu Aeon TNNM yang dilaksanakan oleh Pemohon Banding lam Ia t penjualan kepad...
146,106515,PT DENSO SALES INDONESIA,PUT-000311.15/2019/PP/M.VIIIA Tahun 2024 DEMI KEADILAN BERDASARKAN KETUHANAN YAN,2015,Pajak Penghasilan,-,transfer pricing,31,"7,8,9,12,13,19,23,32,36,39,45,46,47,50,51,52,63,64,65,75,79",21,91,...mpertimbangkan Data Pembanding yang Digunakan oleh Pemohon Banding pada saat Penyusunan Dokumentasi Transfer Pricing bahwa Terbanding menggunakan data pembanding baru pada saat proses pemeriksaan yaitu ORBIS dengan d...
147,106610,PT. Hanes Supply Chain Indonesia,-,2019,Pajak Penghasilan,-,transfer pricing,23,"7,11,12,17,18,29,30,31,32,36,37,43,44",13,50,"...nal Net Margin Method (TNMM) merupakan metode yang paling tidak sensitif dibandingkan dengan metode transfer pricing lainnya, misalnya dalam hal metode Comparable Uncontrolled Price/CUP. Hal ini terutama terjadi dala..."
148,106747,PT TELAGA MAS MULIA,PUT-002633.15/2023/PP/M.XVIIIA Tahun 2024 DEMI KEADILAN BERDASARKAN KETUHANAN YA,2017,Pajak Penghasilan,-,transfer pricing,21,"6,10,11,12,15,18,19,20,21,40,42,44,71,75,91,93,95",17,103,"...”) 5. OECD TP Guidelines yang diterbitkan pada bulan Juli tahun 1995, dan kemudian diperbarui-OECD Transfer Pricing Guidelines for Multinational Enterprises-and Tax Administrations 2017 (selanjutnya disebut sebagai..."
149,106750,PT NIKOMAS-GEMILANG,PUT-004472.15/2022/PP/M.XIB Tahun 2024 DEMI KEADILAN BERDASARKAN KETUHANAN YANG ,2017,Pajak Penghasilan,-,transfer pricing,7,"33,44,54,74,90,111",6,123,"...erhadap Wajib Pajak Yang Mempunyai Hubungan Istimewa (“PER-22”), Bab 2, Butir B, “Tahap Pemeriksaan Transfer Pricing”, yang menyatakan bahwa: “Dalam pelaksanaan pemeriksaan transfer pricing, Pemeriksa Pajak perlu mem..."
150,106765,PT SANKEI GOHSYU INDUSTRIES,PUT-013400.15/2022/PP/M.XVIIIA Tahun 2024 DEMI KEADILAN BERDASARKAN KETUHANAN YA,2019,Pajak Penghasilan,-,transfer pricing,6,92,1,105,"...unyai Hubungan Istimewa (PER-22/PJ/2013) antara lain mengatur: Lampiran Bab II: TAHAPAN PEMERIKSAAN TRANSFER PRICING A. Tahapan Persiapan Pemeriksaan Transfer Pricing Dalam Pemeriksaan transfer pricing, tahapan per..."
151,106803,PT SANGO INDONESIA,PUT-005092.15/2023/PP/M.VIB Tahun 2024 DEMI KEADILAN BERDASARKAN KETUHANAN YANG ,2020,Pajak Penghasilan,-,transfer pricing,16,"24,33,46,71,73,74,98,137,148,160",10,182,...wajaran dan kelaziman usaha pada transaksi afilaisi seharusnya dilakukan dengan. menggunakan metode transfer pricing lainnya yang paling sesuai dengan fakta dan kondisi » bahwa berdasarkan data dan fakta serta keten...
152,106816,PT SUMITOMO ELECTRIC WINTEC INDONESIA,PUT-014270.15/2021/PP/M.VIA Tahun 2024 DEMI KEADILAN BERDASARKAN KETUHANAN YANG ,2018,Pajak Penghasilan,-,transfer pricing,6,"13,14,18,19,27,29",6,45,"...aitan dengan biaya royalti: d. bahwa putusan banding atas pemeriksaan tahun 2014 membahas atribusi transfer pricing, bukan biaya terkait biaya royalti: e. bahwa tahapan pengujian sesuai PER-32/PJ/2011 jo. SE-50/PJ/..."
153,106817,PT NSK BEARINGS MANUFACTURING INDONESIA,PUT-014450.15/2022/PP/M-VIB Tahun 2024 DEMI KEADILAN BERDASARKAN KETUHANAN YANG ,2019,-,-,transfer pricing,9,"11,16,27,30,33,85,95,98,101",9,124,"...022. Cc. Pemohon Banding memberikan dokumen berupa perjanjian royalti, dokumen merk ""NSK”, dokumen Transfer Pricing, general ledger. Peraturan Terkait Undang-Undang Nomor 7 Tahun 1983 tentang Pajak Penghasilan seb..."
154,106828,-,-,2019,Pajak Penghasilan,-,transfer pricing,30,"6,11,12,14,17,21,22,25,39,41,44,46,51,54,55,64,69,74,79,83,90,98,100,106",24,114,"...mbanding Kewajaran 03/2016 dengan kstermal yang digunakan oleh Pemohon Banding dalam pengujian p transfer pricing di dokumen lokal, b. bahwa dalam Dokumen Lokal dinyatakan bahwa transaksi intragrup PT Inabata deng..."
155,106855,-,-,2019,-,-,transfer pricing,10,"24,25,40,69,73,74,77,100",8,126,"...aan dan data dari Pemohon “3 maka Tim Peneliti berpendapat bahwa: AN a) bahwa berdasarkan dokumen transfer pricing Pemohon NS p Tahun 2019, Nomor O-009/GTSC/21/TD tanggal -N are Pemohon Banding melakukan transaksi..."
156,106856,-,PUT-006762.15/2023/PP/M.IXA Tahun 2024 PT MTAT Indonesia,2020,-,-,transfer pricing,7,"53,57,65,69,70,72,73",7,79,...n Banding juga telah melakukan pengujian manfaat efit test) sebagaimana diuraikan pada halaman 24 Transfer Pricing menggunakan dan menerima manfaat atas informasi tekni how yang diberikan oleh Tsuda dan La PP ura...
157,106914,PT AL FEED INDONESIA,PUT-003036.15/2023/PP/M.IXA Tahun 2024 DEMI KEADILAN BERDASARKAN KETUHANAN YANG ,2019,Pajak Penghasilan,-,transfer pricing,16,"15,24,39,40,44,49,57,68,69,71,73,74,80,81,85",15,88,"...ih sederhana dan tidak memiliki unigue/intangible property."" bahwa hal ini juga didukung oleh OECD Transfer Pricing Guidelines for Multinational Enterprises and Tax Administrations 2017 (“Pedoman OECD"") Paragraf 2.6..."
158,106925,PT DIPO STAR FINANCE,PUT-904214.15/2022/PP/M.VIA Tahun 2024 DEMI KEADILAN BERDASARKAN KETUHANAN YANG ,2016,Pajak Penghasilan,Menolak,transfer pricing,25,"6,8,9,12,14,17,34,36,37,39,42,43,51,55,57,75,76,99,112",19,116,"...wa koreksi Terbanding juga dilakukan karena Pengertian Financial Guarantee sebagaimana dimuat dalam Transfer Pricing Guidance on Financial Transactions: INCLUSIVE FRAMEWORK ON BEPS ACTIONS 4,8- 10 adalah: ""10.155. ,..."
159,106926,-,PUT-004779.15/2023/PP/M.IXA Tahun 2024 DEMI Pt ERDASARKAN KETUHANAN YANG MAHA ES,2020,-,-,transfer pricing,18,"13,14,19,20,23,43,55,56,60,61,71,74,77,78",14,84,...kepada pemegang saham/pihak yang mempunyai h istimewa sehubungan dengan pekerjaan. bah Sea terkait Transfer Pricing: P 8 ayat (3) jo Pasal 4 jo Pasal 26 UU PPh (4) 4) UU PPh e PMK-213/PMK.03/2016 e PER-10/PJ/201...
160,106938,-,-,2017,Pajak Penghasilan,-,transfer pricing,8,"6,16,17,20,27,48,49",7,115,"...kan penyusunan Dokumentasi ada, seperti : i-bukti pembukuan yang ada menunjukkan Harga Transfer (Transfer Pricing Documentation) secara prudent dengan menggunakan 6 data pembanding ekstemal berdasar database OSIRI..."
161,106946,PT NISSIN FOODS INDONESIA,PUT-012744 .15/2020/PP/M.XA Tahun 2024 DEMI KEADILAN BERDASARKAN KETUHANAN YANG ,2017,Pajak Penghasilan,Mengabulkan sebagian,transfer pricing,31,"10,11,12,14,16,22,36,38,68,69,70,71,73,87,89,95,106,107,109,135,147,148",22,166,"...gan alasan: 1. bahwa nilai OM Wajar sebesar 3,95 sebagai data pembanding yang diperoleh dari hasil Transfer Pricing Documentation oleh Pemohon Banding tersebut telah melalui proses analisis kesebandingan (comparabil..."
162,106971,-,-,-,Pajak Penghasilan,-,transfer pricing,6,"39,40,45,46,71",5,77,...Terhadap Wajib Pajak yang Mempunyai Hubungan Istimewa (PER-22/PJ/2013) BAB II Tahapan Pemeriksaan Transfer Pricing B. Tahapan Pelaksanaan Pemeriksaan 3. Menerapkan Prinsip Kewajaran dan Kelaziman Usaha d. Primary...
163,107052,-,-,2019,Pajak Penghasilan,Mengabulkan sebagian,transfer pricing,16,"13,14,18,27,29,31,38,45,54,56,64,65,126",13,148,"...ebesar Rp53.089.258.518,00 tersebut dengan alasan sebagai berikut: |. Penjelasan Pemenuhan Dokumen Transfer Pricing Documentation (TP Doc) - Pemohon Banding menyampaikan dokumen TP Doc kepada Pemeriksa melalui ema..."
164,107264,PT Merck Sharp & Dohme Indonesia,PUT-011117.15/2022/PP,2019,Pajak Penghasilan,Mengabulkan sebagian,transfer pricing,9,"4,9,10,13,39,40,45",7,70,...ak yang memiliki hubungan istimewa sebagaimana tertuang dalam dokumentasi penentuan harga transfer ITransfer Pricing a Halaman 4 dari 70 halaman. Putusan Nomor PUT-011117.1512022lppIM.XIVB Tahun 2024 PT Merck Sharp &...
165,107265,PT Merck Sharp & Dohme Indonesia,PUT-011118.15/2022/Ppm.XIVBTahun2024,2017,Pajak Penghasilan,Menolak,transfer pricing,25,"5,8,13,14,24,25,33,42,47,48,49,50,51,56",14,75,...hak yang memiriki hubunga istimewa sebagaimana tertuang dalam dekumentasi penentuan harga transfer ITransfer Pricing Documentatiorv TP Doc) telah sesuai dengan ketentuan dalam PER- 43/pjuni 0 jo pER€2/pjleoi 1 jo PMK...
166,107386,PT Victory Apparel Semarang,-,-,Pajak Penghasilan,Mengabulkan sebagian,transfer pricing,17,"9,69,132,143,144,145,146",7,171,"...a sebesar USD 4,717,432.11 bahwarkoreksi. Peredaran usaha berdasarkan pengujian transaksi afiliasi (Transfer Pricing) sebesar USD 4,717,432.11 dimana Pemeriksa melakukan koreksi dengan asumsi seolah-olah adanya penda..."
167,107460,-,Put-002454.15/2023/PP/M.XIVB Tahun 2024 bukti melakukan upaya hukum dan tidak al,2017,Pajak Penghasilan,-,transfer pricing,9,"16,73,78,103,137,167,178,181",8,215,"...hon Banding untuk meningkatkan analisis ""ke dingan telah sesuai dengan peraturan perpaj 1 dan OECD Transfer Pricing Guidelines Si ECD TP”) AA 3 yaa pada Bagian 10 dari Dokumen Lokal NA ha Banding untuk Tahun Pajak 2..."
168,107562,PT Fonterra Brands Indonesia,PUT-005667.15/2020/PP/M.XVA Tahun 2024 DEMI KEADILAN BERDASARKAN KETUHANAN YANG ,2017,Pajak Penghasilan,-,transfer pricing,18,"11,29,55,56,66,69,71,72,74,81,85,89,102,107",14,110,"...ing/repacking sebesar Rp19.688.913.919 dikoreksi oleh Terbanding karena berdasarkan penelitian pada""Transfer Pricing Documentation (TP Doc) disebutkan bahwa fungsi dari Pemohon Banding adalah Limited Risk Distributor..."
169,107617,PT QUIKSILVER INDONESIA,PUT-008203.15/2021/PP/M.XIB Tahun 2024 DEMI KEADILAN BERDASARKAN KETUHANAN YANG ,2017,Pajak Penghasilan,-,transfer pricing,3,"89,99",2,178,"...n yang disampaikan Pemohon Banding: • Service Agreement., • COD/SKD., • Buktj potong pph pasal26; • Transfer pricing Documentation; Hastil pemedksaan Determining wether the lntragroup services have been rendered, Pem..."
170,107643,PT Essence Indonesia,PUT-010452.15/2020/PP/M.XVA Tahun 2024 DEMI KEADILAN BERDASARKAN KETUHANAN YANG ,2017,Pajak Penghasilan,-,transfer pricing,11,"6,7,33,34,35,40",6,52,"...rga Transfer yang tepat ke dalam transaksi: Atas, hal ini, Terbanding melakukan penelitian terhadap Transfer PricingDocumentation yang diberikan oleh Pemohon Banding, bahwa berdasarkan pengujian Transfer Pricing Doc..."
171,107647,PT QUIKSILVER INDONESIA,PUT-011189.15ra022lppM.XIB Tahun 2024 PT Quiksilver Indonesia,2018,Pajak Penghasilan,Mengabulkan sebagian,transfer pricing,2,"46,52",2,81,...a yang diberikan akan disediakan oleh Quiksilver lnc atau afiliasinya; b) Bahwa berdasarkan dokumen Transfer Pricing tahun pajak 2018 jasa yang diterima oleh Pemohon Banding dari Quiksilver Wholesale US dan afiliasin...
172,107651,PT KANEFUSA INDONESIA,PUT-013710.15/2021/PP/M.XVB Tahun 2024 DEMI KEADILAN BERDASARKAN KETUHANAN YANG ,2013,Pajak Penghasilan,-,transfer pricing,13,"13,36,39,46,48,54,57,59,64,66,80,91,92",13,100,...roduk yang dikeluarkan Pemohon Banding tidak meningkatkan nilai harta tak berwujud Berdasarkan OECD Transfer Pricing Guidelines .for Multinational Enterprises and Tax Administrators Tahun: 2017 (“Pedoman OECD”) Parag...
173,107652,PT ROHM AND HAAS INDONESA,PUT-014152.15/2022/PP/M.XVIA Tahun 2024 DEMI KEADILAN BERDASARKAN KETUHANAN YANG,2019,Pajak Penghasilan,Mengabulkan sebagian,transfer pricing,21,"29,43,44,53,55,56,64,65,71,72,75,79,80,81,82",15,103,"...es of information that may not be disclosed.to the taxpayer. However, it would be unfair to apply a-transfer pricing method on the basis of such data unless the tax administration was able, within the limits of its d..."
174,107666,PT.TS Tech Indonesia,PUT-014478.15/2022/PP/M.XIVA Tahun 2024 PT TS Tech Indonesia,2016,Pajak Penghasilan,-,transfer pricing,3,"25,29",2,68,"...ing telah memaparkan, dungsi. yang dilakukan sebagai manufaktur berlisensi, “sesuai dengan laporan transfer pricing Halaman 25 dari 68 halaman Putusan Nomor PUT-014478.15/2022/PP/M.XIVA Tahun 2024 PT TS Tech Indone..."
175,107701,PT COVESTRO POLYMERS INDONESIA,PUT-000257.15/2023/PP/M.VA Tahun 2024 DEMI KEADILAN BERDASARKAN KETUHANAN YANG M,2019,Pajak Penghasilan,Mengabulkan seluruhnya,transfer pricing,14,"6,7,8,10,18,19,26,30,35,39,48",11,54,"...> Alasan Banding dan Jumlah Menurut pemohon Banding bahwa Pemohon Banding tidak setuju atas koreksi transfer pricing atas HPP sebesar Rp76.965.175.132,00 tersebut dengan alasan sebagai berikut: 1. Mengenai Metode Pen..."
176,107702,PT COVESTRO POLYIVIERS INDONESIA,PUT-000386.15/2022/PP/M.VA Tahun 2024 DEMI KEADILAN BERDASARKAN KETUHANAN YANG M,2018,Pajak Penghasilan,Mengabulkan sebagian,transfer pricing,6,"30,41,43,59,60,65",6,81,...n; f. Pemohon Banding juga menerima bantuan secara reguler untuk mengatasi masalah lT; - bahwa dari Transfer Pricing Documentation 2018 dapat diketahui Pemohon Banding tidak memi[iki divisi lT dalam struktur organisa...
177,107733,PT PULAU CEMPEDAK,PUT-012344.15/2022/PP/M.VA Tahun 2024 DEMI KEADILAN BERDASARKAN KETUHANAN YANG M,2017,Pajak Penghasilan,Mengabulkan seluruhnya,transfer pricing,7,"24,29,31,35,50,61",6,74,...kepada pihak afiliasi telah memenuhi prinsip kewajaran dan kelaziman usaha sesuai dengan peraturan Transfer Pricing yang berlaku di Indonesia; d. Biaya jasa manajemen yang dibayarkan Pemohon Banding sesuai dengan pr...
178,107901,PT TUNGGAL PERKASA PLANTATIONS,PUT-007818.16/2022/PP/M.IVA Tahun 2024 DEMI KEADILAN BERDASARKAN KETUHANAN YANG ,-,PPN,Menolak,transfer pricing,1,21,1,44,- Pemohon Banding telah menyampaikan data dokumen Transfer Pricing. - Pemohon Banding tidak konsisten terhadap penggunaan harga antara harga tender dengan harga yang...
179,107916,PT SYMRISE,PUT-003001.15/2021/PP/M.XVIA Tahun 2024 DEMI KEADILAN BERDASARKAN KETUHANAN YANG,2017,Pajak Penghasilan,-,transfer pricing,16,"20,52,56,57,58,63,66,70,74,78,82,88,92,93",14,97,"...aras dengan tahapan yang berlaku umum secara intemasional yaitu yang diatur dalam Paragraf 3.4 OECD Transfer Pricing Guidelines (""OECD Guideline§'), sebagaji berikut. Tahap 1 : Penentuan tahun yang dianalisis. Tahap..."
180,107941,-,PUT-006684.15/2021/PP/M. XVIA Tahun 2024 DEMI KEAD,2015,-,-,transfer pricing,21,"11,12,13,22,24,25,41,42,51,59",10,69,...nsaksi yang dilakukan dengan related party di luar negeri. Sedangkan apabila benar terdapat/teriadi transfer pricing dalam transaksi yang dilakukan dengan related party di dalam negeri pada dasamya potensi kerugian N...
181,107995,-,-,2017,Pajak Penghasilan,-,transfer pricing,7,"10,11,12,80,85",5,126,...ksi afiliasi yang dilakukan oleh PT Delimuda Perkasa telah sesuai dengan prinsip kewajaran dan kel transfer pricing di Indonesia (Arm's : bahwa hal ini Kara anfke uran Menteri Keuangan Republik Indonesia Nomor Na 6...
182,108014,PT.ARISU INDONESIA,PUT-013140.15/2022/PP/M.IIIA Tahun 2024 DEMI KEADILAN BERDASARKAN KETUHANAN YANG,2019,Pajak Penghasilan,-,transfer pricing,23,"17,18,19,20,25,45,46,47,78,79,81,82,87,98,125,126,127,128,130,133,134",21,148,Dasar koreksi: PER-32/PJ/2011 PER-22/PJ/2013 PMK nomor 22/PMK.03/2020 OECD Transfer Pricing Guidelines Pasal 9 ayat 1 Huruf f & Pasal 18 (3) UU PPh Pasal 6 ayat (1) dan 9 ayat (1) UU PPh Pas...
183,108028,PT AGRI EASTBORNEO KENCANA,PUT-009196.15/2022/PP/M.IVA Tahun 2024 DEMI KEADILAN BERDASARKAN KETUHANAN YANG ,2019,Pajak Penghasilan,Mengabulkan sebagian,transfer pricing,47,"9,10,12,23,25,26,36,46,47,53,56,59,62,63,67,68,69,70,71,72,73,75,77,82,86",25,99,"...terkait dengan hasil penelitian keberatan terhadap keberatan Pemohon Banding atas koreksi pengujian transfer pricing/Prinsip Kewajaran dan Kelaziman Usaha (PKKU), maka tim peneliti keberatan tetap mempertahankan kore..."
184,108030,PT DWIKARYA INDONESIA MANDIRI,PUT-000795.15/2021/M.IIIA Tahun 2023 PT. Dwikarya Indonesia Mandiri,2016,Pajak Penghasilan,Mengabulkan sebagian,transfer pricing,2,"41,113",2,176,"...unakan dasar hukum PMK.213/PMK.03/2016 yang tidak relevan karena peraturantersebut berkaitan dengan transfer pricing: he. bahwa atas pembelokkan dari uang jaminan menjadi hutang piutang tersebut, Pemeriksa tidak jel..."
185,108067,PT.MITSUI INDONESIA,PUT-015018.15/2021/PP/M.VA Tahun 2024 PT Mitsui Indonesia,2018,-,Mengabulkan seluruhnya,transfer pricing,24,"6,8,14,21,25,26,27,34,51,58,59,60,63,69,71,73,81,87,92,93",20,96,"...ai, 5) Analisis Fungsi, Aset, dan Risiko, 6) Karakteristik Usaha Wajib Pajak, b. Pemilihan Metode Transfer Pricing 1) Identifikasi Ketersediaan Pembanding: 2) Pemilihan Pihak yang Diuji dan Metode, c. Penerapan P..."
186,108111,PT MUSASHI AUTO PARTS INDONESIA,-,2016,-,-,transfer pricing,25,"13,17,19,20,21,90,121,159,166,169,172,173,220,225,226",15,247,Disclaimer Salinan Putusan Pengadilan Pajak setpp.kemenkeu.go.id a. Peraturan Transfer Pricing tidak melarang suatu Perusahaan membayar royalti kepada perusahaan Prinsipal afiliasi bahwa berda...
187,108112,PT BASF Care Chemicals Indonesia,PUT-001568.15/2024/PP /M.VB Tahun 2024 PT BASF Care Chemicals Indonesia aa,2019,Pajak Penghasilan,-,transfer pricing,30,"7,8,9,10,12,15,46,57,58,61,65,66,67,68,71,73",16,83,"...t Terbanding bahwa Terbanding melakukan koreksi positif pada peredaran usaha berdasarkan pengujian Transfer Pricing sebesar Rp63.455.707.546,00, b Halaman 7 dari 83 halaman. Putusan Nomor PUT-001568.15/2023/PP /M...."
188,108113,PT NUSA TOYOTETSU,PUT-000801.15/2023/PP/M.XIVA Tahun 2024 DEMI KEADILAN BERDASARKAN KETUHANAN YANG,2016,-,-,transfer pricing,3,"29,32,33",3,39,"...setuju dikoreksi, i N erta tanda terimanya tertanggal Bukti P-9 usa Toyotetsu Tahun 2016, Bukti “ Transfer Pricing Document PT Nusa Toyotetsu Tahun 2016: 1 Bukti P- Penjelasan Tertulis Pemohon Banding Nomor L- 23/..."
189,108115,-,PUT190225715/2023/PPIMXYA Tahiin 2024 bukti melakukan upaya hukum dan tidak untu,2019,Pajak Penghasilan,-,transfer pricing,2,"18,28",2,35,"...eriksaan dan penjelasan dari Dt 1) WN n Usaha sebesar Rp30.772.940.613,00:, gabus aa dari analisa transfer pricing pengujian kewajaran transaksi N epada pihak yang memiliki hubungan istimewa atas pos peredaran usah..."
190,108128,PT.AMCOR SPECIALTY CARTONS INDONESIA,PUT-004613.15/2022/PP/M.IIIA Tahun 2024 DEMI KEADILAN BERDASARKAN KETUHANAN YANG,2018,Pajak Penghasilan,-,transfer pricing,2,"52,74",2,83,"...pendukungnya: Bukti P-28. Rincian GL atas jumal management fee, Bukti P-29. Dokumen Intercompany Transfer Pricing.& Management Fees Policy Amcor Specialty Cartons beserta.terjemahan tersumpahnya, Bukti P-30. SPT..."
191,108129,PT Corteva Agriscience Manufacturing Indonesia,PUT-004795.15/2023/PP/M.XXA Tahun 2024 DEMI KEADILAN BERDASARKAN KETUHANAN YANG ,2016,Pajak Penghasilan,-,transfer pricing,4,"15,16,21,60",4,89,"...eneliti-sependapat dengan Terbanding dan menolak keberatan Pemohon Banding: Koreksi dari.pengujian Transfer Pricing: 1 2) bahwa berdasarkan Penelitian TP Document halaman 43 - 45, Fungsi, Aset dan Resiko (FAR) da..."
192,108155,-,-,2017,Pajak Penghasilan,-,transfer pricing,4,"88,146,147",3,156,...Pajak dapat menunjukkan dokumen yang menjadi dasar penerapan prinsip kewajaran dan kelaziman usaha (Transfer Pricing Documentation) maka permintaam.keterangan/bukti dapat disesuaikan dengan data dan informasi yang te...
193,108175,PT ALLIANCE ONE INDONESIA,PUT-013095.15/2022/PP/M.IIIA Tahun 2024 DEMI KEADILAN BERDASARKAN KETUHANAN YANG,2019,Pajak Penghasilan,-,transfer pricing,7,"28,44,47,51,80",5,137,"...secara individual mungkin tidak dapat dilakukan PER-22/PJ/2013 mengatur bahwa: Dalam Pemeriksaan transfer pricing, terdapat situasi-situasi dimana pengujian transaksi afiliasi secara gabungan -ebih. tepat. untuk d..."
194,108181,PT Roki Indonesia,PUT-014618.15/2020/PP/M.IVA Tahun 2024 DEMI KEADILAN BERDASARKAN KETUHANAN YANG ,2017,Pajak Penghasilan,Mengabulkan sebagian,transfer pricing,5,"31,32,55,69,70",5,122,"...PPh Badan Tahun Pajak 2017 .beserta lampiran- lampirannya, b. Laporan Keuangan Audit Tahun.2017: c. Transfer Pricing Documentation Tahun 2017, d. Generai Ledgerdan, Trial Balance beserta Chart of Account Tahun 2017,..."
195,108191,PT PIGEON INDONESIA,PUT-003143.15/2022/PP/M.XIVA Tahun 2024 DEMI KEADILAN BERDASARKAN KETUHANAN YANG,2019,-,-,transfer pricing,1,33,1,70,...asuk kegiatan pemasaran dan distribusi produk Pl juga dilakukan oleh pihak afiliasi; &) Berdasarkan Transfer Pricing Documentation 2019 (TP Doc) halaman 29 mengenai analisa fungsi R&D disebutkan bahwa Pl tidak melaku...
196,108205,PT TUNGGAL PER,PUT-007811.15/2022/PP/M.IVA Tahun 2024 PT Tunggal Perkasa plantations,2019,Pajak Penghasilan,Mengabulkan sebagian,transfer pricing,6,"16,19,81,96,111,132",6,176,...berikut: 1. bahwa Pemberian Jasa lntra Grup Merupakan Praktik Bisnis yang Umum Dilakukan dalam llmu Transfer Pricing; a. Penentuan Kewajaran Transaksi lntra-Group Service; b. Penentuan Harga atas Transaksi lntra-Grou...
197,108248,PT .Indonesia Toray Synthetics,PUT-007192.15/2022/PP/M.VB Tahun 2024 PT Indonesia Toray Synthetics,2016,Pajak Penghasilan,Mengabulkan seluruhnya,transfer pricing,35,"8,9,10,11,12,17,18,26,31,35,36,38,46,47,50,52,55,61,64,66,67,68,69",23,72,A. Mengenai Aspek Formal Koreksi bahwa Koreksi Transfer Pricing yang dilakukan oleh Terbanding tidak sesuai ketentuan mengenai tata cara pemeriksaan pajak sebagaim...
198,108252,PT AGRI EASTBORNEO KENCANA,PUT-009201.15/2022/PP/M.IVA Tahun 2024 DEMI KEADILAN BERDASARKAN KETUHANAN YANG ,2017,Pajak Penghasilan,-,transfer pricing,13,"13,17,41,44,54,59,60,61,63,68,72",11,92,"...wit Permai Lestari tersebut tidak sesuai dengan kegiatan usaha PT Sawit Permai Lestari berdasarkan Transfer Pricing Document Pemohon Banding: bahwa dari penelitian data SPT Tahunan Badan Tahun Pajak 2016 dan 2017,..."
199,108317,-,-,-,-,-,transfer pricing,4,"14,78,123",3,147,"...tas produksi yang belum maksimal: bahwa dalam peraturan perpajakan di Indonesia sehubungan dengan Transfer Pricing, jelas tertulis pada PE: “AN PER- 22) mengenai penyesuaian kesebandi Naa ejalan dengan panduan OEC..."
200,108486,PT MULTI BINTANG INDONESIA,PUT-005970.15/2022/PP/M.VIA Tahun 2024,2016,Pajak Penghasilan,-,transfer pricing,1,49,1,108,...Direktur Jenderal Pajak Nomor : SE- 50/PJ/2013 tanggal 24 Oktober 2013 BAB II Tahapan Pemeriksaan Transfer Pricing 3.d Transaksi Pembayaran Bunga Langkah-Langkah yang perlu dilakukan dalam menguji transaksi pemb...
201,108509,PT INDONESIA KOITO,PUT-010857.15/2021/PP/M,2018,Pajak Penghasilan,Mengabulkan sebagian,transfer pricing,35,"12,16,26,38,42,43,47,48,49,51,53,63,64,68,69,70,72,74",18,88,"...en TP yang komprehensif, hal “ini juga Pemohon Banding lakukan untuk memenuhi kewajiban.dokumentasi transfer pricing di Indonesia seperti yang diatur oleh PER-43“(sebagaimana diperbaharui dengan PER-32), bahwa sesuai..."
202,108514,PT MUSTIKA AGRO SARI,PUT-013210.15/2022/PP/M.XB Tahun 2024 DEMIKEADILAN BERDASARKAN KETUHANAN YANG MA,2019,Pajak Penghasilan,Mengabulkan sebagian,transfer pricing,2,"5,42",2,93,"...tas transaksi dengan afiliasi, 2. Pemohon Banding juga telah memberikan Master File dan Local File Transfer Pricing Document (TP Doc) kepada Terbanding yang menyatakan pengujian atas kewajaran dan kelaziman usaha tr..."
203,108592,-,-,2019,Pajak Penghasilan,-,transfer pricing,26,"6,7,8,9,15,19,20,25,29,42,57,59,81,91,93,95",16,112,"...stimewa (""PER-32/2011"") ""Pasal 2 (1)Peraturan Direktur Jenderal Pajak ini ber pad Harga Transfer (Transfer Pricing) atas tran n 3 Aya Wajib Pajak Dalam Negeri atau NX tuk daa di Indonesia dengan Wajib Pajak Luar p..."
204,108668,PT Sumitomo Construction Machinery Southeast Asia,PUT-010628.15/2020/PP/M.XVIA Tahun 2024 DEMI KEADILAN BERDASARKAN KETUHANAN YANG,2017,Pajak Penghasilan,-,transfer pricing,5,"13,16,17",3,53,...asi karakteristik transaksi afiliasi dan melakukan analisis fungsi. | e Tahap Kedua: Memilih Metode Transfer Pricing Tahapan kedua'pemilihan metode transfer pricing terdiri dari mengidentifikasi ketersediaan pemband...
205,108681,-,-,2019,Pajak Penghasilan,-,transfer pricing,4,"10,31,39",3,52,...n Peraturan DJP No. PER- 43/PJ/2010 sebagaimana telah diubah dengan PER-32/PJ/2011 (PER 43) jo OECD Transfer Pricing Guidelines Multinational Enterprises and Tax Administrations (OECD Guidelines). Pengujian dimaksud...
206,108686,PT Takeda Indonesia,PUT-001052.15/2021/PP/M.XIIA Tahun 2023 DEM,2017,Pajak Penghasilan,Mengabulkan sebagian,transfer pricing,1,79,1,99,"...saham) sebagai distributor utama dart Pemohon Banding, namun Pemohon Banding tidak membuat TP Doc (Transfer Pricing Documentation sesuai ketentuan a quo; Bahwa besamya biaya promosi dan pemasaran yang dapat dikurang..."
207,108700,PT Cisco Technologies Indonesia,PUT-004247.15/2023/PP/M.XVA Tahun 2024 I DEM,2020,Pajak Penghasilan,-,transfer pricing,7,"20,36,43,44,48",5,57,"bahwa Pemohon Banding telah menyampaikan dokumen-dokumen berupa Distributor Agreement, Transfer Pricing Documentation , Laporan LabalF`udil Segmentasi, invoice, dan dasar penagihan beserta seluruh perhit..."
208,108732,PT WANA JINGGA TIMUR,PUT-011142.15/2022/PP/M.XB Tahun 2024 DEMI KEADILAN BERDASARKAN KETUHANAN YANG M,2019,Pajak Penghasilan,Mengabulkan sebagian,transfer pricing,1,81,1,106,"...ketentuan yang ada; bahwa menurut Terbanding bahwa bahwa Pemohon Banding telah menyampaikan Dokumen Transfer Pricing kepada Terbanding pada proses keberatan dimana berdasarkan informasi tersebut, diketahui bahwa Doku..."
209,108737,PT MATTEL TRADING INDONESIA,puT-011764.15/2021/PP,2018,Pajak Penghasilan,-,transfer pricing,10,"15,45,46,50,56,58,103,108",8,116,"...erek dagangnya dimiliki oleh pihak lain; bahwa seperti yang dinyafakan dalam Paragraf 6.38 dad OECD Transfer Pricing Guidelines for Multinational Enterprises and Tax Adminishations (Pedoman OECD); ""ll\inere the distr..."
210,108740,PT TOYO SEAL INDONESIA,PUT-014650.15/2022/PP/M. XVIB Tahun 2024 DEMI KEADILAN BERDASARKAN KETUHANAN YAN,2019,Pajak Penghasilan,-,transfer pricing,2,"37,48",2,72,"...kan untuk menghasilkan nilai ekonomi yang signifikan dan mungkin perlu dipertimbangkan untuk fujuan transfer pricing., e. bahwa Wajib Pajak mempunyai perjanjian penggunaan aset tidak berwujud yang memuat syarat dan k..."
211,108754,PT SAF Indonusa,PUT-006251.15/2022/PP/M.IB Tahun 2024 DEMI KEADILAN BERDASARKAN KETUHANAN YANG M,2016,Pajak Penghasilan,-,transfer pricing,13,"13,51,60,73,79,80,90",7,98,...nding juga telah melakukan analisis P Disclaimer bukti melakukan upaya Fi Kr Ie bahwa: aa dan transfer pricing untuk membuktikan kewajaran transaksi biaya Technical Assistance Fee yang dituangkan melalui Trans...
212,108755,-,-,2018,Pajak Penghasilan,-,transfer pricing,33,"26,29,33,55,57,60,82,84,85,87,122,125,172,181,185,187,188,195,204,205,206,207,208,233",24,286,"...k sengketa yang diajukan oleh Pi Ma Banding adalah atas koreksi Peredaran Usaha berupa koreksi Mayo transfer pricing atas transaksi penjualan yaa alan Lokal CPO dan Penjualan Lokal Kernel sebesar Rp1 bahwa ME ""3 i..."
213,108790,-,PUT-005649.15/2020/PP/M.XVA Tahun 2024 Salinan Putusan Pengadilan Pajak ini meru,2017,Pajak Penghasilan,-,transfer pricing,8,"7,12,15,40,43,46,62,63",8,65,"...st Expense Interco 21,092,626,407 17,876,590,618 (3,216,035,789) Penyesuaian Fiskal Positif Koreksi Transfer Pricing 16,798,836,557 - 16,798,836,557 Koreksi Other Vehicle Expense 32,790,658 16,395,329 Total 16,831,62..."
214,108882,PT. Maruka Indonesia.,PUT-009103.15/2022/PP/M.XIVB Tahun 2024,2019,Pajak Penghasilan,-,transfer pricing,6,"9,24,33,39,43,84",6,92,"...nsaksi afiliasi yang diuji: Pedoman OECD paragraf 1.124 menyebutkan. bahwa “The structure that for transfer pricing .purposes, replaces that actually adopted by the taxpayers should comport as closely as possible wi..."
215,109004,PT LESTARI TANI TELADAN,PUT-009329.15/2020/PP/M.VllIA Tahun 2024 DEMI KEADILAN BERDASARKAN KETUHANAN YAN,2017,Pajak Penghasilan,Mengabulkan seluruhnya,transfer pricing,6,43,1,58,...inya penghindaran pajak; bahwa dalam Pasal 18 ayat (3) UU Pph aquo secara khusus mengatur ketentuan Transfer Pricing yang merupakan istilah umum untuk menjelaskan harga transfer pada transaksi antar lintas batas nega...
216,109046,PT BENTOEL PRIMA,puT-014440.15/2021/PP/M.XlllATahun2024 DEMI KEADIIAN BERDASARRAN KETUHANAN YANG ,2016,-,Mengabulkan sebagian,transfer pricing,2,"14,21",2,123,...ER-32: ``Pasal 2 (1) Peraturan Direktur Jenderal Paifak ini berlaku untuk Penentuan Harga Transfer ITransfer Pricing) alas transaksi yang dilakukan Wajib Pajak Dalam Negeri atau Bentuk Usaha Tetap di Indonesia dengan...
217,109104,PT. IDEMITSU LUBE INDONESIA,PUT-006728.15/2023/PP /M.VB Tahun 2024 PT Idemitsu Lube Indonesia,2020,Pajak Penghasilan,-,transfer pricing,13,"37,40,49,51,64,66,70",7,74,"Disclaimer Salinan Putusan Pengadilan Pajak setpp.kemenkeu.go.id Tahapan“.pelaksanaan Pemeriksaan transfer pricing terdiri dari 1. menentukan karakteristik usaha Wajib Pajak, 2. memilih metode transfer pricing, d..."
218,109261,-,PUT-003437.15/2023/PP/M.VB Tahun 2024 PT LANNA HARITA INDONESIA,2017,Pajak Penghasilan,-,transfer pricing,7,"23,27,29",3,33,"...penjualan tetapi tidak berbanding lurus engan harga jual batu bara, namun demikian untuk pengujian transfer pricing besarnya fee dihitung sebagai persentase dari penjualan karena tidakterdapat data pembanding yang s..."
219,109322,PT 01.220.300.6-308.000,PUT-009675.15/2021/PP/M.XVIA Tahun 2024 PT Remco /,2018,Pajak Penghasilan,-,transfer pricing,17,"12,16,24,28,35,36,37,41,48,54,57,69,73,77",14,104,"...t oleh karena itu Pemohon Banding memilih metode Comparable Uncontrolled Price / CUP dalam analisa Transfer Pricing. » Menurut Pemohon Banding, PT Remc ubber Indonesia adalah perusahaan Full Fledged Man Gi ini bisa..."
220,109370,-,PUT-012859.15/2022/PP/M.VB Tahun 2024 PT Mercedes-Benz Indonesia,2019,Pajak Penghasilan,-,transfer pricing,28,"5,6,7,8,10,13,16,20,25,26,28,30,33,36,39,40,41,43,44",19,47,...n Banding Sa Supaia W 8) ai rekel Penyesuaian Fiskal 138.197.407.020 138.197.407.020 Positif atas Transfer Pricing bahwa alasan yang mendasari banding atas koreksi yang diaj Ag tersebut di atas adalah sebagai beri...
221,109425,PT .REMCO RUBBER INDONESIA,PUT-007267.15/2021/PP/M.XVIA Tahun 2024 DEMI KEADILAN BERDASARKAN KETUHANAN YANG,2019,Pajak Penghasilan,-,transfer pricing,23,"9,11,18,20,24,32,41,43,46,51,54,59,63,66",14,88,"...ngenai penerapan metode CUP dalam transaksi penjualan barang komodclitas juga dijelaskan dalam OECD Transfer Pricing Guidelines paragraf 2.18 yang berbunyi: ""Subject to the guidance in paragraph 2.2 for selecting th..."
222,109490,-,-,2019,-,-,transfer pricing,8,"28,30,39,44,46,68,70",7,85,"...i fungsi tersebut akan menerima remunerasi atau margin yang lebih tinggi, mengingat dalam guideline transfer pricing OECD sendiri menyatakan dimana fungsi dan risiko yang lebih kompleks akan mengkompensasi biaya-bia..."
223,109638,PT BAMBANG DJAJA,PUT-011743.15/2022/PP/M.IIA Tahun 2024 DEMI KEADILAN BERDASARKAN KETUHANAN YANG ,2019,Pajak Penghasilan,Mengabulkan sebagian,transfer pricing,24,"7,8,21,24,25,46,51,52,54,55,59",11,80,"...an segmentasi yang dilakukan oleh Tim Pemeriksa adalah tidak tepat, karena tidak sesuai dengan OECD Transfer Pricing guideline maupun fakta-fakta dari fungsi yang dilakukan oleh B&D. 2. Laporan Keuangan B&D yang tel..."
224,109689,PT Niro Ceramic Nasional Indonesia,PUT-005662.15/2022/PP/M.IIIB Tahun 2024 DEMI KEADILAN BERDASARKAN KETUHANAN YANG,2015,Pajak Penghasilan,-,transfer pricing,1,53,1,57,"...n PPh Badan PT Niro Ceramic Nasional Indonesia tahun pajak 2019 beserta lampirannya: "" Dokumentasi Transfer Pricing Pemohon Banding tahun pajak 2019 Nomor TERY-204876 tanggal 24 April 2020, » Perjanjian Penetapan H..."
225,109703,PT Intiguna Primatama,-,2020,Pajak Penghasilan,-,transfer pricing,1,26,1,56,"...ng mempunyai hubungan istimewa tersebut, pemeriksa melakukan pengujian dengan mengg S1 pendekatan Transfer Pricing, meliputi transaksi ekspor, ala transaksi jasa intra group, dan biaya bunga pinja Kp) en kesimpula..."
226,109877,PT ACER INDONESIA,-,2019,Pajak Penghasilan,-,transfer pricing,11,"69,70,110,137,138,147",6,165,...njelasan di atas juga telah didukung oleh beberapa literatur sebagai berikut: e Paragraf 3.76 OECD Transfer Pricing Guidelines 2017: “In order to obtain a complete understanding of the facts and circumstances surro...
227,109963,-,-,2017,-,-,transfer pricing,20,"10,22,34,71,82,95,97,107,168,169,176",11,185,...l 2 PER-32 g p menyatakan: N 41) Peraturan Direktur Jenderal Pajak ini berl. ntuan Harga Transfer (transfer pricing) K3 ang dilakukan Wajib Pajak Dalam Negeri tu ha Tetap di Indonesia dengan Wajib Paja AN — Disclai...
228,110022,PT KIMBERLY-CLARK INDONESIA,PUT-008384.15/2023/PP/M.VIA Tahun 2024 DEMI KEADILAN BERDASARKAN KETUHANAN YANG ,2020,Pajak Penghasilan,-,transfer pricing,7,"20,23,26,41,42",5,47,"...Budi Siswojo, 3) SPT Tahunan PPh Badan tahun 2020, 4) Laporan Keuangan (Audited) tahun 2020, 5) Transfer Pricing Documentation tahun 2020, 6) Perjanjian dengan Kimbery-Clark Commercial, Inc. terkait “License and..."
229,110065,-,-,2019,-,-,transfer pricing,2,"33,62",2,68,...nding metode harga transfer yang digunakan adalah ajikan pada Dokumen Lokal berdasarkan kebijakan transfer pricing group usaha. Dalam kebijakan tersebut penyedia jasa diharapkan untuk menanggung biaya penuh ditamba...
230,110134,PT SAKURA JAVA INDONESIA,PUT-009553.15/2023/PP/M.IXA Tahun 2024 DEMI.KEADILAN BERDASARKAN KETUHANAN YANG ,2020,Pajak Penghasilan,Mengabulkan sebagian,transfer pricing,29,"9,10,12,14,15,28,35,38,41,42,50,56,57,58,59,60",16,68,"...ding melakukan koreksi atas Peredaran Usaha sebesar Rp15.278.924.884,00 yang berasal dari pengujian transfer pricing (penerapan kewajaran dan kelaziman usaha pada transaksi penjualan kepada pihak afiliasi): Menurut..."
231,110140,PT INDONESIA KOITO,PUT-010410.15/2022/PP/M.XB Tahun 2024 PT Indonesia Koito,2019,Pajak Penghasilan,Mengabulkan sebagian,transfer pricing,3,"17,26,62",3,70,"...riksaan Terhadap Wajib Pajak Yang Mempunyai Hubungan Istimewa yang selanjutnya disebut” Pemeriksaan transfer pricing, b. Data dan Fakta bahwa berdasarkan dokumen yang dilampirkan dalam permohonan keberatan Pemohon..."
232,110143,PT SOUTHERN TRISTAR,PUT-010428.15/2022/PP/M.VIA Tahun 2024 PT Southern Tristar,2016,Pajak Penghasilan,Menolak,transfer pricing,31,"5,6,7,14,22,24,32,46,47,53,58,69,76,82,84,89,96,97,100,107,113,119,121",23,125,"...redaran Usaha sebesar Rp6.660.294.378,00 “Menurut Terbanding Peredaran Usaha Berdasarkan Pengujian Transfer Pricing 1) Data Satu Tahun (Single Year) bahwa Pemohon Banding menolak penggunaan Tahun Tunggal (Single Ye..."
233,110162,PT. BEKAERT WIRE INDONESIA,PUT-011509.15/2022/PP/M.VIA Tahun 2024 DEMI KEADILAN BERDASARKAN KETUHANAN YANG ,2019,Pajak Penghasilan,Mengabulkan sebagian,transfer pricing,12,"54,58,59,62,66,70,74",7,154,"...representation Agreement: h. bahwa pada saat pemeriksaan, Pemohon Banding tidak memberikan Dokumen Transfer Pricing (TP Doc Lokal dan Induk, bukti penentuan harga/jasa/bunga, dokumen perusahaan pembanding, alasan me..."
234,110183,PT.JS CREATIVES,PUT-012004.15/2023/PP/M.IXA Tahun 2024 DEMI KEADILAN,2020,Pajak Penghasilan,Menolak,transfer pricing,18,"12,18,19,22,23,85,99,119,126,127,130,131,148,155,156",15,168,"...ar Rp990.000.000,00 dengan uraian sebagai berikut: bahwa koreksi Biaya Usaha Lainnya. dari koreksi Transfer Pricing Beban Jasa Logistik Konsultasi Perdagangan yang dibayarkan kepada Pihak Afiliasi Pemohon Banding, P..."
235,110198,-,-,2019,Pajak Penghasilan,-,transfer pricing,11,"9,17,33,35,44,54,67,76,82,92,96",11,108,"...lled transaction is the provision of services.” LA Sada Pasal 11 ayat (11) PER-32/PJ/2011 dan OECD Transfer Pricing Guidelines paragraph 2.45, oleh karena PT Kreasi Mas Indah dengan lawan transaksinya yang merupakan..."
236,110349,-,PUT-013823.15/2022/PP/M.XIVA Tahun 2024 PT FMC Santana Petroleum Eguipment Indon,2019,Pajak Penghasilan,-,transfer pricing,2,"19,22",2,40,"...ng harus dilakukan. bahwa oleh karena itu, berdasarkan peraturan-peraturan di atas, baik peraturan transfer pricing Indonesia maupun Pedo na rinsip kewajaran dan kelaziman usaha dianggap ta ika harga atau keuntunga..."
237,110646,PT AGROLESTARI SUBUR SEJAHTERA,-,2019,Pajak Penghasilan,-,transfer pricing,1,42,1,119,"...Pph Badan Tahun Pajak 2019; bahwa Terbanding telah meminta kepada Pemohon Banding untuk memberikan Transfer Pricing Documentation, tapi sampai dengan saat ini Pemohon Banding belum memberikannya; bahwa berdasarkan d..."
238,110648,PT. BENTOEL DISTRIBUSI UTAMA,PUT-011382.15/2022/PP/M.IIIA Tahun 2024 DEMI KEADILAN BERDASARKAN KETUHANAN YANG,2019,Pajak Penghasilan,Mengabulkan sebagian,transfer pricing,19,"16,17,21,22,23,32,33,40,45,46,47,58,63,64,66,85,86",17,90,"...a perjanjian, akan menjadi beban dan tanggung jawab perusahaan, bahwa sebagaimana dijelaskan dalam Transfer Pricing Documentation (“TP Doc”) BDU Tahun 2019 halaman 16 kebijakan penentuan harga atas recharge ASP adal..."
239,110687,PT Bentoel Distribusi Utama,PUT-010775.15/2022/PP/M.IllA Tahun 2024 DEMI KEADILAN BERDASARKAN KETUHANAN YANG,2017,Pajak Penghasilan,Mengabulkan seluruhnya,transfer pricing,2,"46,47",2,64,"...t Terbanding koreksi peredaran usaha sebesar Rp2.656.723.601.189,00 dilakukan berdasarkan pengujian transfer pricing atas transaksi kepada pihak afiliasi dengan perfimbangan dan perhitungan sebagai berikut: bahwa men..."
240,110698,-,-,2017,Pajak Penghasilan,-,transfer pricing,23,"15,37,59,74,77,80,83,84,85,87,91,92,94,115,129,132,137,149",18,154,...at proses N pemeriksaan. Pemohon Banding berpendapat Terbanding belum melakukan proses pemeriksaan Transfer Pricing (“TP”) dengan tepat sesuai dengan Hukum dan Peratura ku di Indonesia. Berikut adalah penjelasan P:...
241,110722,PT-NAKAKIN INDONESIA,-,2018,Pajak Penghasilan,Menolak,transfer pricing,4,"37,39,44,48",4,50,"...938.900.517 dan Royalty sebesar Rp4.645.747.964,00 karena Pemohon Banding tidak menyerahkan TP Doc (Transfer Pricing Analysis) sesuai ketentuan a guo dan tidak dapat memberikan bukti pendukung atas eksistensi Technic..."
242,110736,PT.MMC Metal Fabrication,PUT-002353.15/2022/PP/M.XXB Tahun 2024,2018,Pajak Penghasilan,-,transfer pricing,13,"12,13,30,34,35,36,37",7,41,"1. Berdasarkan data Dokumen Lokal Transfer Pricing Rentang Kewajaran 01- -1,524 A2: 0.8/ dan A3:5.424 : 2. Berdasarkan Data Laporan Keuangan Segmenta..."
243,110764,PT. Herfinta Farm & Plantation,PUT-006645.15/2022/PP/M.XXB Tahun 2024,2016,Pajak Penghasilan,-,transfer pricing,1,66,1,85,"...Bukti P-4. Fotokopi Putusan Pengadilan Pajak PUT- 000188152019/PP/MXVIIIA Tahun 2021, Bukti P-5. Transfer Pricing Document Bukti P-6. Matriks sengketa Bukti P-7. Bukti Pendukung Terkait Polis MPPP No. 1700: Buk..."
244,110770,PT.Bumi Sawit Permai,PUT-009080.15/2022/PP/M.XIVA Tahun 2024 PT Bumi Sawit Permai,2017,Pajak Penghasilan,-,transfer pricing,2,19,1,83,"...n koreksi, dimana hal ini tidak dilakukan oleh Pemeriksa: bahwa Pemohon Banding juga telah membuat Transfer Pricing Documentation sesuai ketentuan perpajakan yang berlaku yang dilakukan oleh pihak independen yaitu “..."
245,110772,PT. Shinwa Package Indonesia,PUT-009587.15/2022/PP/M.XXB Tahun 2024,2019,-,-,transfer pricing,9,"15,37,38,78,91,93",6,96,"...n dan kelaziman usaha juga dapat ditunjukkan, oleh Pemohon Banding sebagaimana yang terdapat” dalam Transfer Pricing Documentation (TP Doc), sehingga keliru apabila Terbanding menyatakan bahwa. Pemohon Banding tidak..."
246,110789,PT SYMRISE,PUT-012217.15/2021/PP/M.XVIA Tahun 2024 PT Symrise /,2018,Pajak Penghasilan,Menolak,transfer pricing,14,"11,12,14,46,47,48,50,51,52,58",10,66,...si Terbanding dengan alasan dan penjelasan sebagai berikut: A. Pemohon Banding telah menyampaikan Transfer Pricing Documentation dengan analisis kesebandingan sesuai dengan peraturan yang berlaku bahwa langkah-lang...
247,110823,PT PPG COATINGS INDONESIA,PUT-004978.15/2021/PP/M.IVA Tahun 2024 DEMI KEADILAN BERDASARKAN KETUHANAN YANG ,2016,Pajak Penghasilan,-,transfer pricing,35,"11,17,18,20,21,33,34,41,46,65,69,70,75,85,87,88,89,96,97,99,108,111,124,128,132",25,143,"bahwa berdasarkan Transfer Pricing Documentation (TP Documentation) Pemohon Banding untuk Tahun 2017 yang disampaikan, diketahui bahwa..."
248,110824,PT PPG COATINGS INDONESIA,PUT-004979.15/2021/PP/M.IVA Tahun 2024 DEMI KEADILAN BERDASARKAN KETUHANAN YANG ,2017,Pajak Penghasilan,Mengabulkan sebagian,transfer pricing,25,"17,20,21,30,33,44,49,67,70,74,81,85,86,92,93,102,105,119",18,132,...berdasarkan pengujian Penerapan Kewajaran dan Kelaziman Usaha: bahwa Pemohon Banding menyampaikan Transfer Pricing Documentation (TP Documentation) Tahun 2017 dalam bahasa Inggris. Hal ini tidak sesuai dengan keten...
249,110828,PT. “-NISSHINBO,PUT-005869.15/2023/PP/M.VB Tahun 2024 DEMI KEADILAN BERDASARKAN KETUHANAN YANG M,2017,Pajak Penghasilan,Mengabulkan seluruhnya,transfer pricing,15,"12,33,34,40,47,62,66,68,69,70",10,73,...ntang Pedoman Pemeriksaan Terhadap Wajib Pajak yang Mempunyai Hubungan Istimewa dan SE- 50. Analisa transfer pricing yang dilakukan adalah sebagai berikut: i. Tes 1 - Pemberian jasa terkait pembayaran komisi telah b...
250,110832,PT .SAKAE RIKEN INDONESIA,PUT-007723.15/2023/PP /M.VB Tahun 2024 DEMI KEADILAN BERDASARKAN KETUHANAN YANG ,2020,Pajak Penghasilan,Mengabulkan seluruhnya,transfer pricing,3,"21,73,74",3,85,...on Banding yang Mempunyai Hubungan Istimewa (“SE-50/2013”) mengenai Tahapan Pelaksanaan Pemeriksaan transfer pricing pada Bab 1I.B.3.d.3) bahwa: Kewajaran perbandingan utang dengan modal dapat dilakukan dengan memba...
251,110947,PT. Castrol Manufacturing Indonesia,PUT-006172.15/2023/PP/M.VB Tahun 2024 PT Castrol Manufacturing Indonesia BL RR R,2020,Pajak Penghasilan,-,transfer pricing,12,"23,31,34,37,45,49,52,54,55,56,58",11,62,"...an ke PTCI yang menjadi objek sengketa ini, hal tersebut sebagaimana yang tertuang di dalam laporan Transfer Pricing Documentation yang: dibuat oleh konsultan eksternal yang memiliki reputasi. internasional yaitu KPM..."
252,111037,-,-,-,Pajak Penghasilan,-,transfer pricing,20,"17,61,62,63,67,68,97,98,99,108,109,119,120,154,180",15,226,...mewa yang menyatakan Peraturan Direktur Jenderal Pajak ini berlaku untuk Penentuan Harga Transfer (Transfer Pricing) atas transaksi yang dilakukan Wajib Pajak Dalam Negeri atau Bentuk Usaha Tetap di Indonesia dengan...
253,111136,-,-,2019,Pajak Penghasilan,-,transfer pricing,6,"13,14,19,20",4,25,...bahwa Pemohon Banding tidak setuju dengan koreksi Terbanding dengan alasan pokok bahwa pengujian transfer pricing yang dilakukan oleh Terbanding adalah tidak tepat sedangkan pe » belum pricing yang telah dilakuk...
254,111153,-,PUT-002773.15/2021/PP/M.IVA Tahun 2024 PT Usui International Indonesia,2017,Pajak Penghasilan,-,transfer pricing,14,"17,20,23,24,29,46,47,50,62,71,80,85,86",13,91,...keuangan.” bahwa berdasarkan paragraf B.3.3.7.1. dan B.3.3.7.3. United Nations Practical Manual on Transfer Pricing for Developing Countries (2017) tertulis: “B.3.3.7.1. Several profit level indicators (PLIs) are al...
255,111177,PT PA SILICAS INDONESIA,-,2017,Pajak Penghasilan,-,transfer pricing,5,"22,74,96,151,179",5,202,...scale sehingga terciptanya efisiensi biaya pengadaan jasa. Hal ini didukung dalam Paragraf 7.2 OECD Transfer Pricing Guidelines 2017/ BEPS Action Plan 8-10 2015 (“OECD TPG 2017”) yang menyatakan bahwa: “Nearly every...
256,111196,-,-,2020,Pajak Penghasilan,-,transfer pricing,4,"28,29,80,178",4,200,"...n nilai OPM yang sudah ditetapkan, yaitu sebesar 256 dari bersih: Da3 mengacu pada hasil pengujian transfer pricing Pemohon ju dalam beberapa tahun dengan memperhitungkan komponen pam Adjustment pada faktanya dapat..."
257,111216,PT AMINDOWAY JAVA,PUT-000130.15/2023/PP/M.XIIB Tahun 2024 DEMI KEADILAN BERDASARKAN KETUHANAN YANG,2019,Pajak Penghasilan,-,transfer pricing,9,"42,43,44,62,78,88,135,142,143",9,186,"...mohon Banding ingin merujuk pada Paragraf B.4.2.5 dan Paragraf B.4.2.6. dari UN Practical Manual on Transfer Pricing for Developing Countries (2017), yang menyatakan sebagai berikut: 'B.4,2.5 The underiying notion of..."
258,111249,-,PUT-006131 MN A0 2024 Salinan Putusan Pengadilan Pajak ini merupakan informasi u,2020,Pajak Penghasilan,-,transfer pricing,27,"37,54,55,56,57,70,145,146,147,148,162",11,219,...ts NN berasal dari pengalaman industri dan rahasi as Tengan pengertian know-how menurut Paragaf Tm Transfer Pricing Guidelines 2010: Balap 1 entary 2010 atas Pasal 12 OECD ee Ca 6 0 2 ayat 3 P3B Indonesia Jepang: Pa...
259,111271,-,PUT-007117.15/2023/PP/M.IA Tahun 2024 PT Kondobo Textindi,2020,Pajak Penghasilan,-,transfer pricing,15,"8,17,32,34,36,42,43,57,58,60,74,77",12,82,...ontrolled transaction R may be relevant in ascertaining the arm's length nature of an enterprise's transfer pricing policy implemented for FY 2020. The f otet c' information may support that determinatio (AN mpara...
260,111313,-,PUT-010526.15/2022/PP/M.IIIA Tahun 2024 Salinan Putusan Pengadilan Pajak ini mer,2019,-,-,transfer pricing,11,"34,44,48,49,51,53,76,82,83,89,91",11,94,...sifik dari Nike data).. Pernyataan di atas juga didukung oleh mangan dari Unite ractical Manual on Transfer Pricing (UN TP Manual) Pa ga menyatakan bahwa: “A comparability analysis may Ne “arm's Lai range” of finan...
261,111317,-,PUT-010578.15/2020/PP/M.IVA Tahun 2024 PT Usui International Indonesia,2016,Pajak Penghasilan,-,transfer pricing,25,"11,14,18,19,20,23,44,58,62,63,72,73,85,86,89,91,92,96,102",19,107,"...proving profits in the longer term. If the pricing strategy continues beyond a reasonable period, a transfer pricing adjustment may be appropriate, particularly where comparable data over several years show that the..."
262,111386,PT. Agro Indomas NPWP 01.548.959.4-057.000 beralamat di Gedung,PUT-014197.15/2022/PP/M.XIVB Tahun 2024,2019,Pajak Penghasilan,-,transfer pricing,1,19,1,72,"...l 27 April 2022: bahwa dokumen yang tidak diberikan oleh Pemohon Banding pada saat keberatan: (a) Transfer Pricing Documentation 2019, (b (c) Detail cost base atau biaya.yangdijadikan dasar tagihan — Rincian bia..."
263,111432,PT. Honeywell Indonesia Trading,PUT-009354.15/2022/PP/M.XVIB Tahun 2024 DEMI KEADILAN BERDASARKAN KETUHANAN YANG,2019,Pajak Penghasilan,Mengabulkan sebagian,transfer pricing,2,"41,42",2,63,"...mohon Banding .dikenakan-jasa dengan margin sebesar 54 sesuai dengan kebijakan harga transfer dalam Transfer Pricing Documentation Pemohon Banding tahun 2019, bahwa untuk mendukung dalil-daliinya, Pemohon Banding da..."
264,111438,PT -NOK Freudenberg Sealing Technologies,PUT-012446.15/2022/PP/M. XVIB Tahun 2024 DEMI KEADILAN BERDASARKAN KETUHANAN YAN,2016,Pajak Penghasilan,Mengabulkan sebagian,transfer pricing,11,"23,27,36,37,38,40,42,44,45",9,171,...016 Menurut Pemohon Banding Pemohon banding «sudah menyampaikan Dokumen Penentuan-Harga Transfer/ Transfer Pricing Documentation (“TPD”) untuk Tahun Pajak 2016 kepada Tim Terbanding bahwa seperti yang telah disebu...
265,111460,-,-,2018,Pajak Penghasilan,-,transfer pricing,10,"24,26,48,94,95,117,138",7,159,"...hon Banding ingin merujuk pada Paragraf B.4.2.5 dan Paragraf B.4.2.6. dari UN Practical Manual on Transfer Pricing for Developing Countries (2017), yang menyatakan sebagai berikut: “B.4.2.5 The underlying notion o..."
266,111482,-,-,2019,Pajak Penghasilan,-,transfer pricing,1,66,1,121,"...an tanggung jawab Pemohon Banding yang diklaim oleh Mutti distributor PT AKF, 7) bahwa berdasarkan Transfer Pricing Documentations tahun 2019, diperoleh informasi sebagai berikut: a) Berdasarkan detil faktur pajak..."
267,111554,PT. Ansei ta Jaya,-,2019,-,-,transfer pricing,9,"23,39,40,46,50,63,101",7,107,"...kan berdasarkan ate yang tersedia pada saat dilakukan Transaksi Afiliasi.”: ANA lanjut, dalam buku “Transfer Pricing IDE, STRATEGI, DAN ?a DUAN PRAKTIS DALAM PERSPEKTIF PAJAK INTERNASIONAL"" terbitan Danny Darusalam T..."
268,111556,PT PELAKSANA JAYA MULIA,PUT-009475.15/2020/PP/M.XIB Tahun 2024 Salinan Putusan Pengadilan Pajak ini meru,2016,Pajak Penghasilan,-,transfer pricing,1,15,1,77,"...analisis pinjaman inter Ng kukan dengan pihak yang memiliki hubungan istim 2g Dah antara kerangka transfer pricing dan interest NN SIA Pemohon Banding, Pasal 12 PP No.94 Tahun 2010 dibuat dalam rangka untuk melaku..."
269,111573,PT. INOAC POLYTECHNO INDONESIA,PUT-012256.15/2021/PP/M.XIB Tahun 2024 DEMI KEADILAN BERDASARKAN KETUHANAN YANG ,-,Pajak Penghasilan,Mengabulkan sebagian,transfer pricing,7,"10,33,42,57,58,65",6,71,"...ar negeri ini secara eksplisit sudah tercantum dalam: a. Laporan Keuangan tahun 2018 (Audited) b. Transfer Pricing Documentation Laporan keuangan telah Pemohon Banding sertakan dalam SPT PPh Badan tahun 2018, seme..."
270,111731,PT SHISEIDO COSMETICS INDONESIA,PUT-003555.15/2023/PP/M.VIIIB Tahun 2024 DEMI KEADILAN BERDASARKAN KETUHANAN YAN,2019,Pajak Penghasilan,Mengabulkan seluruhnya,transfer pricing,1,33,1,95,"...3.598.025.090,00 Distributor Rp 47.410.996.422,00 | Jumlah Rp 71.009.021.512,00 bahwa berdasarkan Transfer Pricing Document, Pemohon Banding adalah fully fledge distributor, bahwa resiko atas barang berada di dalam..."
271,111786,PT. JEBSEN & JESSEN TECHNOLOGY INDONESIA,PUT-007677.15/2023/PP/M.XB Tahun 2024 PEMI,2020,Pajak Penghasilan,Mengabulkan sebagian,transfer pricing,22,"55,82,94,121,131,132,174,175,177,178,179",11,206,"...da, sehingga menghasilkan hasil yang berbeda: bahwa berdasarkan ketentuan dalam Paragraf 7.11 OECD Transfer Pricing Guidelines, diperlukan identifikasi terkait dengan jasa yang diberikan secara rinci sebelum menentu..."
272,111917,PT HINO MOTORS SALES INDONESIA,PUT-012436.15/2021/PP/M.VIIIA Tahun 2024 DEMI KEADILAN BERDASARKAN KETUHANAN YAN,2018,Pajak Penghasilan,-,transfer pricing,2,"14,15",2,34,"...terdapat pembayaran bunga pinjaman (Interest Expenses) kepada Pemegang Saham, berdasarkan pengujian Transfer Pricing dapat simpulkan bahwa, berdasarkan data tingkat suku bunga rata rata pinjaman Bank yang diperoleh o..."
273,111936,PT INDORAMA VENTURES INDONESIA,PUT-005487.15/2022/PP/M.XIllB Tahun 2024 DEMI KEADILAN BERDASARKAN KETUHANAN YAN,2015,-,Mengabulkan sebagian,transfer pricing,4,"20,50,90,94",4,106,"...nderal Pajak Nomor PER- 32/PJ/2013, Surat Edaran Direktur Jenderal Pajak Nomor SE- 50lpJ12013, OECD Transfer Pricing Guide Line dengar\ takla bahwa I.asa-jasa tersebut benar-benar terjadi dan nilai jasa yang dibayar..."
274,111946,PT.GLOBAL SAWIT SEMESTA,PUT-007199.15/2023/PP/M.XIB Tahun 2024 DEMI KEADILAN BERDASARKAN KETUHANAN YANG ,2020,Pajak Penghasilan,-,transfer pricing,36,"25,26,31,32,34,38,39,40,41,44,77,83,84,85,92,114,115,120,123,128",20,151,"...plai komoditas lebih tepat diuji menggunakan pendekatan gabungan transaksi: a. Jamal Hejazi, Ph.D, “Transfer Pricing: The Basic From a Canadian Perspective”, Canada: Lexis Nexis. 2009. Hal. 46. “Although the CRA pref..."
275,112004,PT. WIRA-INSANI,PUT-002770.15/2024/PP/M. XVIIIB Tahun 2024 DEMI KEADILAN BERDASARKAN KETUHANAN Y,2019,Pajak Penghasilan,Tidak dapat diterima,transfer pricing,3,"16,45,49",3,60,"...kegiatan usaha. Dalam proses pemeriksaan dan keberatan, Pemohon Banding telah memberikan Agreement, Transfer Pricing Documentation, invoice, dasar penagihan, bukti pembayaran terkait yangsdilakukan oleh afiliasi Pemo..."
276,112027,PT 'RONSTAN INTERNATIONAL,PUT-001455.15/2023/PP/M.VIA Tahun 2024 DEMI KEADILAN BERDASARKAN KETUHANAN YANG ,2019,Pajak Penghasilan,-,transfer pricing,4,"28,34,80",3,93,...r telah dilakukan. Berdasarkan PER- 22/PV/2013 (“PER-22”) Bab II terkait dengan Tahapan Pemeriksaan Transfer Pricing Bagian A menyatakan bahwa: “... Pemeriksa Pajak seharusnya mengumpulkan dan mempelajari data Wajib...
277,112060,-,PUT-004016.15/2023/PP/M.VIA Tahun 2024 DEMI KEADILAN BERDASARKAN KETUHANAN YANG ,2017,Pajak Penghasilan,-,transfer pricing,13,"5,6,7,13,16,28,30",7,45,"...an Acision UK Limited sebesar Rp7.741.029:772,00 yang merupakan selisih perhitungan ulang pengujian transfer pricing. Terbanding kemudian mereklasifikasi koreksi transfer pricing tersebut sebagai dividen sehingga tid..."
278,112080,PT KAR POWERSHIP INDONESIA,PUT-007927.15/2023/PP/M.VIA Tahun 2024 DEMI KEADILAN BERDASARKAN KETUHANAN YANG ,2020,Pajak Penghasilan,Mengabulkan sebagian,transfer pricing,55,"5,7,8,10,12,13,14,15,16,23,26,27,28,29,35,63,66,71,77,91,98,101,104,105,109,114,118,127,128,129,130,131,141",33,147,...ukan koreksi terhadap transaksi Carter antara Pemohon Banding dengan Ship Co berdasarkan analisis Transfer Pricing yang dilakukan oleh Terbanding diketahui sebagai berikut: 1) bahwa Terbanding menggunakan 6 (enam)...
279,112092,PT. PHILIP. MORRIS INDONESIA,PUT-009814.15/2022/PP/M.VIB Tahun 2024 DEMI KEADILAN BERDASARKAN KETUHANAN YANG ,2019,Pajak Penghasilan,-,transfer pricing,51,"21,22,23,24,25,32,44,45,46,47,54,101,102,103,104,113,171,172,173,174",20,211,...a serta telah dilakukan sesuai denganwprinsip kewajaran dan kelaziman usaha sesuai dengan peraturan transfer pricing di Indonesia dan Pedoman Transfer Pricing OECDuuntuk Perusahaan Multinasional dan Administrasi Paja...
280,112099,PT AU room FASTENERS AOYAMA INDONESIA,-,2019,Pajak Penghasilan,-,transfer pricing,9,"6,17,19,25,29,30,68,71",8,77,"...Manufacturing Rp12.746.794.229,00 Xe bahwa berdasarkan perhitungan dengan Haa metode pemeriksaan Transfer Pricing, Metode Laba Bersih ea diperoleh profit wajar Pemohon Banding fungsi un"" alah sebesar Rp18.555.958..."
281,112106,PT. JEBSEN & JESSEN TECHNOLOGY INDONESIA,PUT-011548.15/2022/PP/M.XB Tahun 2024 DEMIKEADILAN BERDASARKAN KETUHANAN YANG MA,2019,Pajak Penghasilan,-,transfer pricing,23,"38,121,130,132,144,177,210,240,241,242",10,268,"...isiensi pada . grup perusahaannya, “bahwa David Hamzah Damian dan Cindy Kikhonia Febby dalam Buku Transfer Pricing: Ide, Strategi, dan Panduan Praktis dalam Perspektif Pajak Internasional halaman 401-403 menyebutka..."
282,112142,PT.. JOHNSON HOME HYGIENE PRODUCTS,PUT-000647.15/2023/PP/M.VIB Tahun 2024 DEMI KEADILAN BERDASARKAN KETUHANAN YANG ,2019,-,-,transfer pricing,45,"10,11,13,15,24,35,65,67,68,70,79,80,86,87,94,96,109,110,112,114,123,133,137,142,143,147,151,153,154,164,165,166,173,189,190",35,192,....573.609.267 | 1.612.997.862.366 36.573.609.267 1.696.384.936.040 Uraian Koreksi (Rp) A. Koreksi Transfer Pricing 67.676.754.000 B. Koreksi Ekualisasi P 15'710.319.674 Total ”83.387.073.674 masing-masing koreksi...
283,112253,PT. TOKAI RIKA INDONESIA,PUT-000152.15/2022/PP/M.XIIB,2018,Pajak Penghasilan,Mengabulkan sebagian,transfer pricing,12,"21,22,75,86,91,95,111,114,121,133,134",11,141,"...tas transaksi royalti ini dalam menguji kewajaran transaksi royalti yang tercantum pada Dokumentasi Transfer Pricing Pemohon Banding tahun fiskal 2018, terdapat perbedaan antara dasar pengenaan royalti data perjanjia..."
284,112260,PT WAWASAN KEBUN NUSANTARA,PUT-001686.15/2023/PP/M.XIIB Tahun 2024 DEMI KEADILAN BERDASARKAN KETUHANAN YANG,2017,Pajak Penghasilan,Mengabulkan sebagian,transfer pricing,1,20,1,69,"...eriksaan Terhadap Wajib Pajak Yang Mempunyai Hubungan Istimewa yang selanjutnya disebut Pemeriksaan transfer pricing. Lampiran 1, Bab IV huruf C Penerapan Prinsip Kewajaran dan Kelaziman “Usaha atas Transaksi Pemb..."
285,112262,PT Schneider Electric IT Indonesia,PUT-002385.15/2022/PP/M.XIVB Tahun 2024,2016,-,-,transfer pricing,17,"31,32,48,50,54,55,63,72",8,124,...emohon Banding maupun analisa TP DOC dari data Terbanding: 9g. bahwa hal ini mendasarkan pada OECD Transfer Pricing Guidelines 2010 Paragraf 2.78 yang sebagai.berikut:: bahwa berdasarkan OECD Transfer Pricing Guidel...
286,112281,PT Resonac Materials Indonesia (d/h PT Showa Denko Materials,PUT-005582.15/2023/PP/M.XIVA Tahun 2024 PT Resonac Materials Indonesia,2019,Pajak Penghasilan,-,transfer pricing,5,"22,50,51,52",4,57,"...enghasilan, bahwa Pemohon Banding mengutip OECD TP Guidelines: Paragraf 6.32, sebagai berikut: In transfer pricing cases involving intangibles, the determination of the entity or entities within an MNE group which..."
287,112316,PT SUMITOMO “CONSTRUCTION MACHINERY INDONESIA,PUT-007634.15/2023/PP/M.XXA Tahun 2024 DEMI KEADILAN BERDASARKAN KETUHANAN YANG ,2020,Pajak Penghasilan,Mengabulkan seluruhnya,transfer pricing,7,"39,40,41,60",4,78,...IMenanggung ikokreditoo|o Ya Minimal Tidak Fungsi yang Seluruh fungsi dari dilaksanakan e. OECD Transfer Pricing Guideline for Multinational Enterprises and Tax Administrations July 2017. f. Commentaries On The...
288,112328,PTM Class Industry,PUT-010189.15/2023/PP/M.XXB Tahun 2024,2020,Pajak Penghasilan,-,transfer pricing,12,"8,9,10,11,19",5,36,"...rdiri atas: 1. 2. Koreksi, Biaya Promosi Koreksi'Biaya.Bunga 3..- Koreksi peredaran usaha karena Transfer Pricing Jumlah Koreksi penyesuaian Fiskal Positif .Bahwa dari koreksi Terbanding sebesar tersebut, Rp2.742..."
289,112330,PT Kencana Amal Tani,PUT-010243.15/2021/PP/M.XIIA Tahun 2023 DEMI KEADILAN BERDASARKAN KETUHANAN YANG,2018,Pajak Penghasilan,Menolak,transfer pricing,4,"30,32,114,115",4,146,"...Hubungan Istimewa,. dan “Tata Cara Pengelolaannya Pasal 1 ayat/(5) “Penentuan Harga Transfer atau Transfer Pricing yang selanjutnya disebut Penentuan Harga Transfer adalah penentuan harga dalam Transaksi Afiliasi..."
290,112345,-,PUT-011492.15/2020/PP/M.XVA Tahun 2024,2017,Pajak Penghasilan,Mengabulkan seluruhnya,transfer pricing,6,"14,15,32,43,44",5,49,...iman usaha Tahapan penerapan prinsip kewajaran dan-kelaziman usaha dilakukan setelah memilih metode transfer pricing yang paling sesuai. Hal-hal yang perlu diperhatikan dalam-menerapkan prinsip kewajaran dan kelazima...
291,112369,PT-.TOKAI. RIKA SAFETY INDONESIA,PUT-013319.15/2022/PP/M.XIIIB Tahun 2024 DEMI KEADILAN BERDASARKAN KETUHANAN YAN,2019,Pajak Penghasilan,Mengabulkan sebagian,transfer pricing,30,"8,13,14,17,19,24,27,29,31,32,44,51,52,54,65,69,71,85,96,101,102,110",22,116,...wajaran dan kelaziman usaha pada transaksi. afiliasi seharusnya dilakukan dengan menggunakan metode transfer pricing lainnya yang paling sesuai dengan fakta dan kondisi: 3. Pemohon-Banding. dalam melakukan pendokume...
292,112375,PT.indonesia Polymer Compound,PUT-014043.15/2022/PP/M.XIVA Tahun 2024 PT Indonesia Polymer Compound,2019,Pajak Penghasilan,Mengabulkan sebagian,transfer pricing,8,"8,13,50,53,54",5,66,...belian bahan baku yang tercantum dalam Dokumen Lokal Penetapan Harga Transfer (selanjutnya disebut “Transfer Pricing Documentation” atau “TP Doc”) Pemohon Banding sebagai berikut: 1) Pemohon Banding adalah perusahaan...
293,112399,-,-,-,Pajak Penghasilan,-,transfer pricing,9,"35,39,42,43,44,46,54,69",8,87,"...an us, a NN H1 bahwa koreksi tidak Aa hukum Pasal 18 ayat (3) UU PPh, sehin IX 0 ketentuan metode Transfer Pricing: Oo des jak tidak dapat memberikan bukti pendukung atas a ya terkait Biaya Pajak Penghasilan: ba..."
294,112422,-,PUT-003631.15/2023/PP/M.XVB Tahun 2024 PT PACIFIC MEDAN INDUSTRI Bg,2019,Pajak Penghasilan,-,transfer pricing,18,"10,17,18,30,33,35,90,91,102,105,108,109,146,149",14,169,...tau untuk investasi. sional untuk menghitung rasio tidak didefinisikan beberapa panduan dari OECD Transfer Pricing Guidelines for b: ON aza jelas di peraturan perpajakan di Indonesia. Namun Multinational Enterpri...
295,112446,-,-,2017,Pajak Penghasilan,-,transfer pricing,7,"37,66,86,138,140,141",6,151,"...or PER-22/PJ/2013 Tentang Pedoman Pemeriks: Ist S 5, nyataan Standar Akuntansi Keuangan 7, g OECD Transfer Pricing Guidelines, paragraph 7.5, Terhadap Wajib Pajak Yang Mempunyai Hubungan LAS terkait pembanding e..."
296,112488,PT. G-TEKT Indonesia Manufacturing NPWP 31.472.829.6431.000,PUT007181.15/2023lppM.XIVB Tahun 2024 PT. G-TEKT Indonesia Manufacturing,2020,Pajak Penghasilan,Mengabulkan sebagian,transfer pricing,4,"11,14,60,73",4,81,"...sebagai berikut: ""(1) Peraturan Direklur Jenderal Pajak ini beriaku untuk Penentuan Harga Transfer (Transfer Pricing) atas transaksi yang dilakukan Wajib Pajak Dalam Negeri atau Bentuk Usaha Tetap di Indonesia dengan..."
297,112504,PT Bredero Shaw Indonesia,PUT-009423.15/2020/PP/M.XVA Tahun 2024 DEMI KEADILAN BERDASARKAN KETUHANAN YANG ,2017,Pajak Penghasilan,-,transfer pricing,1,39,1,42,"...ahaan, sehingga tidak ada satu entitas pun yang dibebani secara berlebihan; 9. Panduan OECD tentang Transfer Pricing mendukung penggunaan metode alokasi biaya yang proporsional untuk transaksi intra-group, selama met..."
298,112518,PT. Citra Abadi Sejati,PUT-011061.15/2022/PP/M.IA Tahun 2024 DEMI KEADILAN BERDASARKAN KETUHANAN YANG M,2019,Pajak Penghasilan,-,transfer pricing,5,"13,14,41,74",4,90,"...Terhadap Wajib Pajak yang Mempunyai Hubungan Istimewa (“PER-22”) mengatur bahwa: “Dalam pemeriksaanstransfer pricing, terdapat situasi-situasi dimana pengujian transaksi afiliasi secara gabungan lebih tepat untuk dit..."
299,112528,PT JEBSEN & JESSEN TECHNOLOGY INDONESIA,PUT-011462.15/2019/PP/M.XvlllB Tahun 2024,2016,Pajak Penghasilan,-,transfer pricing,3,"14,16",2,72,...a itu harus dihilangkan untuk mendapatkan kewajaran kenaikan biaya pegawai untuk tujuan dokumentasi transfer pricing. Dasar perhitungan eliminasi yang paling tepat adalah perbandjngan kenajkan pendapatan pada tahun 2...
300,112541,PT JEBSEN & JESSEN TECHNOLOGY INDONESIA,PUT-011747.15/2020/PP/M.XVIIIB Tahun 2024,2017,Pajak Penghasilan,Menolak,transfer pricing,2,25,1,70,...-jasa yang menjadi sengketa: 8. bahwa pihak Terbanding telah melakukan penelitian terhadap Dokumen Transfer Pricing Wajib Pajak tahun 2017. Terkait transaksi jasa dengan pihak afiliasi TP Doc Pemohon Banding tidak d...
301,112584,PT. Citra Abadi Sejati,PUT-011060.15/2022/PP/M.IA Tahun 2024 DEMI KEADILAN BERDASARKAN KETUHANAN YANG M,2018,Pajak Penghasilan,-,transfer pricing,7,"13,14,15,41,62,70,77",7,92,"...erhadap Wajib Pajak yang Mempunyai Hubungan Istimewa (“PER-22”) mengatur bahwa: “Dalam pemeriksaan transfer pricing, terdapat situasi-situasi dimana pengujian transaksi afiliasi secara gabungan lebih tepat untuk dit..."
302,112593,PT CEVA LOGISTIK INDONESIA,PUT-007094.15/2023/PP/M.IA Tahun 2024 ve DEMI KEADILAN BERDASARKAN KETUHANAN YAN,2020,Pajak Penghasilan,Mengabulkan sebagian,transfer pricing,15,"24,28,33,44,45,58,61,62",8,68,"...a yang berasal. dari analisa arus piutang dan disertai dengan dokumen pendukung: : Dokumen terkait Transfer Pricing meliputi Transfer Pricing Documentations tahun 2020, kontrak/perjanjian dengan pihak yang mempunya..."
303,112619,-,-,2018,Pajak Penghasilan,-,transfer pricing,20,"5,6,8,10,24,41,43,44,45,62,63,69,81",13,88,"...ing (Posita) A KOREKSI PEREDARAN USAHA BERDASARKAN PENGUJIAN KEWAJARAN TRANSAKSI AFILIASI (KOREKSI TRANSFER PRICING) SEBESAR Rp8.133.036.534,- bahwa pada dasarnya koreksi dilakukan Terbanding dengan melakukan perhit..."
304,112634,PT TECH MAHINDRA INDONESIA,PUT-002306.15/2022/PP/M.VA Tahun 2024 PT Tech Mahindra Indonesia,2018,Pajak Penghasilan,Mengabulkan sebagian,transfer pricing,6,"20,29,35",3,50,"...pembayaran tersebut telah sesuai dengan prinsip kewajaran dan kelaziman usaha : 6. Dokumen terkait Transfer Pricing: Transfer Pricing Documentations tahun 2016, kontrak/perjanjian dengan pihak yang «mempunyai hubung..."
305,112700,PT MITRA KREASIDHARMA,PUT-002452.15/2023/PP/M.IVA Tahun 2024 PEMI KEADILAN BERDASARKAN KETUHANAN YANG ,-,Pajak Penghasilan,Mengabulkan seluruhnya,transfer pricing,10,"16,35,37,40,41,47,72,84,88",9,92,"...oleh Pemohon Banding (dahulu Pemohon Keberatan) berupa penjualan kepada pihak afiliasi, maka metode Transfer Pricing yang tepat adalah metode TNMM dan profit margin yang wajar adalah sebesar 3,724, sedangkan profit m..."
306,112706,-,PUT-008042.15/2022/PP/M.IIIA Tahun 2024 DEMI KEADILAN BERDASARKAN KETUHANAN YANG,2019,Pajak Penghasilan,Mengabulkan seluruhnya,transfer pricing,8,"89,90,103,104",4,110,"...t, b. Bahwa berdasarkan fakta persidangan diketahui bahwa Pemohon Banding telah memberikan Dokumen Transfer Pricing yang telah direvisi oleh pihak yang Menyusun dokumen tersebut yaitu PT MUC dengan suratnya nomor 10..."
307,112726,-,-,2015,Pajak Penghasilan,-,transfer pricing,1,63,1,87,"...at (1) huruf h UU PPh juga konsisten dengan definisi royalti/intellectual property yang ada di OECD Transfer Pricing Guidelines (""OECD TP Guidelines”) paragraf 6.2. Royalti adalah imbalan atas penggunaan aset tak ber..."
308,112751,-,PUT-006676.15/2023/PP/M.XVIIIA Tahun 2 ing Nomor 001/FPI- PT Fuji Presisi-Tool I,2020,Pajak Penghasilan,-,transfer pricing,7,"12,37,38,40,47,53",6,60,"...urable p economic conditions, inefficiencies or other legitimate b usiness reason.” Guidance on the Transfer Pricing Implications of the COVID-19 Pandemic Paragraf 11 “An analysis of how sales volumes have changed du..."
309,112864,-,PUT-002318.15/2023/PP/M.VA Tahun 2024 DEMI KEADILAN BERDASARKAN KETUHANAN YANG M,2017,Pajak Penghasilan,Mengabulkan sebagian,transfer pricing,1,53,1,60,"...an spesifikasinya, baru kemudian dikirimkan ke Pemohon Banding; bahwa Pemohon Banding tidak membuat Transfer Pricing Documentation untuk mengetahui nilai kewajaran transaksinya, namun terkait hal itu, Terbanding juga..."
310,112865,PT.BERKAH: CIPTA KARYA,PUT-002349.15/2023/PP/M.IIIA Tahun 2024 DEMI KEADILAN BERDASARKAN KETUHANAN YANG,2018,Pajak Penghasilan,Mengabulkan seluruhnya,transfer pricing,3,"28,33,34",3,38,...iliasi pembayaran gaji kepada Hyacintha Mardanus sebagai direktur Pemohon Banding b. Memilih metode transfer pricing Dalam hal ini terbanding menggunakan metode perbandingan harga antara pihak yang independen (Compar...
311,112923,-,PUT-014354.15/2020/PP/M.IVA Tahun 2024 PT Indo Sawit Kekal,2013,Pajak Penghasilan,-,transfer pricing,18,"10,13,35,36,39,41,45,46,83,84,87,88,108,136,139,141",16,153,"...dengan “bukti yang kompeten adalah tidak berdasar dan tidak benar, bahwa sesuai dengan peraturan transfer pricing di Indonesia (PER-43, PER- 32, dan PER-22) yang memberikan pedoman dalam melakukan pemeriksaan terh..."
312,112940,PT BARENTZ,PUT-006262.15/2023/PP/M.IIIB Tahun 2024,2020,Pajak Penghasilan,Mengabulkan sebagian,transfer pricing,7,"44,47,48",3,68,"...IAN A JBA 35.010 000.000) 10014 bahwa berdasarkan dokumen bukti laporan keuangan dan 'Masiter File Transfer Pricing Halaman 12-13, Barentz Asia Pacific Pte. Ltd. dan Vitablend Asia Pacific Pte. Ltd., adalah anak per..."
313,113166,PT PELITA AGUNG AGRINDUSTRI,PUT-007409.15/2023/PP/M.XIVA Tahun 2024 DEMI KEADILAN BERDASARKAN KETUHANAN YANG,2020,Pajak Penghasilan,Mengabulkan seluruhnya,transfer pricing,13,"5,19,35,43,47,49,50,53,54,58,59",11,70,...pore. Sedangkan penjualan dalam negeri kepada perusahaan afiliasi dan pihak independen; bahwa dalam Transfer Pricing Documentation (TP-Doc) telah menyajikan pengujian kewajaran dan kelaziman usaha terkait transaksi-t...
314,113167,PT Pelita Agung Agrindustri,PUT-007410.13/2023/PP/M.XIVA Tahun 2024 DEMI KEADILAN BERDASARKAN KETUHANAN YANG,-,Pajak Penghasilan,Mengabulkan seluruhnya,transfer pricing,3,"17,20,21",3,26,...4/SBK_PAA2020/VI/2024 tanggal 24 Juni 2024; Bukti P-9. Sofkopi Kontrak; Bukti P-10. Sofkopi Dokumen Transfer Pricing; Bukti P-11. Sofkopi Penjelasan Tertulis Nomor 074/SBK_PAA2020/VIII/2024 tanggal 5 Agustus 2024; Me...
315,113289,PT. KEMIRA. CHEMICALS INDONESIA,PUT-002052.15/2023/PP/M.IIIB Tahun 2024 DEMI KEADILAN BERDASARKAN KETUHANAN YANG,2019,Pajak Penghasilan,Mengabulkan seluruhnya,transfer pricing,27,"10,11,12,13,34,35,53,69,70,72,90,92,93,116,117,119,123,129",18,169,"...alasan keberatan Pemohon Banding atas koreksi sebesar USD641,086.00 tersebut merupakan Penyesuaian Transfer Pricing atas transaksi pembelian-KCI kepada Kemira Oyj yang dicatat sebagai pengurang Harga Pokok Penjualan..."
316,113308,PT Eagleburgman,PUT-003551.15/2023/PP/M.IB Tahun 2024 DEMI KEADILAN BERDASARKAN KETUHANAN YANG M,2016,Pajak Penghasilan,Mengabulkan sebagian,transfer pricing,9,"11,12,29,30,34,42,43",7,54,"...uai dengan prinsip dan.asas kewajaran sesuai dengan Pasal 18 ayat (3) UU PPh - Bahwa mengacu pada Transfer Pricing. Documentation Pemohon Banding tahun 2016, dapat diketahui atas biaya — biaya tersebut $ Halaman..."
317,113359,PT.EAST WEST SEED INDONESIA,PUT-009833.15/2022/PP/M.VA Tahun 2024 PT East West Seed Indonesia,2019,Pajak Penghasilan,Mengabulkan seluruhnya,transfer pricing,12,"6,7,8,59,73,81,85",7,92,"...SE-50/2013) yang menjelaskan sebagai berikut: Pada praktiknya, penyelesaian atas kasus pemeriksaan transfer pricing sangat tergantung dengan FAKTA dan kondisi yang ada di lapangan. Oleh Karena itu, Pemeriksa Pajak H..."
318,113377,PT : Binasawit Abadipratama,PUT-011086.15/2022/PP/M.VA Tahun 2024 PT Binasawit Abadipratama,2019,Pajak Penghasilan,Mengabulkan seluruhnya,transfer pricing,14,"6,7,8,15,17,22,26,27,30,35,38,44,48",13,53,"A. Koreksi atas Penyesuaian Fiskal Positif berupa Penilaian Kewajaran (Transfer Pricing) Transaksi Pendapatan Bunga dari Pihak Afiliasi sebesar Rp126.191.491.940,00 Menurut Terbanding: »..."
319,113383,PT PREMIER DISTRIBUTION,PUT-013498.15/2022/PP/M.VIIIA Tahun 2024 DEMI KEADILAN BERDASARKAN KETUHANAN YAN,2019,Pajak Penghasilan,Mengabulkan sebagian,transfer pricing,22,"20,23,39,41,67,68,69,70,72,73,78,79,81",13,88,"...at transaksi pembelian dalam menghitung Retum of Sales (ROS) yang digunakan untuk kepentingan studi Transfer Pricing.Hal ini. dapatimmenggambarkan kinerja Pemohon Banding. Sehingga. menurut Terbanding, struktur Lapor..."
320,113389,PT INGREDION INDONESIA,PUT-013572.15/2021/PP/M.IIB Tahun 2024 DEMI KEADILAN BERDASARKAN KETUHANAN YANG ,2018,Pajak Penghasilan,Menolak,transfer pricing,7,"16,67,68,69",4,79,"...e functional analysis of the transaction. As a general rule, the tested party is the one to which a transfer pricing method cambeapplied in the most reliable manner and for which the most reliable comparables can be..."
321,113401,PT EPSON BATAM,PUT-000580.15/2023/PP/M.VA Tahun 2024 DEMI KEADILAN BERDASARKAN KETUHANAN YANG M,2019,Pajak Penghasilan,Mengabulkan seluruhnya,transfer pricing,6,"9,23,62,84,86,90",6,94,"...ahwa apabila diperhitungkan dengan koreksi negatif pada pos HPP di bawah maka total koreksi terkait Transfer Pricing menjadi sebesar USD 17.020.143,87 ---- K6FER5IPEFEds-r5inisalia ---s--23.6-..o-1-2T9-2-9:7r -- - Ko..."
322,113411,-,PUT-002534.15/2023/PP/M.IIIA Tahun 2024 DEMI KEADILAN BERDASARKAN KETUHANAN YANG,2020,Pajak Penghasilan,-,transfer pricing,26,"19,20,22,24,48,55,62,66,67,78,102,103,108,110,148,149,151,152,155,158,163",21,167,"...telah mencapai hasil yang wajar. Hal. inijuga secara implisit disepakati oleh European Union Joint Transfer Pricing Forum (""EU JTPF""), yang juga menyatakan bahwa mark-up yang umum digunakan adalah 596, seperti yang..."
323,113429,PT CASTROL.INDONESIA,PUT-004725.15/2023/PP/M.IIIB Tahun 2024 DEMI KEADILAN BERDASARKAN KETUHANAN YANG,2020,Pajak Penghasilan,-,transfer pricing,13,"20,27,33,39,55,56,61,67,84,89",10,102,"...ding atas Biaya Pemasaran Sebesar Rp12.332.847.821,00 1. Pengertian. Serta Interpretasi Atas Konsep Transfer Pricing Yang Tidak Tepat a. Terbanding melakukan koreksi dengan mengacu kepada Pasal 18 ayat (35 UU PPh y..."
324,113505,PT AGRO ABADI CEMERLANG,PUT-011033.15/2022/PP/M.IllB Tahun 2024 DEMI KEADILAN BERDASARKAI,2019,Pajak Penghasilan,-,transfer pricing,20,"57,58,59,61,62,99,100,114,207",9,217,...ubungan lstimewa yang dijadikan sebagai pembanding. Pasal 1 angka 1 1 Penentuan Harga Transfer atau Transfer Pricing yang selanjutnya disebut Transfer Pricing adalah penentuan harga dalam transaksi antara pihak-pihak...
325,113506,PT AGRO ABADI CEMERLANG,PUT-011054.13/2022/PP/M.IIIB Tahun 2024 DEMI KEADILAN BERDASARKAN KETUHANAN YANG,-,Pajak Penghasilan,Tidak dapat diterima,transfer pricing,1,18,1,36,...adap Wajib Pajak yang Mempunyai Hubungan lstimewa Lampiran I Bab 11 Tahapan Pelaksanaan Pemeriksaan Transfer Pricing 3. Menerapkan Prinsip Kewajaran dan Kelaziman Usaha b. transaksi jasa-intra grup (i.nfai7roup servt...
326,113507,PT AGRO ABADI CEMERLANG,PUT-011055.13/2022/PP/M.IllB Tahun 2024 DEIvll KEADILAN BERDASARKAN KETUHANAN YA,-,Pajak Penghasilan,Tidak dapat diterima,transfer pricing,1,18,1,36,"...adap Wajib Pajak yang Mempunyai Hubungan lstimewa Lampiran I Bab 11 Tahapan Pelaksanaan Pemeriksaan Transfer Pricing 3. Menerapkan Prinsip Kewajaran dan Kelaziman Usaha b, transaksi jasa-intra grup (/.r)froi}rot/p se..."
327,113508,-,-,-,Pajak Penghasilan,-,transfer pricing,9,"14,54,55,61,105,106",6,114,...an perpajakan yang berlaku. 8) Beberapa panduan dalam praktik internasional terkait tax treaty dan transfer pricing: a) Article 10 paragraph 3. of.the.2017 OECD Model Tax Convention on Income and on Capital (OECD M...
328,113509,PT NUON DlG!iTAL INDONESIA,puT012696.15/2023/PP/M.IXA Tahun 2024 I DEMI KEADILAN BFRDASARKAN KETUHANAN yang,2017,Pajak Penghasilan,-,transfer pricing,30,"16,42,47,58,59,61,68,83,84,86,87,91,98,103,111,129,132,134,135,136,138,139,145,146",24,149,...ph -Pasall8ayat(4)UUpph • PMK-213/PMK.03/2016 - PER-22/PJ/2013 • SE-50/PJ/2013 Ketentuan lain: OECD Transfer Pricing Guidelines Tahun 2017 Menurut Pemohon Banding bahwa Pemohon Banding tidak setuju dengan koreksi yan...
329,113512,PT STEEL CENTER INDONESIA,PUT-000205.15/2024/PP/M.IXA Tahun 2024 DEMI KEADILAN BERDASARKAN KETUHANAN YANG ,2020,Pajak Penghasilan,-,transfer pricing,14,"9,13,16,28,29,40,42,80,83,84,85,86,87",13,94,"...dengan alasan sebagai berikut: et A. bahwa analisis transaksi hubungan istimewa dalam Dokumen Tn (Transfer Pricing Documentation) Tahun Pajak 2020 m ni bahwa laba Pemohon Banding selama Tahun Pajak do ajar, sehingg..."
330,113547,-,-,2020,Pajak Penghasilan,-,transfer pricing,2,"60,71",2,74,...al 14 PER-32/PJ/2011 yang menjadi dasar hukum koreksi Terbanding tidak tepat diterapkan'dalam kasus transfer pricing dalam negeri in casu transaksi.Royalti-dan transaksi Jasa Manajemen antara Disclaimer Salinan Put...
331,113595,-,-,2020,Pajak Penghasilan,-,transfer pricing,7,"19,31,57,82,83,85",6,96,"Salinan Putusan Pengadilan Pajak setpp.kemenkeu.go.id bahwa mengacu pada Transfer Pricing Documentation Pemohon Banding tahun 2020, dapat diketahui atas Na biaya-biaya tersebut telah diuj..."
332,113607,PT GH EMM Indonesia,PUT-008385.15/2021/PP/M.IA Tahun 2024 Tm PT GH EMM Indonesia,2018,Pajak Penghasilan,-,transfer pricing,2,"46,57",2,104,"...Surat Edaran Direktur Jenderal Pajak Nomor SE-04/PJ.7/1993 tentang Petunjuk Penanganan Kasus-Kasus Transfer Pricing, menyatakan bahwa Undang-Undang perpajakan menganut asas materiil (substance.over form rule). Bah..."
333,113637,-,PUT-011382.15/2023/PP/M.IXA Tahun 2024 PT Tokai Rubber Indonesia,2020,-,-,transfer pricing,16,"58,60,70,112,127,129,130,132,137",9,141,"...eriksaan Terhad Banding yang Mempunyai Hubungan Istimewa ala engatur: des pelaksanaan Pemeriksaan transfer pricing terdiri dari a) menentukan karakteristik usaha Pemohon Banding, b) memilih metode transfer pricin..."
334,113661,-,-,2015,Pajak Penghasilan,-,transfer pricing,14,"14,15,16,18,19,27,47,48,50,55,76",11,84,"...rusnya NP $ kembali atas nilai kewajaran transaksi afiliasi Pemohon Banding menggunakan peraturan Transfer Pricing yang berlaku di Indonesia, ricing antara lain Pasal 18 ayat (3) UU PPh dan perat aa ra yang relev..."
335,113671,-,-,2017,Pajak Penghasilan,-,transfer pricing,12,"9,11,17,23,30,31,40,52,69",9,78,"...an penyesuaian yang akurat untuk K langkan pengaruh dart perbedaan kondisi yang timbul."" njut ECD Transfer Pricing Guidelines for Multinational Enterprises and Pp » eNNton (""Pedoman OECD"") 2017 paragraf 2.15 menya..."
336,113778,PT .SEKASA INTI PRATAMA,PUT-010723.15/202/PP/M.XIIB Tahun 2024 PT Sekasa Inti Pratama,2016,Pajak Penghasilan,Mengabulkan sebagian,transfer pricing,1,34,1,61,"...i Beton, Bukti P-139. Form Evaluasi Training SNI: Bukti P-140. Materi Training SNI: Bukti P-141. Transfer Pricing Documentation 2016, Menimbang bahwa Terbanding dalam persidangan mengajukan alat bukti berupa (fot..."
337,113779,PT.AUTOLIV INDONESIA,PUT-010796,2020,-,Mengabulkan sebagian,transfer pricing,28,"7,16,17,19,20,21,25,28,30,32,37,39,40,41,44,46,58,65",18,82,"...dan kelaziman usaha, sehingga Terbanding melakukan penyesuaian ke A2: b. bahwa perhitungan koreksi transfer pricing saat ini adalah koreksi seluruh biaya jasa.dan Biaya Usaha Lainnya. Apabila Pemohon Banding dapat m..."
338,113796,PT MONDELEZ INDONESIA TRADING,-,2019,Pajak Penghasilan,Mengabulkan sebagian,transfer pricing,5,"13,26,27,34",4,102,"...atkan remunerasi atas fungsi terkait DEMPE yang dilakukannya: bahwa lebih lanjut, berdasarkan OECD Transfer pricing Guideline paragraf 6.54 dijelaskan bahwa dalam” melihat remunerasi atas pemanfaatan IP, tidak sehar..."
339,113806,PT HONDA PRECISION PARTS MANUFACTURING,PUT-000388.15/2022/PP/M.XIIIB Tahun 2024 DEMI KEADILAN BERDASARKAN KETUHANAN YAN,2018,-,Mengabulkan sebagian,transfer pricing,68,"10,26,27,28,32,36,37,39,50,52,53,56,57,58,64,66,67,68,70,71,72,73,75,84,85,91,111,116,124,125,140,141,144,146,153,165,176,177,191,192,193,212,215,216,223,227",46,231,"...ian, dapat disimpulkan bahwa terdapat koreksi peredaran usaha Pemohon Banding berdasarkan pengujian transfer pricing sebesar $67,329,108: e Berdasarkan hal-hal tersebut di atas, Terbanding berpendapat bahwa Koreksi..."
340,113820,PT Siak Prima Sakti,PUT-005670.15/2023/PP/M.XXB Tahun 2024,2020,Pajak Penghasilan,-,transfer pricing,8,"13,15,23,43,46",5,64,"...wa: 1. cuplikan dari Lampiran I Bab II Tahapan Pemeriksaan Transfer Pricing, butir 2 Memilih Metode Transfer Pricing antara lain: ""a. Mengidentifikasi ketersediaan pembanding Salah satu hal penting dalam memilih meto..."
341,113824,PT CASTROL INDONESIA,PUT-005734.15/2021/PP/M.XVIIIA Tahun 2024 DEMI KEADILAN BERDASARKAN KETUHANAN YA,2015,Pajak Penghasilan,Mengabulkan seluruhnya,transfer pricing,20,"5,13,14,20,30,40,41,44,45,46,47,51,52,58,59,62",16,76,"...ing juga mengacu kepada Chapter VI: Intangible property paragraph 6.76 sampai dengan 6.79 pada OECD Transfer Pricing Guidelines dan Terbanding membuat suatu konsep, di mana biaya marketing dari suatu-perusahaan yang..."
342,113830,PT MONDELEZ INDONESIA TRADING,PUT-007964.15/2023/PP/M.XVIA Tahun 2024 DEMI,2020,Pajak Penghasilan,Mengabulkan sebagian,transfer pricing,4,"25,29,30",3,92,"...iasi nya dalam rangka mendapatkan manfaat skala ekonomi. Hal ini dinyatakan dalam Paragraf 7.2 OECD Transfer Pricing Guidelines 2017 yang menyatakan bahwa: ""Nearly every MNE group must arrange for a wide scope of se..."
343,113861,PT CASTROL INDONESIA,PUT-012988.15/2021/PP/M.XVIIIA Tahun 2024 DEMI KEADILAN BERDASARKAN KETUHANAN YA,2018,Pajak Penghasilan,Mengabulkan seluruhnya,transfer pricing,12,"4,5,14,22,32,33,34,48,54",9,74,"...h Pemohon Banding, Alasan Pengajuan Banding (Posita) 1. Pengertian, Serta Interpretasi Atas Konsep Transfer Pricing Yang Tidak Tepat a.. bahwa Terbanding melakukan koreksi dengan mengacu kepada Pasal 18 ayat 3 UU PP..."
344,113869,PT SUNWAY TREK MASINDO,PUT-000804.15/2023/PP/M.VIB Tahun 2024 DEMI KEADILAN BERDASARKAN KETUHANAN YANG ,2019,Pajak Penghasilan,Mengabulkan seluruhnya,transfer pricing,26,"10,13,14,20,25,28,34,37,44,45,46,60,68,71,76,91,94",17,122,"...ngan alasan Koreksi penyesuaian fiskal positif berasal dari penyesuaian fiskal positif lainnya atas transfer pricing dimana terdapat koreksi, atas” atribusi pembelian dan pembayaran jasa. Penjelasan secara lengkap sb..."
345,113870,PT SEWU SEGAR NUSANTARA,PUT-001404.15/2023/PP/M.VIB Tahun 2024 DEMI KEADILAN BERDASARKAN KETUHANAN YANG ,2016,Pajak Penghasilan,-,transfer pricing,3,"64,87",2,105,"...Print out logo perusahaan, Fotokopi sertifikat logo, Fotokopi Laporan Keuangan PT GGP: Fotokopi Transfer Pricing Documentation PT SSN, Fotokopi Transfer Pricing Documentation PT GGP: Daftar nominatif Biaya Enter..."
346,113879,PT CFLD TANGERANG NEW INDUSTRY CITY DEVELOPMENT,PUT-008430.15/2022/PP/M.VIB Tahun 2024 DEMI KEADILAN. BERDASARKAN KETUHANAN YANG,2018,Pajak Penghasilan,-,transfer pricing,10,"31,32,35,100,103",5,116,...iman Usaha Tahapan penerapan prinsip kewajaran dan kelaziman“usaha dilakukan setelah memilih metode transfer pricing yang paling sesuai. Hal-hal yang perlu diperhatikan dalam menerapkan prinsip kewajaran dan kelazima...
347,113930,-,-,2013,Pajak Penghasilan,-,transfer pricing,2,"41,55",2,61,"...domestik dan tidak ada perbedaan tarif N bahwa Pasal 18 ayat (3) UU PPh secara khusus ai ketentuan transfer pricing, dimana Ka EN r pricing harus tunduk pada peraturan turunannya, yaitu P. TN Jenderal Pajak Nomor PE..."
348,114013,PT ABBOT,PUT-014142.15/2022/PP/M.XVIA Tahun 2024 DEMI KEADILAN BERDASARKAN KETUHANAN YANG,2019,Pajak Penghasilan,Mengabulkan sebagian,transfer pricing,1,42,1,68,"...ukan. Nota Retur & SSP"" 3. Isem pph ps 21. PPh Ps. 23, PPh Ps 4 (2) beserta lampiran, bukti ng 4. (Transfer Pricing Document 5 Copy Akte Pendirian, akte perubahan modal (sampai deng ) 8. (Struktur Organisasi Usaha d..."
349,114044,PT AGRI HIKAY INDONESIA,PUT-001326.15/2022/PP/M.VIIIA Tahun 2024 DEMI,2018,Pajak Penghasilan,-,transfer pricing,12,"11,12,13,19,40,41,43,48,56,58",10,71,"...e functional analysis of the transaction. As a general rule, the tested party is the one fo which a transfer pricing method.can be.applied in the most reliable manner and for which the most reliable comparables can b..."
350,114046,PT AGRI HIKAY INDONESIA,PUT-002783.15/2021/PP/M.MIIIA Tahun 2024 DEMI KEADILAN BERDASARKAN KETUHANAN YAN,2017,Pajak Penghasilan,-,transfer pricing,48,"10,12,14,15,16,20,23,36,42,46,47,50,51,52,54,55,56,57,68,69,71,72,73",23,83,...dasarkan adat kebiasaan pengusaha yang baik dan memenuhi prinsip kewajaran dibuktikan dengan adanya Transfer Pricing documents (TP Dokumen) Pemohon Banding yang membuktikan bahwa harga transaksi yang dilakukan Pemoho...
351,114072,PT. ERM INDONESIA,PUT-000756.15/2023/PP/M.VIB Tahun 2024 DEMI KEADILAN BERDASARKAN KETUHANAN YANG ,2019,Pajak Penghasilan,-,transfer pricing,7,"38,102,153,160,161",5,170,"...alokasi khusus kepada setiap anak perusahaan penerima Group Services. Pemohon Banding telah membuat Transfer Pricing Document yang berisi analisa atas Penggunaan metode “Cost Plus"" atas biaya Group Service dan membuk..."
352,114081,PT PRECISION ENERGY SERVICES INDONESIA,PUT-003874.15/2023/PP/M.VIA Tahun 2024 DEMI KEADILAN BERDASARKAN KETUHANAN YANG ,2018,Pajak Penghasilan,-,transfer pricing,7,"8,9,17,33,36",5,49,...wa Terbanding telah mengakui adanya eksistensi jasa yang diterima oleh Pemohon Banding: bahwa OECD Transfer Pricing Guidelines for Multinational Enterprises and Tax Administrations Edisi July 2017 menyebutkan bahwa...
353,114089,PT.SINARPERDANA CARAKA,PUT-007862.15/2023/PP/M.VIA Tahun 2024,2020,Pajak Penghasilan,-,transfer pricing,19,"8,17,23,25,26,36,42,44,45,48,52",11,56,...emenkeu.go.id Pasal 2 1) Nan n Direktur Jenderal Pajak ini berlaku untuk Penentuan Harga ransfer (Transfer Pricing) atas transaksi yang dilakukan Wajib Pajak Pajak Luar Negeri diluar Indonesia. CAN ») Dalam Neger...
354,114108,-,-,2018,Pajak Penghasilan,-,transfer pricing,12,"14,25,27,28,37,43,44,45,50,87,151",11,171,"...PL berhak mendapatkan asi atas fungsi terkait DEMPE yang dilakukannya, Ag lanjut, berdasarkan OECD Transfer pricing Guideline koe 6.54 dijelaskan bahwa dalam melihat remunerasi atas | pemanfaatan IP, tidak seharusny..."
355,114130,PT LIMAO NOVATEX,PUT-009891.15/2023/PP/M.XVIIIB Tahun 2024,2020,Pajak Penghasilan,-,transfer pricing,3,"19,33,55",3,86,"...a terkait koreksi peredaran usaha yaitu: a) Laporan Keuangan/Audit Report 2020, b) Dokumen Lokal/ Transfer Pricing Document Tahun 2020: c) Rincian transaksi dengan disertai seluruh Kontrak/Perjanjian dan adendumny..."
356,114172,PT CASTROL INDONESIA,PUT-013991.15/2020/PP/M.XVIIIA Tahun 2024 DEMI KEADILAN BERDASARKAN KETUHANAN YA,2017,Pajak Penghasilan,Mengabulkan sebagian,transfer pricing,22,"5,14,21,28,29,31,41,42,44,45,48,49,51,58,60,63,85,86",18,92,...) A. bahwa Penghasilan dari luar usaha Rp45.547.841.064 1-Pengertian Serta Interpretasi Atas Konsep Transfer Pricing Yang Tidak Tepat a. bahwa Terbanding melakukan koreksi dengan mengacu kepada Pasal 18 ayat 3 UU P...
357,114195,PT ADVICS INDONESIA,PUT-000055.15/2023/PP/M.VIB Tahun 2024 DEMI KEADILAN BERDASARKAN KETUHANAN YANG ,2019,Pajak Penghasilan,-,transfer pricing,19,"12,14,15,17,18,28,30,40,41,45,54,57,59,60,73,74,80,81",18,87,...lama proses pemeriksaan pajak dengan alasan-alasan berikut: 1. bahwa Terbanding .menyetujui metode transfer pricing sebagaimana perhitungan Pemohon Banding pada TP Documentation: 2. bahwa. Terbanding menolak satu p...
358,114272,PT TOLAN TIGA INDONESIA,PUT-001910.15/2023/PP/M.VIB Tahun 2024 DEMI KEADILAN BERDASARKAN KETUHANAN YANG ,2019,Pajak Penghasilan,-,transfer pricing,8,"39,48,51,83,85,92,93,95",8,101,"...g Tahun Pajak 2019, Cc. bahwa Terbanding menolak alasan keberatan Pemohon Banding terhadap metode transfer pricing karena penentuan metode transfer pricing oleh Pemeriksa telah sesuai SE-50/PJ/2013 dan mempertahank..."
359,114295,-,-,2015,-,-,transfer pricing,16,"11,15,23,40,41,42,48,58,59,60,64,65,67",13,72,...menunjukan perhitungan tentang pera Ja jasa management. Sebagai informasi La aka telah menyerahkan Transfer Pricing on aa saat pemeriksaan pajak. Halaman 44 bagian 8 mengenai ” Transfer Pricing Documentation dijela...
360,114337,-,-,2019,Pajak Penghasilan,Mengabulkan sebagian,transfer pricing,10,"6,7,8,11,39,53,114,120",8,127,"...18 ayat (3). Selain itu, Terbanding juga tidak menggunakan pedoman atau petunjuk teknis pemeriksaan Transfer Pricing yang berlaku di Indonesia yang diatur dalam Peraturan Direktur Jenderal Pajak Nomor PER-22/PJ/2013..."
361,114409,PT BONAVISTA POLYPACK,PUT-016253.15/2020n,-,Pajak Penghasilan,-,transfer pricing,3,"30,42,65",3,69,"...erbedaan kondisi dalam kedua jenis transaksi dimaksud. (5) Angka 8, bahwa Penentuan Harga TTanster (Transfer Pricing) adalah penentuan harga dalam transaksi antara pihakpihak yang mempunyai Hubungan lstimewa. Pasal 2..."
362,114512,PT. Ciliandra Perkasa,PUT-005282.15/2023/PP/M.XVIB Tahun 2024 DEMI KEADILAN BERDASARKAN KETUHANAN YANG,2020,Pajak Penghasilan,Mengabulkan sebagian,transfer pricing,2,"52,87",2,98,...-34. Bukti P-35. Bukti P-36. Bukti P-37. Bukti P-38. Bukti P-39. Bukti P-40. BuktiP-41. Fotokopi Transfer Pricing Documentation Financial Year ended 31 December 2017 Module T-1 : Provision of Technical Assistance...
363,114553,PT ESSITY HYGIENE AND HEALTH INDONESIA,PUT-008025.15/2023/PP/M.XIIB Tahun 2024 PT ESSITY HYGIENE AND HEALTH INDONESIA,2020,Pajak Penghasilan,Mengabulkan seluruhnya,transfer pricing,20,"10,18,25,26,28,34,48,60,70,79,80,82,100,103,104,108,116",17,144,...013 - PER-43/PJ/2010 s.t.d.i.d. PER-32/PJ/2011 - SE-04/PJ.7/1993 s.t.d.t.d. SE-50/PJ/2013 “OECD TPG Transfer Pricing Guidelines for Multinational Enterprises and Tax Administration Menurut Pemohon Banding bahwa Pemoh...
364,114561,PT. JEBSEN JESSEN INGREDIENTS INDONESIA,PUT-009085.15/2019/PP/M.XVIIIB Tahun 2024,2016,Pajak Penghasilan,Mengabulkan sebagian,transfer pricing,5,"23,24,36,37",4,93,"...2018 dan nomor S-5513/WPJ.07/BD.05/2018 tanggal 16 Nopember 2018: Pemohon Banding tidak meminjamkan Transfer Pricing Document tahun 2016 sehingga tidak dapat diketahui kewajaran transaksi tersebut, Pemohon Banding j..."
365,114670,PT.AGRO ABADI CEMERLANG,PUT-004831.15/2023/PP/M.IIIB Tahun 2024 DEMI KEADILAN BERDASARKAN KETUHANAN YANG,2017,Pajak Penghasilan,-,transfer pricing,9,"11,34,42,87,95,105,106,108",8,135,"...seluruh data pendukung sehubungan dengan pembayaran jasa manajemen yaitu berupa: 1. Dokumen Lokal Transfer Pricing untuk Tahun Pajak 2017: Laporan Keuangan Tahun Pajak 2017, SPT PPh Badan Tahun Pajak 2017, general..."
366,114717,-,PUT-009536.15/2023/PP/M.XVIIIA Tahun 2024 PT VVF Indonesa,2017,Pajak Penghasilan,-,transfer pricing,13,"5,6,7,9,49,54,58,69",8,91,...asar Hukum axPasal 12 dan Pasal 13 ayat (1) dan ayat (2) UU KUP b. Pasal 18 UU PPh bahwa pengujian Transfer Pricing sangat bergantung pada fakta dan kondisi usaha dan transaksi afiliasi Pemohon Banding. Terbanding p...
367,114725,PT EKA DHARMA JAYA SAKTI,PUT-010713.15/2023/PP/M.VB Tahun 2024 DEMI KEADILAN BERDASARKAN KETUHANAN YANG M,2020,Pajak Penghasilan,-,transfer pricing,1,27,1,32,"...ajak yang mempunyai Hubungan Istimewa, antara lain dinyatakan sebagai berikut: “Dalam pemeriksaan transfer pricing, perlu dilakukan penelitian awal atas kinerja finansial Wajib Pajak untuk mengidentifikasi risiko p..."
368,114741,-,PUT-014359.15/2021/PP/M.IIA Tahun 2024,2018,Pajak Penghasilan,-,transfer pricing,8,"25,129,130,131",4,184,...tahun 2015 - 2017 P digunakan dikarenakan mengacu pada ketersediaan informasi pada saat analisis transfer pricing dilakukan. Hal ini sejalan dengan prinsip contemporaneous sebagaimana dimaksud dalam OECD Transfe...
369,114800,PT WF INDONESIA,PUT-003777.15/2023/PP/M.XVIllA Tahun 2024 iiiE,2016,Pajak Penghasilan,-,transfer pricing,13,"6,8,19,20,21,55",6,69,"...aras dengan tahapan yang berlaku umum secara intemasional yaitu yang diatur dalam Paragraf 3.4 OECD Transfer Pricing Guidelines (""OECD Guidelines"") dengan tahapan sebagai berikut: Tahap 1 : Penentuan tahun yang diana..."
370,114813,PT JEBSEN JESSEN INGREDIENTS INDONESIA,PUT-010971.15/2020/PP/M.XVIIIB Tahun 2024,2017,Pajak Penghasilan,Menolak,transfer pricing,1,30,1,80,bahwa gambaran hubungan istimewa antara Pemohon banding dan pihak afiliasinya sesuai dengan Dokumen Transfer Pricing sebagai berikut; bahwa pembayaran management fee kepada pihak-pihak afiliasi yaitu Jebsen & Jessen...
371,114820,PT VVF INDONESIA,PUT-000361.15/2024/PP/M.XVIIIA Tahun 2024 DEMI KEADILAN BERDASARKAN KETUHANAN YA,2020,Pajak Penghasilan,Mengabulkan sebagian,transfer pricing,17,"5,6,7,8,9,21,30,31,38,40,57",11,76,...sar Hukum a. Pasal 12 danPasal 13 ayat (1) dan ayat (2) UU KUP b. Pasal 18 UU PPh bahwa Pengujian Transfer Pricing sangat bergantung pada fakta dan kondisi usaha dan transaksi afiliasi Pemohon Banding. Terbanding p...
372,114996,PT SUKSES OSEAN KHATULISTIWA LINE,PUT-001811.15/2024/PP/M.VIIIB Tahun 2024 DEMI KEADILAN BERDASARKAN KETUHANAN YAN,2017,Pajak Penghasilan,-,transfer pricing,2,"13,25",2,48,...timewa mengatur bahwa Peraturan Direktur Jenderal Pajak ini berlaku untuk Penentuan Harga Transfer (Transfer Pricing) atas transaksi yang dilakukan Wajib Pajak Dalam Negeri atau Bentuk Usaha Tetap di Indonesia dengan...
373,115021,PT Gasemas.,PUT-007277.15/2023/PP/M.XIVB Tahun 2024,2020,Pajak Penghasilan,Mengabulkan seluruhnya,transfer pricing,16,"13,14,31,32,35,39,41,42,45,47,48",11,51,...ngan istimewa tidak dilakukan dalam rangka penghindaran pajak. Temuan ini merupakan hasil pengujian transfer pricing atas penjualan Pemohon Banding kepada pihak afiliasi (dimana seluruhnya adalah Wajib Pajak Dalam Ne...
374,115237,-,-,-,Pajak Penghasilan,-,transfer pricing,41,"6,7,8,9,10,23,25,31,32,33,35,36,41,42,45,46,52,54,56,57,59,60,61,62,63,78",26,92,"Salinan Putusan Pengadilan Pajak setpp.kemenkeu.go.id (ii) Paragraf 4.7 OECD Transfer Pricing Guidelines 2021: sfer Pricing merupakan sengketa yang memerlukan » ""pemahaman fakta yang mendalam..."
375,115240,-,-,-,-,-,transfer pricing,27,"11,15,16,80,81,82,83,84,85,86,89,93,96,97,99,101,104",17,109,"...an nilai dan citra merek, b. Terbanding telah keliru dalam menafsirkan paragraf 6.37-6.39 dari OECD Transfer Pricing Guidelines for Multinational Enterprise and Tax Administr aka Edition (""Pedoman OECD 2010"") dan SN..."
376,115308,-,-,2019,Pajak Penghasilan,-,transfer pricing,12,"12,17,23,55,56,64,71,77,118,128",10,185,"...berikut: bahwa Paragraf 7.5, Bab VII dari uk CD TP 2017 menyatakan bahwa: “There are two PA e K of transfer pricing for intragroup service Tan whether intra-group services have in fact been ra ther issue is what the..."
377,115311,PT PRICEWATERHOUSECOOPERS CONSULTING INDONESIA,PUT-009746.15/2022/PP/M.XVIA Tahun 2024 F PT Pricewaterhousecoopers Consulting I,2018,Pajak Penghasilan,-,transfer pricing,15,"23,70,71,91,93,94,105,106,134,141,143,144",12,158,...an tersebut diakui NP Praha nam sebagaimana tertulis di Paragraf 7.2 dan Paragraf Yi 714 dari OECD Transfer Pricing Guidelines for Multinational b Enterprises and Tax Administrations (“Pedoman T hhe Paragraf 7.2 da...
378,115666,PT SHARP SEMICONDUCTOR INDONESIA,PUT-013936.15/2022 P/ PM/ .XIIB Tahun2 024 DEMI KEADILAN BERDASARKAN KETUHANAN Y,2019,Pajak Penghasilan,-,transfer pricing,28,"12,18,20,21,22,37,38,39,44,45,46,47,48,57,61",15,67,...g telah menyelanggarakan dan mendokumentasikan kewajaran transaksi afiliasi sesuai dengan peraturan Transfer Pricing yang berlaku bahwa Pemohon Banding telah menyiapkan Dokumen Lokal Transfer Pricing (TP Doc”) untuk...
379,115669,PT HAGIHARA WESTJAVA INDUSTRIES,PUT-014400.15/2021/PP/M.IB Tahun 2024 DEMI KEADILAN BERDASARKAN KETUHANAN YANG M,2018,Pajak Penghasilan,Mengabulkan sebagian,transfer pricing,11,"17,32,63,77,78,88,92,93,161",9,164,....Pemohon Banding telah menjabarkan alur pemilihan data pembanding yang digunakan dalam perhitungan transfer pricing. Database yang digunakan Pemohon Banding menggunakan database ORIANA dengan kriteria: DAN ? Y ....
380,115680,PT ACRYL TEXTILE MILLS,PUT-000385.15/2022/PP/M.IVA Tahun 2024 DEMI KEADILAN BERDASARKAN KETUHANAN YANG ,2018,Pajak Penghasilan,Menolak,transfer pricing,32,"10,12,20,22,24,25,42,44,45,48,49,55,57,58,63,64,67,68,69,70,72,73,75",23,80,"...arga Pokok Penjualan sebesar $824,823 Menurut Terbanding: bahwa Terbanding mempertahankan koreksi Transfer Pricing berdasarkan pengujian dengan metode TNM dan mengatribusikan koreksi tersebut pada Peredaran Usaha d..."
381,115697,-,-,-,Pajak Penghasilan,-,transfer pricing,31,"15,17,18,19,21,36,76,77,100,102,104,120,143,144,149,166,168,171,172,176,177,191,203,205",24,245,"...bawah kondisi pasar A2 n menanggung risiko yang sama. Search strategy telah kan secara rinci dalam Transfer Pricing Documentation (""TPD"") GP Pemohon Banding: AN bahwa sesuai dengan Pedoman OECD dalam menentukan da..."
382,115752,PT. NIAGA SEJAHTERA PLASTIK INDUSTRI,PUT-004668.15/2023/PP/M.IIIA Tahun 2024 DEMI KEADILAN BERDASARKAN KETUHANAN YANG,2017,Pajak Penghasilan,-,transfer pricing,7,"9,42,52,113,114",5,130,"...ses pengujian atas kewajaran transaksi afiliasi sebagaimana tertuang dalam Kertas Kerja Pemeriksaan Transfer Pricing sesuai PER- 22/PJ/2013, Menurut Pemohon Banding: Pemohon Banding tidak setuju atas koreksi Terban..."
383,115846,PT ARZARA BARAINDO ENERGITAMA,PUT-009076.15/2023/PP/M.XVIA Tahun 2024 PEMI KEADILAN BERDASARKAN KETUHANAN YANG,2020,Pajak Penghasilan,Mengabulkan sebagian,transfer pricing,1,6,1,95,"...Pemohon Banding untuk Tahun Pajak 2020, Terbanding menggunakan harga batubara per unit berdasarkan Transfer Pricing Document (TP Doc) Tahun 2020 dan Laporan Keuangan yang telah diaudit.oleh Kantor Akuntan Publik Tan..."
384,115862,PT BUNGO PERMAI LESTARI,PUT-009371.15/2021/PP/M.XVIIIA Tahun 2024 DEMI KEADILAN BERDASARKAN KETUHANAN YA,2016,Pajak Penghasilan,-,transfer pricing,10,"7,13,21,38,41,47,50",7,54,...eriksaan Terhadap Wajib Pajak yang mempunyai Hubungan Istimewa yang-selanjutnya disebut Pemeriksaan Transfer Pricing: f. bahwa berdasarkan pasal-pasal diatas Tim Peneliti Keberatan berpendapat bahwa dasar koreksi Te...
385,115873,-,-,-,-,-,transfer pricing,9,"20,21,36,43,45,66,67",7,87,"...l, with the more normal results of prior years in N e order to test the arm's length nature of the transfer pricing policy applied in Xe FY2020” Dengan terjemahan bebas sebagai berikut: NA “29. ...penggunaan perio..."
386,115885,PT Kreasijaya Adhikarya,PUT-011301.15/2023/PP/M.XXA Tahun 2024,2017,Pajak Penghasilan,Mengabulkan seluruhnya,transfer pricing,11,"20,21,33,45,62,72,82",7,97,...asizes that faxpayers can assist.tax adminisirations in conducting an informed examination of their transfer pricing practices related to commodity transactions by providing: » Documentation on the price-setting pol...
387,115898,PT. STAEDTLER INDONESIA,PUT-012157.15/2021/PP/M.IA Tahun 2024 DEMI KEADILAN BERDASARKAN KETUHANAN YANG M,2018,Pajak Penghasilan,Mengabulkan sebagian,transfer pricing,11,"8,10,25,38,40,44,46,55",8,66,"...kitar perusahaan tersebut, tidak hanya dari kinerja keuangannya. Hal ini juga disebutkan dalam OECD Transfer Pricing Guidelines paragraf 3.64: Paragraf 3.64 “An independent enterprise would not continue loss-genera..."
388,115905,-,PUT-012937.15/2019/PP/MXVIB Tahun 2024 Salinan Putusan Pengadilan Pajak ini meru,2016,Pajak Penghasilan,-,transfer pricing,11,"10,12,39,45,52",5,63,"...bahwa sistem penyesuaian kesebandinga Watrutar konsultan TP Doc telah sesuai de px endasi Panduan Transfer Pricing yang diatur ol CD: dimana PMK 213 sebagai dasar dan panduan penyi kumen Transfer Pricing, juga meng..."
389,115940,PT PRICOL SURYA INDONESIA,PUT-010520.15/2022/PP/M.VA Tahun 2024 DEMI KEADILAN BERDASARKAN KETUHANAN YANG M,2019,Pajak Penghasilan,Mengabulkan sebagian,transfer pricing,2,"11,23",2,37,"...a berdasarkan Organization for Economic Co-operation and Development (OECD) pedoman penetapan harga transfer pricing, tidak ada ketentuan bahwa NCP harus selalu positif, maka dengan demikian Pemohon Banding..sudah se..."
390,115980,PT ZINKPOWER BATAM INDO,PUT-008096.15/2019/PP/M. XVIB Tahun 2024 DEMI KEADILAN BERDASARKAN KETUHANAN YAN,2016,Pajak Penghasilan,-,transfer pricing,31,"32,34,35,36,37,38,40,41,42,45,53,55,59,63",14,98,"...unyai Hubungan Istimewa BabilI B. Tahapan Pelaksanaan Pemeriksaan Tahapan pelaksanaan Pemeriksaan transfer pricing terdiri dari menentukan karakteristik usaha Wajib Pajak, memilih metode transfer pricing, dan mener..."
391,115983,PT. LEADEN INDONESIA,PUT-012057.15/2019/PP/M. XVIB Tahun 2024 PT Leaden Indonesia,2016,Pajak Penghasilan,Mengabulkan sebagian,transfer pricing,14,"10,11,13,35,36,38,39,41,42,45,49",11,61,"...7.115 553.266.138 400.977 tidak terutang 1. Koreksi-atas Penghasilan Bruto yang disebabkan analisa Transfer Pricing Menurut Terbanding: Koreksi peredaran usaha sebesar Rp4.916.171.377,00 berdasarkan analisa Transf..."
392,115989,PT YARA INDONESIA,PUT-001598.15/2021/PP/M.IVA Tahun 2024 PT Yara Indonesia,2017,Pajak Penghasilan,-,transfer pricing,1,27,1,48,"...i P-13. “papa rai Financial Statements For The Year Ended e r31, kti P-15. 2017, & No bermeterai Transfer Pricing Documentation 2017: Asli Surat Kuasa Khusus Nomor YI/719/1X/2021 tanggal 3 September 2021 atas nam..."
393,115991,-,PUT2062099,2015,Pajak Penghasilan,-,transfer pricing,14,"12,15,19,44,45,65,68,69,84,93,94,97,106",13,138,...nggi. Faktor persaingan ekonomi juga tidak relevan digunakan sebagai alasan menolak hasil analisis Transfer Pricing sebab dalam memilih dan menentukan pembanding ada 5 hal pokok yang harus diperhitungkan dalam anali...
394,115993,-,PUT-004783.15/2023/PP/M.VB Tahun 2024 PT Colorobbia Indonesia,2019,Pajak Penghasilan,-,transfer pricing,17,"6,7,18,25,35,38,48,55,57,58,59,63,64",13,74,"...atau Net Mark-up, 3. bahwa untuk mendukung kewajaran penentuan laba, pemeriksa menggunakan Metode Transfer Pricing TNMM d ap Goto Indicator FCMU (Full Cost Mark Up), AN unakan data perusahaan pembanding tahun 2 . B..."
395,116000,-,PUT-009563.15/2022/PP/M.VA Tahun 2024 PT Foseco Trading Indonesia,2019,Pajak Penghasilan,-,transfer pricing,6,"9,10,22,34",4,38,"...Pajak yang Mempunyai Hubungan | Bagian B, terhadap tahap-tahap yang harusa.d pae dalam pemeriksaan Transfer Pricing y Disclaimer Salinan Putusan Pengadilan Pajak ini merupakan informasi untuk publik yang tidak dapa..."
396,116008,PT. ORIFLAME COSMETICS INDONESIA,PUT-015145.15/2020/PP/M.IA Tahun 2024 PEMI KEADILAN BERDASARKAN KETUHANAN YANG M,2017,Pajak Penghasilan,Mengabulkan seluruhnya,transfer pricing,18,"12,23,26,30,31,37,44,45,47,51,52,55",12,62,"...dengan karakteristik produk antara pihak yang diuji dengan perusahaan pembanding. bahwa Peraturan transfer pricing di Indonesia tidak memberikan.arahan terinci mengenai penerapan metode TNMM, maka kami. mengacu ke..."
397,116040,PT KARINI«UTAMA,PUT-002750.15/2023/PP/M.IA Tahun 2024 DEMI KEADILAN BERDASARKAN KETUHANAN YANG M,2017,Pajak Penghasilan,-,transfer pricing,7,"43,49,53",3,78,"...dilakukan dengan kewajaran dan kelaziman usaha, bahwa Pemohon Banding telah menyusunsDokumen Lokal Transfer Pricing (Local File) tahun 2017 yang memuat analisis kewajaran atas transaksi Pemohon Banding dengan ART.-D..."
398,116171,PT PETRO-JORDAN ABADI,PUT-013261.15/2022/PP/M.XIIIA Tahun 2024 DEMI KEADILAN BERDASARKAN KETUHANAN YAN,2019,Pajak Penghasilan,Mengabulkan seluruhnya,transfer pricing,16,"14,15,22,42,45,46,50,55,71,75,90,103,109,117,134,135",16,144,"...ses pengujian atas kewajaran transaksi afiliasi sebagaimana tertuang dalam kertas kerja pemeriksaan transfer pricing sesuai PER-22/PJ/2013, e. bahwa tidak terdapat perbedaan metode"" yang, digunakan Pemohon Banding d..."
399,116235,PT SHINSEI DENSHI INDONESIA,PUT-001217.15/2023/PP/M.XlllB Tahun 2024 DEMI KEADILAN BERDASARKAN KETUHANAN YAN,2019,Pajak Penghasilan,-,transfer pricing,1,33,1,64,...ajak Yang Memiliki Hubungan lstimewa Lampiran PER-22/PJ/2013 a. Hubungan lstimewa Dalam Pemeriksaan transfer pricing definisi hubungan istimewa mengacu pada peraturan perpajakan yang berlaku. Konsep hubungan istimewa...
400,116241,PT HOK TONG,PUT-001475.15/2022/PP/M.XVB Tahun 2024 PT HOK TONG,2018,Pajak Penghasilan,-,transfer pricing,3,"13,19,46",3,71,...ut oleh karena itu Pemohon Banding memilih metode Comparab/e Unconfro/red PH.ce / CUP dalam analisa transfer pricing; - Pihak Pemohon Banding tidak setuju dengan pendapat Pihak Terbanding yang mengatakan bahwa Pemoho...
401,116252,PT MANDIRI MAHA MULIA,puT-005707.15/2021/PP/M.XIIIATahun2024 DEMI KEADILAN BERDASARKAN KETUHANAN YANG ,2018,Pajak Penghasilan,-,transfer pricing,25,"13,17,19,42,48,57,61,98,99,102,103,104,107,109,111,114,118,128,145",19,150,"...by value derived from tangible property, Iicenced ihiangible property and services. In profit-based transfer pricing analysis, in particular, it is important to recognise the potentially interdependent nature Of mult..."
402,116268,PT Cheil Jedang Superfeed,PUT-011279.15/2021/PP/M.XIIA Tahun 2024 DEMI KEADILAN BERDASARKAI,2018,Pajak Penghasilan,-,transfer pricing,3,"30,38",2,99,"...ehagal Fully Ftodoo M&nufrfuhg unhik Trun8aJcel Panjualan dan PafTibchan dart Pinak AfiFBsi, Metode Transfer Pricing 1. Ketersediaan Pembanding bahwa mengacu pada penjelasan mengenai kriteria yang diterapkan dalam me..."
403,116275,PT Alam Sutera Realty,PUT-012379.15/2022/PP/M.XIVA Tahun 2024 DEMI KEADILAN BERDASARKAN KETUHANAN YANG,2016,Pajak Penghasilan,-,transfer pricing,6,"24,32,39,44,50,54",6,93,...2 (Kedua); bahwa Pemohon Banding tidak memenuhi sebagian permintaan data berupa: 1. Dokumen terkait Transfer Pricing ([oca/ F/./e dan Master F/./e) antara lain: kontrak/perjanjian dengan pihak yang mempunyai hubungan...
404,116323,PT. EAGLE. INDUSTRY INDONESIA,PUT-009568.15/2021/PP/M.XIVB Tahun 2024,2018,Pajak Penghasilan,-,transfer pricing,5,"20,21,38,42",4,55,"...yang melakukan kegiatan usaha yang sama dan memiliki data gross margin, sehingga seharusnya-metode transfer pricing yang digunakan adalah Cost PlusiMeihod (CPM) dengan PL! Gross Mark up, karena resiko dan fungsi ba..."
405,116331,PT SOXAL BATAMINDO INDUSTRIAL GASES,PUT-012025.15/2023/PP/M.XVIIA Tahun 2024 DEMI KEADILAN BERDASARKAN KETUHANAN YAN,2019,Pajak Penghasilan,Mengabulkan sebagian,transfer pricing,10,"36,39,43,50,51,53",6,58,...mi bagi Wajib Pajak: b. melakukan penghitungan.kewajaran pembayaran jasa: bahwa paragraf 7.5 OECD Transfer Pricing Guidelines mengatur bahwa: “There are two issues in the analysis of transfer pricing for intragrou...
406,116462,-,PUT-002792.15/2022/PP/M.XVB Tahun 2024 DEMI KEADILAN BERDASARRAN KETUHANAN YANG ,2018,Pajak Penghasilan,-,transfer pricing,31,"8,10,17,19,39,41,45,54,57,58,59,60,61,63,64,65",16,67,"...rPricinci 558.856.710.775,00 1.085.511.085.000,00 526.654.374.225,00 Koreksi Positif atas Pengujian Transfer Pricing sebesar Rp526.654.374225,00 lv[enurut Terbandina Berdasarkan halaman 5 dan 6 dalam Risalah Pembahas..."
407,116478,PT CLADTEK 81 METAL MANUFACTURING,PUT-009014.15/2023mp/M.XXA Tahun 2024 DEMI KEADILAN BERDASARKAN KETUHANAN YANG M,2020,Pajak Penghasilan,-,transfer pricing,5,"35,39,42,59,105",5,114,"...emilih Pembanding tersebut; Bab 11 bagian 8 PER-22 menyebutkan: "". . .Dalam pelaksanaan Pemeriksaan transfer pricing, Pemeriksa Palfak periu memperhatikan dokumen yang mertyadi dasar penerapan prinsip kewajaran dan k..."
408,116494,-,PUT-012499.15/2023/PP/M.XXA Tahun 2024 DEMI KEADILAN BERDASARKAN KETUHANAN YANG ,2020,Pajak Penghasilan,Mengabulkan sebagian,transfer pricing,3,"45,46,106",3,116,"...uran Direktur Jenderal ini.; Lampiran BAB I Pendahuluan Hunrf 8 Hubungan lstimewa Dalam pemeriksaan transfer pricing, definisi hubungan istimewa mengacu pada peraturan perpajakan yang beriaku. Konsep hubungan istimew..."
409,116595,PT MINDRAY MEDICAL INDONESIA,PUT-000047.15/2024/PP/M.IXA Tahun 2024 DEMI KEADILAN BERDASARKAN KETUHANAN yang ,2020,PPN,Mengabulkan seluruhnya,transfer pricing,31,"12,13,14,15,17,20,21,55,63,64,65,66,69,72,83,84,86,88",18,93,"...Terbanding memiliki kewenangan untuk mengubah penyajian Laporan Keuangan Pemohon Banding: Analisa Transfer Pricing bahwa sesuai dengan penjelasan Pemohon Banding sebelumnya, koreksi atas peredaran usaha berkaitan..."
410,116644,PT. COMPOSITE CORE INDONESIA,PUT-006992.15/2023/PP/M. XIB Tahun 2024 DEMI KEADILAN BERDASARKAN KETUHANAN YANG,2020,Pajak Penghasilan,-,transfer pricing,5,"9,10,12,25,26",5,62,"...laku sesuai dengan ketentuan perpajakan, sebagai berikut: Bab II huruf A PER-22: “Dalam Pemeriksaan transfer pricing, tahapan persiapan dilakukan sesuai dengan tata cara Pemeriksaan yang berlaku. Hal yang perlu diper..."
411,116651,PT.PFIZER INDONESIA,PUT-012334.15/2023/PP /M.XIB Tahun 2024 DEMI KEADILAN BERDASARKAN KETUHANAN YANG,2020,Pajak Penghasilan,Mengabulkan sebagian,transfer pricing,12,"11,12,46,49,50,55,70,75,82,85,88",11,93,"...antara Laporan Keuangan yang telah diaudit dengan peredaran'usaha yang tertera pada Dokumen Lokal (Transfer Pricing Documentation atau TP Doc) dari Pemohon Banding, yang mana . selisih perbedaan peredaran usaha sebe..."
412,116676,-,PUT-001242.15/2024/PP/M.IXA Tahun 2024 PT Wahana Tirtasari,2017,-,-,transfer pricing,3,"82,91,103",3,110,...hak afiliasi lah dilakukan sesuai dengan prinsip kewajaran dan kelaziman KAN menurut sudut pandang transfer pricing di Indonesia sebagaimana dinyatakan dalam Peraturan Direktur Jenderal Pajak Nomor PER-22/PJ/2011 (“...
413,116789,PT CFLD Tangerang New Industry City Development,PUT-003809.15/2023/PP/M.MB Tahun 2024 DEMI KEADILAN BERDASARKAN KETUHANAN YANG M,2019,Pajak Penghasilan,-,transfer pricing,6,"13,16,53,55",4,76,"...n.dan kelaziman yang dalam hal ini adalah pengujian pembebanan tarif bunga, serta dalam pemeriksaan transfer pricing, perbandingan harus dilakukan dengan cara yaitu, membandingkan kondisi transaksi afiliasi dengan ko..."
414,116793,PT. NIKAWA TEXTILE INDUSTRY,PUT-010221.15/2022/PP/M.XB Tahun 2024 DEMI,2019,Pajak Penghasilan,Menolak,transfer pricing,26,"8,11,12,13,16,21,24,25,26,32,34,37,38,46,69,73,74,75,76,77,78",21,89,"...297.865 1. Koreksi Peredaran Usaha Menurut Terbanding: bahwa koreksi positif Berdasarkan pengujian transfer pricing sebesar US$2,294,334.00 karena berdasarkan hasil pengujian tersebut disimpulkan terdapat koreksi pe..."
415,116798,PT KENSO INDONESIA,PUT-012857.15/2022/PP/M.XA Tahun 2024 DEMI KEADILAN BERDASARKAN KETUHANAN YANG M,2019,Pajak Penghasilan,-,transfer pricing,28,"6,7,9,13,16,17,23,24,25,35,38,40,44,46,47,48,49,50,51",19,54,« Selama proses pemeriksaan Wajib Pajak telah menyerahkan Dokumen Lokal Transfer Pricing yang pada dasamya membuktikan bahwa transaksi- transaksi yang dilakukan oleh Wajib Pajak dengan pih...
416,116801,PTCJ LOGISTICS INDONESIA,PUT-014978.15/2021/PP/M.XA Tahun 2024 DEMI.KEADILAN BERDASARKAN KETUHANAN YANG M,2018,Pajak Penghasilan,Mengabulkan seluruhnya,transfer pricing,32,"18,19,20,25,26,27,32,33,34,35,44,56,65,70,84,86,87,98,108",19,113,"...Restrukturisasi Bisnis”. Berkaitan dengan hal tersebut, konteks restrukturisasi bisnis dalam ranah transfer pricing hanya relevan pada aktivitas restrukturisasi yang dilakukan antara entitas yang berkedudukan di yur..."
417,116814,PT GARUDA BEVERAGE SUKSES d.h. PT SUNTORY GARUDA,PUT-009632.15/2023/PP/M.XVA Tahun 2024 PEMI KEADILAN BERDASARKAN KETUHANAN YANG ,2020,Pajak Penghasilan,Mengabulkan sebagian,transfer pricing,2,"25,29",2,35,"...03/TAX-SGB/V/24 tanggal 20 Mei 2024, SPT Tahunan PPh Badan, Laporan Keuangan, Perjanjian Kotrak, Transfer Pricing Document, Berita Acara dan KK Disposal.Aset: Excel koreksi penyesuaian fiskal negatif, Penjelasa..."
418,116826,PT SOJITZ. INDONESIA,PUT-000131.15/2023/PP/M.XVA Tahun 2024 DEMI KEADILAN BERDASARKAN KETUHANAN YANG ,2019,Pajak Penghasilan,Mengabulkan sebagian,transfer pricing,17,"10,11,12,13,14,20,21,25,26,38,39,41,60,69",14,76,"...n Pajak bahwa pada proses keberatan pajak, diketahui bahwa Terbanding tetap mempertahankan koreksi Transfer Pricing sebesar Rp 123.298.079.886 dengan alasan sebagai berikut: bahwa terkait dengan alasan keberatan ya..."
419,116831,PT Yutakas Manufacturing Indonesia,PUT-003633.15/2023/PP/M.XVA Tahun 2024 DEMI KEADILAN BERDASARKAN KETUHANAN YANG ,2020,Pajak Penghasilan,Mengabulkan sebagian,transfer pricing,51,"24,32,33,34,36,37,39,40,41,42,43,60,61,62,63,71,72,73,74,75",20,90,...belum mempertimbangkan fakta dan kondisi Pemohon Banding. Bahwa dalam melakukan analisis sengketa transfer pricing maka diperlukan pemahaman fakta yang mendalam untuk memperoleh data dan/atau infomasi yang objektif...
420,116832,PT. Yutaka Manufacturing Indonesia,PUT-003634.13/2023/PP/M.XVA Tahun 2024 DEMI KEADILAN BERDASARKAN KETUHANAN YANG ,-,Pajak Penghasilan,-,transfer pricing,47,"11,21,22,24,25,26,28,29,31,32,45,51,53,54,57,68,69,70",18,77,...g belum mempertimbangkan fakta dan kondisi Pemohon Banding. Bahwa dalam melakukan analisis sengketa transfer pricing maka diperlukan pemahaman fakta yang mendalam untuk memperoleh data dan/atau informasi yang objekti...
421,116839,PT GRESIK GASES INDONESIA,PUT-004261.15/2022/PP/M.XVIIIA Tahun 2024 DEMI KEADILAN BERDASARKAN KETUHANAN YA,2018,Pajak Penghasilan,Mengabulkan sebagian,transfer pricing,4,"23,34,66,77",4,94,...mengatur bahwa: (1) Peraturan Direktur Jenderal Pajak ini berlaku untuk Penentuan Harga Transfer (Transfer Pricing) atas transaksi yang dilakukan Pemohon Banding Dalam Negeri atau Bentuk Usaha Tetap. di Indonesia d...
422,116949,PT. MITSUBISHI TANABE PHARMA INDONESIA (d/h PT TANABE,PUT-010517.15/2018/PP/M.VIIIA Tahun 2024 DEMIKEADILAN BERDASARKAN KETUHANAN YANG,2015,Pajak Penghasilan,-,transfer pricing,15,"8,13,17,21,22,23,24,25,34,35,38,39",12,61,...es of the comparables. Differences in business or product life cycles may have a material effect on Transfer Pricing conditions that needs to be assessed in determining comparability. AN Yoo years may show whether t...
423,117116,PT. PRICEWATERHOUSECOOPERS CONSULTING INDONESIA,PUT-006339.15/2021/PP/M.XVIA Tahun 2024,2017,Pajak Penghasilan,Menolak,transfer pricing,14,"8,12,13,22,40,43,45,61,76,80,81",11,90,...ment that shall be egual to the Costs of providing the Services plus an arm's length mark up from a transfer pricing perspective. The Service.Fees may be adjusted if the scope of Services is changed: An arm's length...
424,117120,PT ERICSSON INDONESIA,PUT-007463.15/2023/PP/M.XVIIIB Tahun 2024 DEMI KEADILAN BERDASARKAN KETUHANAN YA,2020,Pajak Penghasilan,Mengabulkan sebagian,transfer pricing,19,"10,11,12,14,15,16,24,42,43,53,70",11,73,"...oreksi Jasa Remote dan Jasa Teknis menggunakan FCM angka median sebesar 4,496 sesuai dengan Dokumen Transfer Pricing Local File halaman 53 tabel 10-3 dimana menurut Dokumen Transfer Pricing Local File yangtelah Pemoh..."
425,117149,PT ORACLE INDONESIA,PUT-000297.15/2023/PP/M.VIIIA Tahun 2024 DEMI KEADILAN BERDASARKAN KETUHANAN YAN,2019,-,-,transfer pricing,19,"17,24,25,32,40,44,46,47,66,67,86,89,93,94,96,100",16,121,"...ng relevan dan memadai yang mendukung bukti serta menerapkan Prinsip Kewajaran dan Kelaziman Usaha (Transfer Pricing) secara tidak tepat, dengan penjelasan sebagai berikut: » Pemohon Banding ingin menjel. Nas Pemoho..."
426,117162,PT HEVEA NK,PUT-007220.15/2022/PP/M.XB Tahun 2024,2019,Pajak Penghasilan,-,transfer pricing,33,"5,9,10,11,13,32,33,35,37,40,44,47,49,51,53,57,59,63,65,80,83,87",22,92,"...Rp33.377.080.456,00 dengan alasan: 1) bahwa berdasarkan hasil pemeriksaan dari. pemilihan metode transfer pricing Pihak Terbanding menyimpulkan bahwa. setuju dengan pengujian Pemohon Banding menggunakan metode Com..."
427,117166,PT LAM SENG HANG RESIN AND RUBBER INDONESIA,PUT-008623.15/2023/PP/M.XB Tahun 2024 DEMI KEADILAN BERDASARKAN KETUHANAN YANG M,2020,Pajak Penghasilan,-,transfer pricing,2,"40,63",2,75,"...Chart of Account dan General Ledger, Bukti P-16. Laporan Laba Rugi Tahun 2017 — 2020: Bukti P-17. Transfer Pricing Document (TP Doc), Bukti P-18. Agreement Fasilitas dengan DBS Indonesia, Bukti P-19. Agreement Fa..."
428,117187,-,PUT-011230.15/2023/PP/M.IXA Tahun 2024 PT Acer Indonesia,2020,-,-,transfer pricing,26,"28,30,33,35,46,66,94,95,96,101,104,106,117,136,137,139,153",17,167,"...graf 4.7. OECD Transfer Tai Guidelines 2017 (“OECD TPG 2017”) yang berbunyi sebagai erikut: Ui “.. Transfer pricing cases are fact-intensive and may invo difficult evaluations of comparability, markets, and SKR ind..."
429,117189,-,-,2015,-,-,transfer pricing,1,7,1,27,"...35.742. 0620092 Other-Sales Tools Ops Total .395. Biaya Promosi Per Pemeriksa Berdasarkan Koreksi Transfer Pricing 4 (4”o x Net Sales) "" Koreksi Biaya Promosi oleh Pemeriksa .572.242.502 a Akan tetapi, Pemohon B..."
430,117207,-,-,2017,-,-,transfer pricing,1,11,1,71,"...e pendapatan. Sesuai dengan NP | agan dibandingkan dengan pengujian menggunakan segmentasi aturan transfer pricing yang berlaku, maka hanya biaya yang secara so kaan langsung terkait dengan jasa yang disediakan na..."
431,117313,PT'HEVEA MK,-,2018,Pajak Penghasilan,-,transfer pricing,16,"9,12,16,27,28,33,37,44,45,51,52,57",12,63,"...ebut oleh karena itu Pemohon Banding memilih metode Comparable Uncontrolled Price/cUP dalam analisa Transfer Pricing: bahwa menurut Pemohon Banding, PemohonsBanding adalah perusahaan Full Fledged Manufacturing, hal..."
432,117339,PT RIAU. SAKTI UNITED PLANTATIONS,PUT-011574.15/2022/PP/M.XIIIB Tahun 2024 DEMI KEADILAN BERDASARKAN KETUHANAN YAN,2019,Pajak Penghasilan,Mengabulkan seluruhnya,transfer pricing,13,"27,29,34,38,39,47,53,54,72",9,76,...laannya Pasal 1 Dalam Peraturan Menteri ini yang dimaksud dengan: 5. Penentuan Harga Transfer atau Transfer Pricing yang selanjutnya disebut Penentuan Harga Transfer adalah penentuan harga dalam Transaksi Afiliasi....
433,117375,-,PUT-013684.15/2021/PP/M.XIVA Tahun 2024,2018,Pajak Penghasilan,-,transfer pricing,10,"32,36,37,39,40,41,43",7,60,"“Sir Salinan Putusan Pengadilan Pajak “pe kemenkeu.go.id b) bahwa dalam Transfer Pricing Documentation tahun 2018, Pemohon arya melakukan pemilihan data pembanding yang sudah gikuti faktor..."
434,117376,PT. HALLIBURTON LOGGING SERVICES INDONESIA,PUT-014355.15/2021/PP/M.XVB Tahun 2024 DEMI KEADILAN BERDASARKAN KETUHANAN YANG ,2018,Pajak Penghasilan,Mengabulkan sebagian,transfer pricing,6,"13,52,53,60",4,68,"...m Laporan Keuangan,Pemohon Banding dan pengujian kewajarannya telah Pemohon Banding sampaikan dalam Transfer Pricing Documentation. Seluruh biaya tersebut telah dicatat dalam ledger dan dibuktikan dengan bukti pembuk..."
435,117456,PT EXTERRAN INDONESIA,PUT-012670.15/2019/PPIM.IVB Tahun 2024 PT Exterran Indonesia,2016,Pajak Penghasilan,-,transfer pricing,2,"20,25",2,40,...on Banding Rp 7.405.180 Menurut Pemeriksa 1.351.221 Koreksi Rp 6.053.959 Penjelasan : - bahwa dalam Transfer Pricing Documentation disebutkan bahwa penentuan harga sewa dari Exteman Energy Solution LP didasarkan pada...
436,117531,PT TOKAI TEXPRINT INDONESIA,PUT-001209.15/2023/PP/M.VA Tahun 2024 PT Tokai Texprint Indonesia,2016,Pajak Penghasilan,Mengabulkan seluruhnya,transfer pricing,6,"29,36,37,38,39",5,43,"...ance Agreement"" tanggal 1 Maret 2009 dan termasuk ke dalam definisi Royalty sesuai dengan P3B, OECD Transfer Pricing Guidelines Tahun 2022, dan UN TP Manual Tahun 2017, bahwa pihak TSK diketahui telah mendaftarkan p..."
437,117541,PT-TALUK KUANTAN PERKASA,PUT-003283.15/2022/PP/M.IB Tahun 2024 DEMI KEADILAN BERDASARKAN KETUHANAN YANG M,2017,Pajak Penghasilan,Mengabulkan sebagian,transfer pricing,9,"37,40,46,57,106,156,167,175",8,189,"...yai Hubungan Istimewa, Dan Tata Cara Pengelolaannya Pasal 1 ayat (5) Penentuan Harga Transfer “atau Transfer Pricing yang selanjutnya-disebut Penentuan Harga Transfer adalah penentuan harga dalam Transaksi Afiliasi...."
438,117546,PT. TRI SAKTI PURWOSARI MAKMUR,PUT-007789.15/2023/PP/M.IA Tahun 2024,2020,-,-,transfer pricing,24,"9,11,23,24,34,39,95,100,135,141,143,145,161,162,169,170",16,174,...gmentasi yang dilakukan Terbanding kurang tepat dan kurang memiliki dasar teknis dari sudut pandang transfer pricing dan tidak konsisten secara sudut pandang komersial bahwa Pemohon Banding berpendapat bahwa analisis...
439,117551,PT TALUK KUANTAN PERKASA,PUT-009022.15/2022/PP/M.IB Tahun 2024 DEMI KEADILAN BERDASARKAN KETUHANAN YANG M,2019,Pajak Penghasilan,Mengabulkan sebagian,transfer pricing,5,"22,64,70",3,89,Pasal 1 ayat (5) Penentuan Harga Transfer atau Transfer Pricing yang selanjutnya disebut Penentuan Harga Transfer adalah penentuan harga dalam Transaksi Afiliasi....
440,117552,PT CORELAB INDONESIA,PUT-009568.15/2023/PP/M.XIIIB Tahun 2024 DEMI KEADILAN BERDASARKAN KETUHANAN YAN,2020,Pajak Penghasilan,Menolak,transfer pricing,3,"24,29,33",3,63,"...elah menyampaikan Dokumen Lokal.Pemohon Banding pada proses Pemeriksaan dan Keberatan, bahwa adapun Transfer Pricing (TP) Documentation yang telah disampaikan kepada Terbanding menunjukkan bahwa transaksi pembayaran..."
441,117584,PT NAIGAI SHIRT S INDONESIA,PUT-007639.15/2023/PP/M.XIIIB Tahun 2024 DEMI KEADILAN BERDASARKAN KETUHANAN YAN,2020,Pajak Penghasilan,Mengabulkan seluruhnya,transfer pricing,4,"26,34,38,40",4,43,"...poran Keuangan Audited Tahun 2020 dalam Bahasa Inggris dan Indonesia, Bukti P-16. Fotokopi Dokumen Transfer Pricing Tahun 2020, Bukti P-17. Surat Perhitungan Perbandingan antara Hutang dan Modal Tahun Pajak 2020,..."
442,117596,PT CORELAB INDONESIA,PUT-004943.15/2023/i-P/M.Xl lIB Tahun 2024 DEMI KEADILAN BERDASARKAN KETUHANAN Y,2019,Pajak Penghasilan,-,transfer pricing,2,"35,37",2,93,...nding dapat menunjukkan dokumen yang menjadi dasar penerapan prinsip kewajaran dan kelaziman usaha (Transfer Pricing Documentation) maka permintaan keterangan/bukti dapat disesuaikan dengan data dan informasi yang te...
443,117670,PT COSMIC INDONESIA,PUT-011655.15/2020/PP/M.VIA Tahun 2024,2017,Pajak Penghasilan,Mengabulkan sebagian,transfer pricing,42,"5,6,7,22,36,37,38,39,43,48,49,55,57,63,64,66,69,70,72,73,74",21,96,"...n koreksi “Terbanding,” dengan penjelasan sebagai berikut: 1) bahwa Pemohon Banding telah membuat Transfer Pricing Documentation untuk Tahun 2017 berdasarkan pedoman-pedoman yang telah diatur ketentuan £ Halaman &..."
444,117691,PT MANDIRI MAHA MULIA,PUT-003169.15/2022/PP/M.XIIIA Tahun 2024 DEMI KEADILAN BERDASARKAN KETUHANAN YAN,2019,Pajak Penghasilan,-,transfer pricing,8,"16,31,47,111,121,126,177,179",8,191,"...an sesuai ketentuan peraturan perpajakkan, paten dan penentuan harga transfer di Indonesia dan OECD transfer pricing guidelines, Pemohon Banding ingin menyampaikan bahwa tidak ada perbedaan antara eksistensi dan pema..."
445,117695,-,-,2020,-,-,transfer pricing,11,"7,9,13,18,23,26,33",7,36,"...iasi bukanlah menjadi penyeba La ohon Banding pada tahun 2020, dan dengan i “ rusnya tidak ada isu transfer pricing yang timbul dan ve tan usaha atau pun transaksi Pemohon Banding. Hal didukung p engan fakta bahwa..."
446,117703,-,PUT012937A5/2021/PP/M,2018,Pajak Penghasilan,-,transfer pricing,15,"7,21,24,25,28,32,33,34,47,52,58",11,75,"...koreksi Peredaran Usaha sebesar Rp72.016.576.732,00 dengan penjelasan sebagai berikut: Pengujian Transfer Pricing 1. Tahun yang Dica » | Pemo ""ate idak setuju terhadap pendapat Pemeriksa g an koreksi terkait ana..."
447,117726,-,-,2020,Pajak Penghasilan,-,transfer pricing,13,"6,9,12,14,15,16,18,32,33,34",10,36,"...telah Sg alisis kewajaran dan kelaziman usaha atas transaksi telah menggunakan PLI yang tepat NU Se Transfer Pricing tahun 2020: “Aa vs yang sama, telah didapatkan keputusan dari un untuk TA2019 yang membatalkan kor..."
448,117728,-,-,2020,-,-,transfer pricing,2,"24,61",2,98,"...eberatan Pemoho 1 Banding telah menyerahkan dokumen pendukung berupa Mast. kumen Tahun Pajak 2020, Transfer Pricing Do ajak 2020, Management Service Agreement, Invo embayaran, dan sample dokumen yang membuktikan ig..."
449,117758,-,PUT-005179.15/2022/PP/M.XIB Tahun 2024 N BERDASARKAN KETUHANAN YANG MAHA ESA p3 ,2017,-,-,transfer pricing,18,"13,29,39,57,72,78,92,101,113,120,125,132,141",13,150,"...asil Pemeriksaan | Surat Ketetapan Koreksi (USD) (USD) Pajak (USD) Koreksi | 1 || Peredaran Usaha-Transfer Pricing 27,052,448 31,044,567 3,992,119 bahwa dengan demikian, yang menjadi pokok sengketa dalam permohona..."
450,117771,-,-,2019,Pajak Penghasilan,-,transfer pricing,55,"9,10,13,16,17,18,20,24,25,27,28,29,33,34,35,37,38,41,42,43,44,45,46,80,82,93,98,105,110,111,114",31,128,...tidak setuju atas kor Ns dilakukan Terbanding terkait koreksi atas me Ga ga Sa perbedaan pengujian transfer pricing oleh AN px Terbanding yang menjadi pokok sengketa ini: oC Disclaimer Salinan Putusan Pengadilatam...
451,117780,-,-,2020,-,-,transfer pricing,4,"21,25,36",3,58,"...mohon Banding menyampaikan bahwa sesuai dengan Organization for Economic Co-o, ion and Development Transfer Pricing Guidelines tahun 2022 D Ia Ines 2010) Paragraf 7.2, dinyatakan bahwa: a rIy'every MNE group must a..."
452,117792,PT INDORAMA POLYPET INDONESIA,PUT-001441.15/2024/PP/M.VIA Tahun 2024 DEMI KEADILAN BERDASARKAN KETUHANAN YANG ,2018,Pajak Penghasilan,-,transfer pricing,46,"5,8,9,12,13,14,15,27,28,36,37,38,39,41,42,45,46,47,48,50,53,54,55,67,68,71,75,76",28,82,"...p Kewajaran dan Kelaziman Usaha (PKKU), dengan mendasarkan pengujian transaksi afiliasi berdasarkan Transfer Pricing Documentation yang diserahkan Pemohon Banding, bahwa berdasarkan penelitian terhadap Laporan Hasil..."
453,117821,-,-,2014,-,-,transfer pricing,30,"10,14,15,16,17,19,24,28,31,33,41,64,68,76,93,97,98,100,111,116,118,121,123,141,142,143",26,173,...sal 9 Ayat (1) huruf f UU PPh 4 Na 0 s.d.t.d PER-32/PJ/2011 PER-22/PJ/2013 e SE-50/PJ/2013 e OECD Transfer Pricing Guidelines N Menurut Pemohon Banding A9 bahwa Pemohon Banding tidak anda N sebesar Rp8.155.007.000...
454,117824,-,-,2019,-,-,transfer pricing,14,"12,19,37,38,64,67,68,71,75,106,108,109,110,119",14,153,...pembahasan akhir dalam prose: S Terbanding mempertahankan koreksi karena 2x kan ahwa Pa ransfer (Transfer Pricing emohon Banding tidak ditemukan AX Intercontinental Great Brands adalah pemilik 2) bahwa dari data...
455,117894,-,PUT-002052.15/2021/PP/M.XA Tahun 2024 DEMIKEADILAN BERDASARKAN KETUHANAN YANG MA,2017,Pajak Penghasilan,-,transfer pricing,26,"9,12,16,17,21,36,37,40,44,54,56,73,76,86,99,100,101,103,110,114,124,133,134,136,139",25,165,"...amkan oleh Pemohon Banding berupa SPT PPh Badan, Laporan Keuangan yang diaudit, isian PER-22, serta Transfer Pricing Documentation FY 2017 dari Pemohon Banding, sebagai berikut: Menarat SET Wajib Pajak Terbanding (..."
456,117921,-,-,2017,Pajak Penghasilan,-,transfer pricing,3,"83,94",2,108,...reksi“Terbanding tersebut nyata-nyata tidak mengacu kepada pedoman dan petunjuk teknis pemeriksaan transfer pricing yang diatur dalam Peraturan Dirjen Pajak Nomor PER-22/PJ/2013 tentang Pedoman Pemeriksaan Terhadap...
457,117947,-,-,-,-,-,transfer pricing,28,"13,14,19,24,26,35,62,78,90,94,98,99,102,107,117,119,122,123,142",19,172,"...kewajarannya, Terbanding menolak 34 perjanjia SN yang telah dipilih oleh Pemohon Banding te) ntasi Transfer Pricing tahun pajak 2013. Namun, selama ses pemeriksaan, Terbanding tidak pemah memberikan dan menguraikan..."
458,118009,PT ENDRESS#HAUSER INDONESIA,PUT-001542.15/2020/PP/M.IVB Tahun 2024 DEMI KEADILAN BERDASARKAN KETUHANAN YANG ,2016,Pajak Penghasilan,-,transfer pricing,1,19,1,32,"...t 2021 sehubungan dengan sidang banding atas Keputusan Direktur Jenderal Pajak, dengan lampiran: e Transfer Pricing Master Documentation Version 2014 hal 37-38: Surat Nomor S-2803/PJ/PJ.07/2021 tanggal hal Penjelasa..."
459,118041,PT. CAHAYA PELITA ANDHIKA,-,2014,Pajak Penghasilan,Menolak,transfer pricing,5,"22,24,25",3,45,"...engan Pasal 37 Undang- Undang Pengadilan Pajak: 3. Paragraf 7:6. sampai dengan Paragraf 7.14 OECD Transfer Pricing, Pasal 8 huruf c PMK Nomor 17/PMK.03/2013 s.t.t.d PMK Nomor 184/PMK.O3/ 2015, Pasal 14 PER-32/PJ/2..."
460,118059,PT. SASCO. INDONESIA,PUT-011832.15/2019/PP/M. XVIA Tahun 2024 DEMI KEADILAN BERDASARKAN KETUHANAN YAN,2016,Pajak Penghasilan,-,transfer pricing,1,73,1,90,"...but merupakan pembayaran jasa-jasa professional yang antara lain adalah jasa penyusunan dokumentasi transfer pricing, jasa konsultan pajak, jasa penyusunan laporan keuangan audit dan jasa profesional lainnya yang ter..."
461,118066,PT PAITON OPERATION AND IVIAINTENANCE INDONESIA,PUT-003913.15/2021/PP/M.XATahun2024 DEMI KEADILAN BERDASARKAN KETUHANAN YANG MAH,2017,Pajak Penghasilan,Menolak,transfer pricing,28,"15,21,22,45,49,67,68,69,108,109,131,132,133,150",14,155,...rsonel maksimum sebesar USD 250.000 per tahun yang dibayarkan setiap bulan dalam jumlah yang Sama. -Transfer pricing Documentation (Dokumen penentuan Harga Transfer) lkhtisar Dokumen lnduk dan Dokumen Lokal PERNYATAA...
462,118151,PT-SORINI AGRO ASIA CORPORINDO,PUT-008527.15/2020/PP/M.IIIA Tahun 2022 PT Sorini Agro Asia Corporindo,2016,Pajak Penghasilan,-,transfer pricing,16,"20,21,84,86,104,107,129,133,140,141,142,144",12,152,"...aran «jasa. . Berikut merupakan data-data yang telah disampaikan kepada Terbanding: -. Dokumentasi Transfer Pricing untuk Tahun Pajak 2016 yang dibuat oleh konsultan pajak ekstemal yang independen, Delbitte Touche S..."
463,118211,PT RAAJRATNA WIRE,PUT-004473.15/2021/PP/M.XVIA Tahun 2024 DEMI KEADILAN BERDASARKAN KETUHANAN YANG,2019,Pajak Penghasilan,-,transfer pricing,12,"7,16,17,18,24,31,32,33,34",9,48,"...pihak yang memiliki hubungan istimewa dan tats cara pengelolaannya.-Pemohon Banding telah membuat Transfer Pricing Documentation: bahwa menunut analisis Pemohon Banding, Transactional Net Margin Method (“TNMM"") d..."
464,118228,PT.FUJITEC INDONESIA,PUT-012337.15/2020/PP/MVIA Tahun 2024 PT Fujitec Indonesia,2017,Pajak Penghasilan,-,transfer pricing,9,"6,7,8,31,40,51,53,61",8,79,"...Pokok Penjualan sebesar Rp5.753.466.841,00 dengan argumentasi sebagai berikut: bahwa. berdasarkan Transfer Pricing (TP) Dokumen yang disampaikan Pemohon Banding, Terbanding melakukan analisa kewajaran transaksi den..."
465,118285,PT FCC Indonesia,PUT-006164.15/2023/PP/M.VB Tahun 2024 PT FCC Indonesia,2016,Pajak Penghasilan,Mengabulkan seluruhnya,transfer pricing,1,8,1,57,"...i Luar Usaha sebesar Rp1.956.139.290,00 dengan alasan sebagai berikut: bahwa berdasarkan Pengujian Transfer Pricing sesuai data-data Laporan Keuangan Audit hal. 22, diterangkan bahwa Pemohon Banding meminjamkan uang..."
466,118296,PT ITOCHU INDONESIA,PUT-014809.15/2019/PP/M.IVB Tahun 2024 DEMI KEADILAN BERDASARKAN KETUHANAN YANG ,2016,-,-,transfer pricing,21,"14,16,17,20,31,47,48,57,58,59,64",11,74,...mohon Banding: bahwa pembayaran kepada ITS juga telah didukung oleh studi penentuan harga transfer (transfer pricing) antara ITS dan Pemohon'Banding dengan pendekatan tepat yang mempertimbangkan Prinsip Kewajaran dan...
467,118356,-,-,2020,-,-,transfer pricing,10,"23,38,63,64,70,90,91",7,109,...7.235.256. 1) Pemeriksa menyetujui tahapan Na hahaa Pemohon Banding (TP Doc).s Ps. Pemilih Metode Transfer Pricing. AN ) Pemeriksa emas ra pengambilan data pembanding ata ) yang dilakukan Pemohon Banding ak perlu...
468,118359,-,-,-,Pajak Penghasilan,-,transfer pricing,2,27,1,63,"...telah sesuai dengan ketentuan perpajakan dan standar akuntansi yang berlaku: PN 6. Dokumen terkait Transfer Pricing : Transfer Pricing b Documentations tahun 2019, kontrak/perjanjian den im yang mempunyai hubungan..."
469,118387,PT MINDA AUTOMOTIVE INDONESIA,PUT-009741.15/2023/PP/M.IB Tahun 2024 DEMI KEADILAN BERDASARKAN KETUHANAN YANG M,2020,Pajak Penghasilan,Mengabulkan seluruhnya,transfer pricing,4,"9,25,44,52",4,65,"...paikan dokumen-dokumen yang terkait erat dengan jasa management consultancy, yaitu antara lain: a. Transfer Pricing Documentation Tahun 2020 b. Supplementary Management Consultancy Agreement tanggal 1 Agustus 2020..."
470,118389,PT MINDA AUTOMOTIVE INDONESIA,PUT-011063.15/2022/PP/M.IB Tahun 2024 DEMI KEADILAN BERDASARKAN KETUHANAN YANG M,-,Pajak Penghasilan,-,transfer pricing,10,"23,24,30,32,33,107,112",7,148,"...n Istimewa Bab II Bagian B, terdapat tahap-tahap yang harus dilakukan | Pemeriksa dalam pemeriksaan Transfer Pricing yaitu: “T. Mengidentifikasi karakteristik transaksi afiliasi Wajib Pajak dengan memperhatikan fakto..."
471,118410,PT.RIM.CAPITAL,PUT-012685.15/2022/PP/M.IIIB Tahun 2024,2019,Pajak Penghasilan,Mengabulkan sebagian,transfer pricing,5,"56,58,65,72,82",5,158,...|Cost Plus Method untuk penetapan Imbalan Jasa Maklon k): Pemohon banding tidak memberikan dokumen transfer pricing dalam proses pemeriksaan dan keberatan. Tanggapan Terbanding dalam Keberatan a) Koreksi penyesuai...
472,118459,PT. FOSECO INDONESIA,PUT-010767.15/2023/PP/M.VB Tahun 2024 DEMI KEADILAN BERDASARKAN KETUHANAN YANG M,2020,Pajak Penghasilan,-,transfer pricing,7,"53,54,55,64,67,68",6,74,"..., bahwa Pemohon Banding tidak setuju dengan koreksi Terbanding dengan alasan pokok bahwa pengujian transfer pricing yang dilakukan oleh Terbanding dengan. metode TNMM adalah tidak tepat karena menggunakan"" data pemb..."
473,118534,-,PUT-002219.15/2022/PP/M.XIVA Tahun 2024 PT Henkel Indonesien,2017,Pajak Penghasilan,-,transfer pricing,9,"5,14,23,26,34,37,47",7,57,ee Disclaimer Salinan Putusan Pengadilan Pajak setpp.kemenkeu.go.id A. Ceper Transfer Pricing/Arm's Length Principle atas - yalti sebesar Rp26.751.314.802 N bahwa Pemohon Banding tidak setuju...
474,118574,PT TIRTA SARI SURYA,PUT-009145.15/2022/PP/M.XVB Tahun 2025 DEMI KEADILAN BERDASARKAN KETUHANAN YANG ,2019,Pajak Penghasilan,Mengabulkan seluruhnya,transfer pricing,12,"10,11,21,24,44,45,52,55,77",9,87,"...untuk produk SIR-10, data SICOM yang tersedia adalah harga pasar untuk produk SIR-20 (TSR20). Dalam Transfer Pricing Documentation Pemohon Banding tidak dijelaskan adanya adjustment (penyesuaian) atas harga acuan SIC..."
475,118597,PT Henkel Indonesien,PUT-014295.15/2022/PP/M.XIVA Tahun 2024,2016,-,Mengabulkan seluruhnya,transfer pricing,3,"25,33,35",3,51,"...ukan banding dengan alasan sebagai berikut: bahwa sebagaimana dijelaskan dalam peraturan-peraturan transfer pricing di Indonesia (Peraturan Direktur Jenderal Pajak (“DJP”) No. PER- 43/PJ/2010 (“PER-43""), PER-32/PJ/2..."
476,118778,PT. NISSHINBO INDONESIA,PUT-000115.15/2024/PP/M.XXB Tahun 2024,2021,-,Menolak,transfer pricing,6,"14,15,43",3,46,"...sesuai dengan ketentuan perpajakan, sebagai berikut: Bab II huruf A PER 22/2013 ""Dalam pemeriksaan transfer pricing, tahapan persiapan dilakukan sesuai dengan tata cara pemeriksaan yang berlaku. Hal yang perlu diper..."
477,118982,PT LAUTAN BAHARI SULTRA,PUT-011730.15/2023/PP/M.XXA Tahun 2024 DEMI KEADILAN BERDASARKAN KETUHANAN YANG ,2020,Pajak Penghasilan,Mengabulkan sebagian,transfer pricing,8,"12,20,40,43,73,86,110,133",8,150,...Terbanding juga tidak mempertimbangkan analisa kesebandingan dari Dokumen Penentuan Harga Transfer (Transfer Pricing Document) yang telah disampaikan oleh Pemohon Banding. Bahwa menurut Pemohon Banding Terbanding jug...
478,119008,PTC NN ran NPWP 31.196.426.6-433.000,-,2016,Pajak Penghasilan,-,transfer pricing,17,"14,16,21,24,37,38,43,46,47,48,50",11,53,...Banding dilakukan kepada pihak 0) liasi yaitu Chang Shin Inc Bahwa Pemeriksa melakukan pemeriksaan transfer pricing untuk menguji kewajaran harga jual produk ke pihak afiliasi Chang Shin Inc dengan harga jual dari...
479,119017,PT MITSUI-SOKO INDONESIA,PUT-001002.15/202an,2017,Pajak Penghasilan,-,transfer pricing,24,"13,14,18,19,20,21,29,31,32,34,40,45,47,48,51,53,54",17,55,"...esuaian Fiskal Positif sebesar Rp 4.644.086.005 dengan rincian ko reksi tersebut: - Hasil pengujian transfer pricing untuk mengetahui prinsip kewajaran dan kelaziman usahanya sebesar Rp 6.700.482.987,- - Adjustment p..."
480,119034,PT Makassar Metro Network NPWP 01.611.546.1-812.000 beralamat di,PUT-002916.15/2024/PP/M.XIVB Tahun 2025,2021,Pajak Penghasilan,-,transfer pricing,1,36,1,50,"...g, 3.. Pasal 22 ayat (8) Peraturan Menteri Keuangan No. 22/PMK.03/2020 tentang Pedoman Pemeriksaan Transfer Pricing, mengatur bahwa dalam transaksi afiliasi, biaya yang dibayarkan oleh satu pihak kepada afiliasi lai..."
481,119042,PT. PANCASURYA AGRINDO,PUT-005182.15/2022/PP/M.XVB Tahun 2024 DEMI KEADILAN BERDASARKAN KETUHANAN YANG ,2016,Pajak Penghasilan,-,transfer pricing,42,"11,36,43,44,52,57,59,85,92,93,101,115,120,121,167,169,174,192,201,207,214,230,231,235,238,239,273",27,280,...int lebih sebanding dengan transaksi Pemohon Banding: Lebih lanjut Pemohon “Banding. telah membuat Transfer Pricing Documentation. (TP Doc) mengenai kewajaran penjualan Pemohon Banding “dengan: menggunakan metode Co...
482,119059,-,PUT-004330.15/2020/PP/M.XVB Tahun 2022 tanggal 24-Agustus 2022 yang dikirimkan o,-,-,-,transfer pricing,15,"6,18,19,20,26,27,34,35,36,37,42",11,44,...ositif lainnya adalah sbb: 7 Koreksi Panyesuaian Fiskal Positif atas Harga Pokok Penjualan terkait Transfer Pricing TAKE Del Yang Knuaes Bap WS Pak Keeya TAK Ke de eokan ea Irannaksi perrannakai Oleh karara pemnbek...
483,119070,PT INDONESIA POLYMER COMPOUND,PUT-000887.15/2024/PP/M.XB Tahun 2024 DEMI KEADILAN BERDASARKAN KETUHANAN YANG M,2020,Pajak Penghasilan,-,transfer pricing,2,"4,21",2,60,...Menurut Pemohon Banding : bahwa alasan dari Terbanding dengan menyatakan Pemohon Banding melakukan transfer pricing dengan Kisco (Asia) Pte. Ltd. adalah tidak tepat karena: - bahwa apabila Pemohon Banding membeli la...
484,119149,PT EMSONIC INDONESIA,PUT-012151.15/2023/PP/M.VIIIB Tahun 2024 DEMI KEADILAN BERDASARKAN KETUHANAN YAN,2018,Pajak Penghasilan,Mengabulkan sebagian,transfer pricing,8,"13,19,50,56,61,71",6,76,"...a keadaan ekonomi memiliki kondisi yang identik/sebanding; 4) bahwa berdasarkan Paragraph 2.28 OECD Transfer Pricing Guidelines 2022, metode CUP secara umum digunakan untuk untuk transaksi komoditas. Adapun komoditas..."
485,119163,PT EMSONIC INDONESIA,PUT-012278.15/2023/PP/M.VIIIB Tahun 2024 DEMI KEADILAN BERDASARKAN KETUHANAN YAN,2019,-,Mengabulkan sebagian,transfer pricing,7,"14,44,50,54,65",5,71,"...a keadaan ekonomi memiliki kondisi yang identik/sebanding; 4) bahwa berdasarkan Paragraph 2.28 OECD Transfer Pricing Guidelines 2022, metode CUP secara umum digunakan untuk untuk transaksi komoditas. Adapun komoditas..."
486,119354,PT SWADAYA ANDIKA,PUT-011340.15/2023/PP/M.XVIIIA Tahun 2024 DEMI KEADILAN BERDASARKAN KETUHANAN YA,2019,Pajak Penghasilan,Mengabulkan sebagian,transfer pricing,6,"33,34,36,37",4,57,"...rpisahkan dari Peraturan Direktur Jenderal ini. Lampiran I Bab II: A. Tahapan Persiapan Pemeriksaan Transfer Pricing Dalam Pemeriksaan transfer pricing, tahapan persiapan dilakukan sesuai dengan tata cara Pemeriksaan..."
487,119356,PT EMSONIC INDONESIA,PUT-011619.15/2023/PP/M.VIIIB Tahun 2024 DEMI KEADILAN BERDASARKAN KETUHANAN YAN,2017,Pajak Penghasilan,Mengabulkan sebagian,transfer pricing,8,"14,38,45,49,51,59,60",7,65,"4) bahwa berdasarkan Paragraph 2.28 OECD Transfer Pricing Guidelines 2022, metode CUP secara umum digunakan untuk untuk transaksi komoditas. Adapun komoditas..."
488,119396,PT Arisu Indonesia,PUT-002238.15/2024/PP/M.XIVA Tahun 2025 DEMI KEADILAN BERDASARKAN KETUHANAN YANG,2017,Pajak Penghasilan,-,transfer pricing,18,"9,12,20,22,23,24,27,28,29,36",10,42,...sebagai berikut: “(1) Peraturan Direktur Jenderal Pajak ini berlaku untuk Penentuan Harga Transfer (Transfer Pricing) atas transaksi yang dilakukan Wajib Pajak Dalam Negeri atau Bentuk Usaha Tetap di Indonesia dengan...
489,119484,PT Jatim Autocomp Indonesia,PUT-011738.15/2023/PP/M.XIVA Tahun 2025 DEMI KEADILAN BERDASARKAN KETUHANAN YANG,2020,Pajak Penghasilan,-,transfer pricing,26,"18,19,20,21,28,29,32,46,51,87,88,93,109,143,147,150,152,155",18,171,"...antisipasi atas dampak pandemi COVID-19, terdapat arahan dari Chapter I dalam OECD Guidance on the Transfer Pricing Implications of the COVID-19 Pandemic bagi para pelaku usaha untuk dapat diaplikasikan dalam analis..."
490,119508,PT Nusa Toyotetsu,PUT-000676-15/2024/PP/M.XVA Tahun 2025 DEMI KEADILAN BERDASARKAN KETUHANAN YANG ,2020,Pajak Penghasilan,-,transfer pricing,2,14,1,36,Paragraf 6.23 OECD Transfer Pricing Guidelines 2010 menyatakan bahwa : “In establishing arm'Slength pricing in the case ofa sale or lic...
491,119518,PT ATSUMITEC INDONESIA,PUT-003491.15/2022/PP/M.XIIA Tahun 2025 DEMI KEADILAN BERDASARKAN KETUHANAN YANG,2016,-,Menolak,transfer pricing,4,"17,53,54,74",4,86,"...t (1) huruf h UU PPh juga konsisten dengan definisi royalti/intellectual property yang ada di OECD Transfer Pricing Guidelines (""OECD TP Guidelines”) paragraf 6.2. Royalti adalah imbalan atas , penggunaan aset tak..."
492,119522,PT. TRI SAKTI PURWOSARI MAKMUR,PUT-005725.15/2022/PP/M.XIIIA Tahun 2025 DEMI KEADILAN BERDASARKAN KETUHANAN YAN,2019,Pajak Penghasilan,-,transfer pricing,46,"21,22,23,24,25,27,28,31,33,40,47,49,52,55,57,58,59,95,97,102,103,109,110,111,112,113,115,121,128,129,135,137,140,141,142,144,145,149,175",39,184,"...enderal Pajak No. PER-32/PJ/2011 (“PER-32”), yang menyatakan bahwa Dokumen Penentuan Harga Transfer/Transfer Pricing Documentation (“TPD”) | secara formal sekurang-kurangnya harus mencakup: a. gambaran perusahaan s..."
493,119567,PT PIAGGIO INDONESIA,PUT-010105.15/2022/PP/M.XIIA Tahun 2024 DEMI KEADILAN BERDASARKAN KETUHANAN YANG,2019,Pajak Penghasilan,Mengabulkan sebagian,transfer pricing,13,"10,11,17,45,58,59,60,66,69",9,81,"...asi Pemohon Banding memang benar-benar diperlukan, maka Terbanding seharusnya menggunakan peraturan Transfer Pricing yang berlaku di Indonesia dan peraturan Transfer Pricing yang relevan lainnya, dengan analisis pend..."
494,119574,PT MENUMBAR KALTIM,PUT-011381.15/2022/PP/M.XVIIIA Tahun 2025 DEMI KEADILAN BERDASARKAN KETUHANAN YA,2017,Pajak Penghasilan,-,transfer pricing,17,"11,26,27,47,54,55,65,66,69,98,103,105",12,118,"...Pedoman OECD tidak membatasi penggunaan rentang kewajaran untuk analisis penentuan harga transfer (transfer pricing). Rentang kewajaran dalam konteks ini mengacu pada rentang interkuartil, yaitu suatu rentang yang t..."
495,119614,PT KOMATSU MARKETING AND SUPPORT INDONESIA,PUT-003208.15/2023/PP/M.XIA Tahun 2024 DEMI KEADILAN BERDASARKAN KETUHANAN YANG ,2019,Pajak Penghasilan,Menolak,transfer pricing,1,52,1,70,"...Tahun Pajak 2019 beserta Bukti Penerimaan Elektronik tanggal.07 Desember 2020, Bukti P-12. Salinan Transfer Pricing Documentation (Dokumen Lokal) Tahun Pajak 2019, Bukti P-13. Penjelasan Tertulis Nomor 002/SSA-KMSI..."
496,119672,PT HYATT,PUT-012566.15/2023/PP/M.VIA Tahun 2025 DEMI KEADILAN BERDASARKAN KETUHANAN YANG ,2020,Pajak Penghasilan,Mengabulkan sebagian,transfer pricing,7,"10,16,19,42,58,66",6,73,...aran jasa-kepada HIC telah dilakukan secara wajar sesuai dengan Dokumen: Penentuan Harga Transfer (“Transfer Pricing Documentation”) dari konsultan independen dimana di dalam Transfer Pricing Documentation telah terd...
497,119784,PT. FRONTE |CLASSIC INDONESIA,PUT-004496.15/2023/PP/M.IIIA Tahun 2025 DEMI KEADILAN BERDASARKAN KETUHANAN YANG,2020,Pajak Penghasilan,-,transfer pricing,7,"31,36,40,41,54,61,111",7,125,"...bahan Nilai dan Pajak Penjualan atas Barang Mewah."" Pasal 1 angka 5 ""Penentuan Harga Transfer atau-Transfer Pricing yang selanjutnya disebut Penentuan Harga Transfer adalah penentuan harga dalam Transaksi.Afiliasi.""..."
498,119807,PT.CITRA BORNEO UTAMA,PUT-009541.15/2023/PP/M.IIIA Tahun 2025 DEMI KEADILAN BERDASARKAN KETUHANAN YANG,2019,Pajak Penghasilan,Menolak,transfer pricing,28,"7,11,13,26,27,30,31,36,37,39,48,49,53,60,61,62",16,65,...a terdapat Peredaran Usaha yang belum dilaporkan oleh PemohomBanding atas perhitungan dengan metode Transfer Pricing senilai Rp287.129.035.729: Berdasarkan hasil pemeriksaan Transfer Pricing: bahwa Pemohon Banding te...
499,119838,-,PUT-011657.15/2022/PP/M.VA Tahun 2024 PT Kartika Cipta Prima,2019,Pajak Penghasilan,-,transfer pricing,4,13,1,49,"...are relativel 3 methods, ...However, because transfer pricin p' kemudian dalam BEPS Action 10 (Transfer Pricing) disebutkan (NS Disclaimer juga bahwa: Additional guidance in Chapter II of the Transfer Pricin..."
500,119856,PT Andalan Multi Kencana,PUT-012605.15/2022/PP/M.IA Tahun 2025 DEMI KEADILAN BERDASARKAN KETUHANAN YANG M,2019,Pajak Penghasilan,-,transfer pricing,1,8,1,83,"...264.665 berdasarkan pengujian arus.piutang berdasarkan Gross-up pembeli dilaporkan berdasarkan pt Transfer pricing Total Koreksi 27.364.231.453 lanjut, pada proses keberatan Terbanding menanggapi mengenai alasan..."
501,119858,-,PUT-012773.15/2022/PP/M.IA Tahun 2025 PT Bredero Shaw Indonesia,2019,Pajak Penghasilan,-,transfer pricing,35,"10,13,17,22,41,44,50,51,55,59,60,61,75,76,83,84,87,91,92,93,96,98",22,104,"...USD 8,578,037 dengan alasan: 1 1) Terbanding tidak melakukan prose ""A2 sesuai dengan SL peraturan Transfer Pricing “SN e Berdasa Ne U KUP, Pasal 8 PMK-17/2013, Bab II dan Bab 1 SE-50 yang intinya menyatakan ru b..."
502,119860,PT Leong Ayamsatu Primadona,PUT-013304.15/2022/PP/M.IA Tahun 2025 DEMI KEADILAN BERDASARKAN KETUHANAN YANG M,2019,Pajak Penghasilan,-,transfer pricing,51,"14,20,21,22,26,28,31,37,38,39,41,44,49,63,64,69,70,72,78,79,81,86,88,91,93,98,99,110,112,113,115,119,122,124,126,127",36,131,"...b Pajak yang Mempunyai Hubungan Istimewa, tahapan pelaksanaan Pemeriksaan Penentuan Harga Transfer (transfer pricing) terdiri dari: 1) Menentukan karakteristik usaha Wajib Pajak, 2) Memilih metode transfer pricing,..."
503,119864,-,-,2019,Pajak Penghasilan,-,transfer pricing,3,"37,53,78",3,83,Salinan Putusan Pengadilan Pajak setpp.kemenkeu.go.id n intra group yang tercantum dalam dokumen transfer pricing saga tidak memenuhi analisis manfaat ekonomi (benefit test) Pemeriksa tidak dapat meyakini benefit...
504,119899,PT Vale Indonesia Tbk.,PUT-011378.15/2022/PP/M.IIA Tahun 2025,2019,Pajak Penghasilan,Mengabulkan sebagian,transfer pricing,39,"13,17,18,34,66,69,71,74,82,88,97,98,99,100,122,125,127,146,147,148,161,162,163,175,176,177",26,188,"...nyata-nyata telah mengikuti kaidah dan prinsip arm's length dimana hal ini dibuktikan dengan studi transfer pricing yang,menyatakan-bahwa nilai biaya jasa transaksi tersebut masih dalam batasan wajar atau dengan kat..."
505,119945,PT Toyo Denso Indonesia,PUT-009757.15/2023/PP/M.IIIA Tahun 2025 PT,2020,Pajak Penghasilan,Mengabulkan seluruhnya,transfer pricing,59,"10,11,12,19,23,24,27,28,32,33,51,52,54,65,69,73,86,89,90,91,100,105,108,109,110,115,116,136,137,138,139,151,155,159,172,173,175,177,179,184,189",41,195,"...lasan: a. Pemohon Banding telah Menyusun Dokumen Lokal secara komprehensif sesuai dengan peraturan transfer pricing yang berlaku di Indonesia, Pedoman OECD, dan Pedoman OECD COVID-9 yang telah membuktikan bahwa tran..."
506,119955,-,-,2018,Pajak Penghasilan,-,transfer pricing,27,"9,10,15,17,18,19,20,32,33,36,37,51,53,55,57,66",16,84,"...nggarakan berdasarkan data dan informasi yang tersedia pada saat dilakukan transaksi afiliasi. Pada Transfer Pricing Documentation yang diserahkan oleh Pemohon Banding, tidak dapat diketahui data dan/atau informasi y..."
507,119956,PT YONG MA ELECTRONICS,PUT-004212.15/2023/PP/M.IIIB Tahun 2025,2017,Pajak Penghasilan,Mengabulkan seluruhnya,transfer pricing,46,"7,8,9,10,11,14,15,16,22,23,24,25,26,28,29,30,31,32,36,37,40,43,44,56,57,60,64",27,71,"...dasarkan surat perjanjian antara PT Yong Ma Electronics dengan Yong Ma Electronics Co. Ltd, dokumen Transfer Pricing, Analisa Fungsi, Aset dan Resiko adalah Biaya yang sebagian besar menjadi tanggung jawab Yong Ma El..."
508,119992,PT ARCELIK HITACHI HOME APPLIANCES SALES INDONESIA,PUT-001272.15/2023/PP/M.IA Tahun 2025 DEMI-KEADILAN BERDASARKAN KETUHANAN YANG M,2019,Pajak Penghasilan,Mengabulkan seluruhnya,transfer pricing,13,"45,51,67,68,89,92,93,95",8,104,...usinya: Penerapan metode penentuan harga transfer yang. telah dipilih / Application of the selected transfer pricing methodology 7.5..Pemilihan indikator tingkat laba / Selection of profit level indicator Halaman 4...
509,119996,PT YAMAHA MUSIC MANUFACTURING ASIA,-,2014,Pajak Penghasilan,-,transfer pricing,14,"16,18,21,33,51,52,55,56,58,76,93,104,106",13,128,...ngka 2 huruf a Mengidentifikasi ketersediaan pembanding Salah satu hal penting dalam memilih metode transfer pricing adalah ketersediaan pembanding independen yang andal. Tujuan tahapan ini adalah untuk memastikan...
510,120022,-,PUT-012046.15/2023/PP/M.IA Tahun 2025 PT Daiken Dharma Indonesia,2017,Pajak Penghasilan,-,transfer pricing,17,"10,18,21,28,29,37,51,58,63,64,68,71,73",13,76,...a melak tan pemasaran atau memberikan diskon dalam rangka (GP sesuai dengan penjelasan dalam OECD Transfer Pricing diran di pasar ekspor luar negeri. idelines for Multinational Enterprises and Tax Administrations...
511,120024,-,PUT-012051.15/2023/PP/M.IA Tahun 2025 PT Daiken Dharma Indonesia,2018,Pajak Penghasilan,-,transfer pricing,33,"10,13,19,23,29,48,52,83,84,95,96,100,108,109,137,142,145,146,149,151",20,174,"...bagai lampiran dari Surat Keberatan NG 12023 tertanggal 3 Februari 2023. PAS penjelasan dalam OECD Transfer Pricing Guidelines ah baba Enterprises and Tax Administrations 2017 (""Pedoman OECD""), paragraf 1.115 menya..."
512,120025,PT Daiken Dharma Indonesia,PUT-012052.16/2023/PP/M.IA Tahun 2025 DEMI KEADILAN BERDASARKAN KETUHANAN YANG M,-,PPN,-,transfer pricing,17,"8,12,16,21,22,26,34,35,50,54,55,56,88",13,97,...ari koreksi Peredaran Usaha ra Ng PN dengan pengujian penerapan Prinsip Kewaj aziman Usaha (koreksi Transfer Pricing). PNS Clay bahwa koreksi DPP Penyerahan yang terutang P sudah tepat dan sesuai dengan Pasal 2 aya...
513,120026,-,PUT-012053.16/2023/PP/M.IA Tahun 2025,-,PPN,-,transfer pricing,18,"10,15,19,24,25,29,37,38,53,57,58,59,91",13,100,...a pada PPh Badan terkait dengan pengujian penerapan G rinsip Kewajaran dan Kelaziman Usaha (koreksi Transfer Pricing). et Terbanding berpendapat bahwa koreksi DPP Penyerahan Tn PPN sudah tepat dan sesuai dengan Pas...
514,120027,-,PUT-012054.16/2023/PP/M.IA Tahun 2025 PT Daiken Dharma Indonesia,-,PPN,-,transfer pricing,15,"8,12,21,22,25,26,34,35,54,55,56,88",12,97,...edaran Usaha pada PPh Badan terkait d engujian penerapan Prinsip Kewajaran dan Kelaziman Usah toets Transfer Pricing). Terbanding senen DPP Penyerahan yang terutang sesua dengan Pasal 2 ayat 1 UU PPN. PPN sudah ra...
515,120130,-,PUT-001147.15/2023/PP/M.IIIA Tahun 2025 DEMI KEADILAN BERDASARKAN KETUHANAN YANG,2019,Pajak Penghasilan,-,transfer pricing,16,"7,17,20,22,25,26,35,38,42,44",10,47,"...eksi atas Koreksi Positif sebesar Rp 1.245.945.941,00 terjadi karena Terbanding melakukan pengujian Transfer Pricing Document atas MTC Pemohon Banding.. b. Menurut Terbanding MTC Pemohon Banding sebesar -3.19Y6 tida..."
516,120155,-,-,-,-,-,transfer pricing,10,"28,29,43,44,46,59,60,98,171",9,183,".... Y Na Kedua biaya di atas merupakan transaksi idea hn afiliasi Pemohon Banding yang sudah di “ana Transfer Pricing Documents (TP Docs). AN on Kanan biaya atas jasa intragroup karena raw ian ran TSH dan KUC, di mana..."
517,120225,PT INDONESIAN ACIDS INDUSTRY,PUT-009324.15/202M2P/M.VIA Tahun 2025 DEMI KEADILAN BERDASARKAN KETUHANAN YANG M,2016,Pajak Penghasilan,-,transfer pricing,25,"7,9,11,13,16,30,31,33,35,38,46,49,51,53,54,67,69,72,78,80,84,92",22,108,"...ksaan Terhadap Wajib Pajak yang Mempunyai Hubungan lstimewa mengatur bahwa: ""Dalam penentuan metode transfer pricing, prinsip yang digunakan adalah metode yang paling sesuai dengan falcta dan kondisi (the most approp..."
518,120247,PT. M-150 INDONESIA,PUT-011556.15/2022/PP/M.XA Tahun 2025 DEMI KEADILAN BERDASARKAN KETUHANAN YANG M,2019,Pajak Penghasilan,-,transfer pricing,11,"9,12,18,26,34,37,40,42",8,49,"...bandingkan dengan transaksi yang independen (amm's length principle), bahwa sebagai tambahan, OECD Transfer Pricing Guidelines Tahun 2017 Paragraf 1.33 menyebutkan bahwa: “Application of the arm's length principle..."
519,120333,-,-,2020,Pajak Penghasilan,-,transfer pricing,1,69,1,80,"...hnologies Indonesia dan Perusahaan Per Tanggal 30 September 2020, N SPTLB PPh Badan Tahun 2020: N Transfer Pricing Documentation PT S' “rob s Indonesia Tahun 2020: “ Tanda Terima atas Lean Oa Salinan Putusan Peng..."
520,120338,-,PUT-003715.15/2023/PP/M.XIIB Tahun 2025 PT Yasulor Indonesia aUaijia,2019,Pajak Penghasilan,-,transfer pricing,5,"8,14,22,42,55",5,72,"...ng Koreksi Positif atas Peredaran Usaha Koreksi Positif atas Peredaran Usaha Berdasarkan Pengujian Transfer Pricing sebesar Rp31.178.777.627,00 1.275.244.987.467 | 1.306.423.765.094 31.178.777.627 Menurut Terband..."
521,120356,-,PUT-001211.15/2023/PP/M.XIIB Tahun 2025 Salinan Putusan Pengadilan Pajak ini mer,2019,Pajak Penghasilan,-,transfer pricing,88,"14,15,17,27,31,48,49,50,52,53,54,62,66,70,71,74,79,80,107,124,126,127,129,132,145,147,148,175,177,181,182,183,184,186,200,204,205,207,212,213,234,244,249",43,271,...sed Manufacturer dan Wajib Pajak dipilih sebagai pihak yang diuji: 3) TNMM terpilih sebagai metode transfer pricing yang paling sesuai untuk menguji sifat kewajaran pada transaksi afiliasi Wajib Pajak den9an menggun...
522,120384,PT. BEHN. MEYER CHEMICALS,PUT-003205.15/2023/PP/M.VIIIB Tahun 2025 DEMI KEADILAN BERDASARKAN KETUHANAN YAN,2019,Pajak Penghasilan,Mengabulkan sebagian,transfer pricing,8,"17,43,44,48,51,52",6,67,"...mar putusannya, Majelis Hakim berpendapat sebagai berikut: “bahwa berdasarkan bukti — bukti berupa Transfer Pricing Documentation 2016, service agreement, detail R&D service cost bukti laporan pengujian RED, bukti t..."
523,120397,PT ZOETIS ANIMALHEALTH INDONESIA,PUT-012331.15/2022/PP/M.XIA Tahun 2025 DEMI KEADILAN BERDASARKAN KETUHANAN YANG ,2019,Pajak Penghasilan,-,transfer pricing,30,"11,13,14,27,29,30,31,40,53,54,56,57,62,69,73,75,76",17,79,...nyak 7 (tujuh) perusahaan pembanding sebagaimana yang disajikan oleh Pemohon Banding dalam.Dokumen Transfer Pricing. 1) Terbanding melakukan pengujian transfer pricing untuk menghitung tingkat kewajaran transaksi a...
524,120399,-,-,2017,Pajak Penghasilan,-,transfer pricing,4,"34,46,52",3,59,"...uangan audit tahun 2017, KE Fotokopi master file/dokumen induk tahun 2017, ukti P-20 Fotokopi Lokal Transfer Pricing Documentation Tahun 2017, Yaa P-21 Fotokopi Transfer Pricing Documentation atas biaya royalti ya B..."
525,120409,PT SAWIT MAS.-SEJAHTERA,PUT-011190.15/2022/PP/M.XIVA Tahun 2025 DEMI,2019,Pajak Penghasilan,-,transfer pricing,8,"14,21,27,28,44,46,47,48",8,52,"...a-Biaya yang berkaitan dengan-penghasilan bukan objek pajak Rp82.163.888.367,00 3. Hasil Pengujian, Transfer Pricing Rp47.505.049.410,00 dengan rincian: a. Koreksi atas Kewajaran Penjualan Lokal CPO kepada Pihak Afil..."
526,120411,PT TAKIRONNDONESIA,PUT-008870.15/2022/PP/M.XIIIA Tahun 2025 DEMI KEADILAN BERDASARKAN KETUHANAN YAN,2019,-,-,transfer pricing,21,"15,16,18,19,20,21,42,50,53,65,79,80,82,83,84,85,107,111",18,116,"...tang Pedoman Pemeriksaan Terhadap Wajib Pajak yang Mempunyai Hubungan Istimewa (“PER-22”), dan OECD Transfer Pricing Guidelines for Multinational Enterprises and Tax Administration 2017 (“OECD TP Guidelines) dan UN T..."
527,120436,PT Farinda Bersaudara,PUT-007998.15/2023/PP /M.XXB Tahun 2025,-,Pajak Penghasilan,Mengabulkan sebagian,transfer pricing,5,"62,99,106,107,109",5,125,"...rdasar, karena Koreksi Terbanding “Tidak Didasarkan pada Ketentuan Pemeriksaan:Pajak atas Transaksi Transfer Pricing Bahwa menurut Risalah Pembahasan Pemeriksaan, Terbanding mencantumkan ketentuan Pasal 18 ayat (3)..."
528,120447,-,-,2015,Pajak Penghasilan,-,transfer pricing,3,"6,56,68",3,77,...alamnya telah memperhitungkan nilai margin sebesar 596. Hal tersebut dapat dibuktikan dalam laporan Transfer Pricing pa: Doc”) Pemohon Banding yang dibua (puan fer pricing eksternal yang La seba Pa 9. ra rinci dijela...
529,120449,-,PUT-010040.15/2023/PPM.XIIB Tahun 2025 PT Aisin Indonesia Automotive,-,Pajak Penghasilan,-,transfer pricing,92,"11,13,16,17,18,19,20,24,31,32,39,40,41,46,47,68,69,71,100,113,114,115,116,117,120,121,128,133,134,135,137,151,154,155,157,158,161,172",38,185,"...am,Negeri 2.164.106.406 Jumlah 75.743.016.453 2. bahwa berdasarkan, TP Documentation, kertas kerja Transfer Pricing yang diberikan oleh Pemohon Banding dalam.proses keberatan dan Surat Keberatan Wajib Pajak dan Lapo..."
530,120473,-,-,2018,Pajak Penghasilan,-,transfer pricing,9,"7,11,25,31,44,45,48,49,53",9,63,"...masih terdapat pada bagian segmentasi Independen: 2. Terdapat inkonsistensi dalam penerapan metode Transfer Pricing yang digunakan, dimana pada SPT Tahunan PPh Badan Tahun Pajak 2018 lampiran khusus 3A, metode yang'..."
531,120545,PT Apple Indonesia,PUT-000760.15/2022/PP/M.XIVA Tahun 2025 DEMI KEADILAN BERDASARKAN KETUHANAN YANG,2018,-,Mengabulkan seluruhnya,transfer pricing,7,"7,21,52,56,64",5,75,...dengan rekonsiliasi penjualan sebesar Rp20.924.038 dibatalkan seluruhnya: B.Koreksi terkait dengan Transfer Pricing Adjustment (TPA) Akhir Tahun sebesar Rp73.006.394.105 bahwa Pemohon Banding tidak setuju dengan ko...
532,120575,PT ECOLAB INTERNATIONAL INDONESIA,-,2018,Pajak Penghasilan,-,transfer pricing,11,"6,7,9,18,21,36",6,70,...ansfer. Pricing Documentation (TP Doc). Di dalam TP Doc telah. diuraikan tahapan- tahapan analisa transfer pricing atas-biaya.royalti yang dibayarkan oleh Pemohon Banding kepada Licensor sebagaimana diatur dalam p...
533,120577,PT.. Bunge Agribusiness Indonesia NPWP 01.957.746.9-056.000,PUT-06193.15/2023/PP/M.XIVB Tahun 2025,2020,Pajak Penghasilan,Menolak,transfer pricing,8,"20,24,25,28,29,30",6,36,"...ingin menanggapi pendapat Terbanding yang menyebutkan bahwa berdasar tabel pada halaman 46 Dokumen Transfer Pricing, diketahui komponen harga basis, :asuransi, pembiayaan, dan biaya lainnya jika dibandingkan dengan..."
534,120578,PT. Eagle Industry Indonesia.,PUT-007158.15/2022/PP/M.XIVB Tahun 2025,2016,Pajak Penghasilan,-,transfer pricing,2,"9,36",2,49,"...tnya, Pemohon Banding juga berpendapat bahwa tidak benar apabila Terbanding hanya melakukan koreksi transfer pricing pada segmen manufaktur. Sesuai keteniuan yang berlaku, Laba transaksi afiliasi dianggap memenuhi pr..."
535,120579,PT FEDERAL NITTAN INDUSTRIES,PUT-007359.15/2021/PP/M.XB Tahun 2024 DEMI KEADILAN BERDASARKAN KETUHANAN YANG M,2018,Pajak Penghasilan,-,transfer pricing,6,"29,32,33,63,75,76",6,83,"...PPh Badan Tahun Pajak 2018 beserta lampiran- lampirannya, b. Laporan Keuangan Audit Tahun 2018, c. Transfer Pricing Documentation Tahun 2018: d. General Ledger dan Trial Balance beserta Chart of Account Tahun 2018,..."
536,120581,PT Fuji Seat Indonesia,PUT-007756.15/2023/PP/M.XIB Tahun 2025 DEMI KEADILAN BERDASARKAN KETUHANAN YANG ,2020,Pajak Penghasilan,Mengabulkan seluruhnya,transfer pricing,15,"14,22,24,27,32,37,40,47,50,52,62",11,65,"...wajaran pada TP Doc Pemohon Banding, Pemohon Banding-menggunakan TNMM berdasarkan panduan pada OECD Transfer Pricing Guidelines 2017 yang dinyatakan sebagai berikut: 2.65 A'transactional net margin method is unlikely..."
537,120587,PT INDONESIAN ACIDS INDUSTRY,PUT-009325.15/2021/PP/M.VIA Tahun 2025 DEMI KEADILAN BERDASARKAN KETUHANAN YANG ,2017,Pajak Penghasilan,-,transfer pricing,27,"7,9,11,12,17,18,32,33,34,35,38,39,40,48,50,52,53,71,73,79,83,85,89,94,97",25,154,"...doman Pemeriksaan Terhadap Wajib Pajak Yang Mempunyai Hubungan Istimewa, BAB III Metode Pemeriksaan Transfer Pricing disebutkan Metode Perbandingan Harga Antara Pihak yang . Independen (Comparable Uncontrolled Price..."
538,120601,PT WIDJA PUTRA KARYA,PUT-011655.15/2022/PP/M.XIIA Tahun 2025 DEMI KEADILAN BERDASARKAN KETUHANAN YANG,2019,Pajak Penghasilan,Mengabulkan sebagian,transfer pricing,12,"8,13,21,22,23,25,28,32,47,50,51",11,55,...k melakukan perubahan “metode dalam menentukan harga transfer yang wajar. Pada tahap awal pengujian Transfer Pricing Terbanding melakukan uji eksistensi dan manfaat ekonomis atas biayahbeban Jasa Manajemen dan Provis...
539,120604,PT.. Bunge Agribusiness Indonesia NPWP 01.957.746.9-056.000,PUT-014317.15/2022/PP/M.XIVB Tahun 2025,2019,Pajak Penghasilan,Menolak,transfer pricing,30,"7,9,21,23,25,28,33,34,44,57,58,59,63,69,70,71,73,76",18,79,"...ketentuan tersebut tidak terdapat pasal-yang:menyebutkan tentang waktu penyelenggaraan Dokumentasi Transfer Pricing harus dilakukan sebelum b 4 terjadinya transaksi.pz. Halaman, 7-dari.79halaman Putusan Nomor Put..."
540,120645,PT Leong Ayamsatu Primadona,PUT-005455.15/2023/PP/M.IA Tahun 2025 DEMI KEADILAN BERDASARKAN KETUHANAN YANG M,2020,Pajak Penghasilan,Mengabulkan seluruhnya,transfer pricing,67,"11,14,18,19,20,24,26,27,28,35,36,37,38,41,42,48,63,66,70,71,72,76,78,79,80,87,88,89,90,93,94,100,109,110,111,113,114,117,118,120,122,123,125",43,129,"...b Pajak yang Mempunyai Hubungan Istimewa, tahapan pelaksanaan Pemeriksaan Penentuan Harga Transfer (transfer pricing) terdiri dari: 1) Menentukan karakteristik usaha Wajib Pajak: 2). Memilih metode transfer pricing..."
541,120665,PT Iron Wire Works Indonesia,PUT-015513.15/2020/PP/M.XVA Tahun 2022 DEMI KEADILAN BERDASARKAN KETUHANAN YANG ,2017,Pajak Penghasilan,Mengabulkan sebagian,transfer pricing,9,"13,15,25,28,33,36",6,40,"...duk dan bisnis dari pihak yang diuji dan perusahaan pembanding, United Nations Practical Manual on Transfer Pricing for Developing Countries 2017 (UN Model”) bagian B.3.3.5.1 juga telah menguraikan penerapan pendeka..."
542,120667,PT Mondelez Indonesia,PUT-000731.15/2021/PP/M IVA Tahun 2025 DEMI KEADILAN BERDASARKAN KETUHANAN YANG ,2017,Pajak Penghasilan,Mengabulkan seluruhnya,transfer pricing,16,"10,26,28,32,48,51,67,70,73,85,91,92,97",13,106,"...asarkan atas penjualan bersih yang diperoleh dari penjualan lokal produk-produk merk tersebut; OECD Transfer Pricing Guidelines Chapter VI section D ""Marketing activities undertaken by enterprises not owning trademar..."
543,120683,PT Air Products Indonesia,PUT-004315.15/2021/ PP/M. IA Tahun 2025 DEMI KEADILAN BERDASARKAN KETUHANAN YANG,2014,Pajak Penghasilan,-,transfer pricing,13,"26,27,28,69,81,83,106,108,116",9,120,...i tingkat kewajaran biaya Royalti yang dibayarkan Pemohon Banding (sebagaimana yang disajikan dalam Transfer Pricing Documentation Study) adalah comparable uncontrolled price dengan menggunakan data pembanding intern...
544,120687,PT MIYUKI INDONESIA,PUT-005840.15/2023/PP/M.VB Tahun 2025 DEMI KEADILAN BERDASARKAN KETUHANAN YANG M,2020,Pajak Penghasilan,Mengabulkan sebagian,transfer pricing,18,"7,8,10,12,28,30,31,36,37,38,39,40,43",13,48,"...berlaku dan OECD TP Guidelines yang merupakan konsensus dan acuan global. Selain v.itu, Dokumentasi Transfer Pricing yang disusun Pemohon Banding juga telah sesuai dengan ketentuan. dalam PER-22/PJ/2013 tentang Pedom..."
545,120715,PT KING PLASTIC,PUT-010141.15/2023/ PP/M.III ATahun 2025 D EMI KEADILAN BERDASARKAN KETUHANAN YA,2020,Pajak Penghasilan,-,transfer pricing,10,"22,59,60,69,80,102",6,143,"...mi COVID-19, Pemohon Banding mengacu pada pedoman yang dikeluarkan oleh OECD yaitu ""Guidance on the Transfer Pricing Implications of the COVID-19 Pandemic"" atas analisis dampak COVID-19 ini dart perspektif Transfer P..."
546,120721,PT INDONESIA KYOUEI SAIKYU,PUT-011669.15/2021/PP/M.IVA Tahun 2025 DEMI KEADILAN BERDASARKAN KETUHANAN YANG ,2018,Pajak Penghasilan,Menolak,transfer pricing,4,"38,49,59",3,110,...realisasi dari jasa yang diberikan memastikan jasa yang diberikan memberikan manfaat ekonomi; OECD Transfer Pricing Guidelines Penelitian Bukti Pendukun bahwa Terbanding telah melakukan penelitian terhadap Laporan H...
547,120723,PT SURYA MANDALA PERKASA,PUT-012470.15/2020/PP/M.IIIA Tahun 2022 DEMI KEADILAN BERDASARKAN KETUHANAN YANG,2017,Pajak Penghasilan,Mengabulkan seluruhnya,transfer pricing,11,"11,39,40,44,55,61,67,68",8,75,Pasai 2 Ayat 1: “Peraturan Direktur Jenderal Pajak ini berlaku untuk penentuan Harga Transfer (Transfer Pricing) atas transaksi yang dilakukan Pemohon Banding Dalam Negeri atau Bentuk Usaha Tetap di Indonesia de...
548,120731,PT Air Products Indonesia,PUT-014715.15/2021/PP/M.IA Tahun 2025 DEMI KEADILAN BERDASARKAN KETUHANAN YANG M,2018,Pajak Penghasilan,Mengabulkan sebagian,transfer pricing,13,"14,17,47,48,49,58,59,60,78,80",10,89,"...itungan dan analisa yang jelas; • Adapun dari sisi Pemohon Banding, kami telah menyampaikan dokunen Transfer Pricing Documentation selama proses pemeriksaan pajak dan keberatan pajak yang membuktikan bahwa biaya yang..."
549,120878,PT MISAWA TRADING INDONESIA,PUT-008773.15/2023/PP/M.XVIIIB Tahun 2025,2017,-,Mengabulkan seluruhnya,transfer pricing,19,"8,11,13,14,19,33,38,47,49,51,58,72,74,80,83,85",16,89,...anggal 12 Mei 2022 Terbanding melakukan pengujian transaksi pihak yang mempunyai hubungan istimewa (transfer pricing) atas pembelian barang dagangan dari pihak afiliasi berdasarkan Arm’s Length Principle. Hasil pengu...
550,120925,PT PARAMIT RA GUNAKARYA CEMERLANG,PUT-001607.15/2024/PP/M.XIVA Tahun 2025 DEMI KEADILAN BERDASARKAN KETUHANAN YANG,2017,Pajak Penghasilan,Mengabulkan seluruhnya,transfer pricing,11,"6,7,15,17,22,23,30,32",8,39,...set dan Risiko (FAR) atas transaksi yang dilakukan oleh Pemohon Banding telah sesuai dengan Dokumen Transfer Pricing (TP Docs) yang telah disampaikan pada saat pemeriksaansdan proses-keberatan. Karakteristik usaha da...
551,120933,PT ACBOS INDONESIA,PUT-006931.15/2023/PP/M. XVIB Tahun 2025 DEMI KEADILAN BERDASARKAN KETUHANAN YAN,2020,Pajak Penghasilan,Mengabulkan sebagian,transfer pricing,7,"12,13,41,50,51,58,59",7,79,...tan harta tidak berwujud dari pihak afiliasi telah benar-benar dilakukan: bahwa Paragraph 6.21 OECD Transfer Pricing Guidelines for Multinational Enterprises and Tax Administration menyatakan: “6.21 A iradernark is a...
552,120965,PT Air Products Indonesia,PUT-015035.15/2020/PP/M.IA Tahun 2025 PT Air Products Indonesia,-,Pajak Penghasilan,-,transfer pricing,8,"23,51,62,63,69,71,73",7,87,"...n Pajak setpp.kemenkeu.go.id Selain itu sebagai tambahan informasi, Pemohon Banding N menyerahkan Transfer Pricing Documentation pada saat meriksaan. Banding mohon agar koreksi sebesar Rp 22.865.089.409 atas NP..."
553,120989,PT PANCASURYA AGRINDO,PUT-006927.15/2020/PP/M.XVB Tahun 2024 DEMI KEADILAN BERDASARKAN KETUHANAN YANG ,2014,Pajak Penghasilan,Mengabulkan sebagian,transfer pricing,1,56,1,79,"...Technical"" Assistance PT Pancasurya Agrindo yang diberikan oleh First Resources Limited, Fotokopi Transfer Pricing Documentation Financial Year ended 31 December 2014 Module T-1: Provision of Technical Assistance S..."
554,120998,-,PUT-009680.15/2022/PP/M.XIIA Tahun 2025 DEMI KEADILAN BERDASARKAN KE TUHANAN YAN,2019,Pajak Penghasilan,-,transfer pricing,28,"8,9,21,24,25,30,31,33,35,40,42,44,52,60,62,63,68,69",18,82,...00 Selisih | Rp 6.225844696.00 | bahwa Harga Pokok Penjualan dikoreksi dengan melakukan pengujian transfer pricing. Koreksi pengujian transfer pricing merupakan koreksi Pembelian yaitu hasil dari Pengujian Kewajar...
555,121015,PT. SBP INDONESIA,PUT-000787.15/2022/PP/M.XVB Tahun 2024 DEMI KEADILAN BERDASARKAN KETUHANAN YANG ,2015,Pajak Penghasilan,Mengabulkan sebagian,transfer pricing,5,"31,54,84,109,110",5,114,"...Pemohon Banding disebabkan oleh faktor-faktor komersialsdan tidak disebabkan oleh adanya transaksi transfer pricing. Lebih lanjut, rugi usaha tersebut bukanlah indikasi bahwa trademark dan know-how tidak memberikan..."
556,121022,PT HI-LEX INDONESIA,PUT-003699.15/2023/PP/M.XVIIIA Tahun 2025 DEMI KEADILAN BERDASARKAN KETUHANAN YA,2020,Pajak Penghasilan,Mengabulkan seluruhnya,transfer pricing,22,"6,7,15,16,18,19,39,40,41,50,52,53,54,68,79,81",16,84,"bahwa Pemohon Banding telah menyusun Transfer Pricing Documentation (TP.Doc"").sesuai dengan ketentuan dan peraturan perundang-undangan perpajakan yang be..."
557,121023,PT. EXCLUSIVE NETWORKS INDONESIA,PUT-003970.15/2024/PP/M.XXA Tahun 2025 DEMI KEADILAN BERDASARKAN KETUHANAN YANG ,2020,Pajak Penghasilan,Mengabulkan seluruhnya,transfer pricing,2,"23,44",2,64,"...ke Pemohon Banding dalam konteks Transaksi Afiliasi tidak merugikan Pemohon Banding dari perspektif transfer pricing Indonesia, bahwa dari penjelasan di atas, maka dapat dijelaskan dan dibuktikan tentang keberadaan,..."
558,121036,PT MESIN ISUZU INDONESIA,-,2019,-,-,transfer pricing,14,"7,8,15,18,19,20,31,32,34,42,43",11,49,...ng mempertahankan koreksi atas peredaran usaha dengan alasan sebagai berikut: A. Pemilihan Metode Transfer Pricing « bahwa Terbanding melakukan pengujian dengan menggunakan TNMM dengan Pemohon Bariding'Sebagai piha...
559,121066,PT TJB POWER SERVICES,PUT-004847.15/2021/PP/M.IVB Tahun 2025 DEMI KEADILAN BERDASARKAN KETUHANAN YANG ,2016,Pajak Penghasilan,Mengabulkan seluruhnya,transfer pricing,1,14,1,32,Pasal2 Ayat (1) Peraturan Direktur Jenderal Pajak ini berlaku untuk penentuan Harga Transfer (Transfer Pricing) atas transaksi yang dilakukan Wajib Pajak Dalam Negeri atau Bentuk Usaha Tetap di Indonesia denga...
560,121094,PT Cosmic Petroleum Nusantara,-,2020,Pajak Penghasilan,-,transfer pricing,6,"6,17,23,26,29",5,32,...erdapat perbedaan- perbedaan yang harus dis hah alam penggunaan RPM: bahwa be (Ne anduan dari OECD Transfer Pricing Guidelines Tahun 01 dear .41 menyatakan sebagai berikut e the accounting practices differ from the...
561,121096,PT MURINI SAMSAM,PUT-008045.15/2022/PP/M.XIIA Tahun 2025 DEMI KEADILAN BERDASARKAN KETUHANAN YANG,2019,Pajak Penghasilan,-,transfer pricing,31,"13,49,57,69,103,108,138,145,155,165,166,167,176,197,200,201,211",17,225,"...yang memenuhi Prinsip Kewajaran dan Kelaziman Usaha.” Pasal 1 angka 8 ""Penentuan Harga Transfer (transfer pricing)-adalah penentuan harga dalam transaksi antara pihak-pihak yang mempunyai Hubungan Istimewa."" Pas..."
562,121110,PT. KALVENTIS. SINERGI FARMA (d.h. PT. AVENTIS PHARMA),PUT-010997.15/2023/PP/M.VIA Tahun 2025 DEMI KEADILAN BERDASARKAN KETUHANAN YANG ,2017,Pajak Penghasilan,-,transfer pricing,1,47,1,85,"...Perusahaan Dagang Tempo, yang mana perjanjian ini di inovasikan kepada PT Aventis Pharma Bukti P40 Transfer Pricing Documentation Bukti P-11 Invoice, jumal pencatatan, dan bukti pembayaran sehubungan dengan biaya b..."
563,121114,PT INDONESIA AIRASIA EXTRA,PUT-011406.15/2023/PP/M.IVB Tahun 2025 DEMI KEADILAN BERDASARKAN KETUHANAN YANG ,2017,Pajak Penghasilan,Mengabulkan sebagian,transfer pricing,9,"5,9,11,18,19,20,25",7,39,...ajukan banding tersebut di atas adalah sebagai berikut: A. Koreksi atas Peredaran Usaha Berdasarkan Transfer Pricing 1. Transaksi Independen: Pemohon Banding.melakukan penjualan tiket kepada penumpang yang:independe...
564,121124,PT REMCO RUBBER INDONESIA,PUT-001298.15/2023/PP/M.XIIA Tahun 2025 DEMI KEADILAN BERDASARKAN KETUHANAN YANG,2017,Pajak Penghasilan,-,transfer pricing,10,"13,22,36,40,46,47,52",7,58,"...ementara itu, Terbanding melakukan pengujian kewajaran transaksi afiliasi dalam perhitungan analisa transfer pricing dengan membandingkan harga jual yang lebih rendah dari'harga penutupan harga SICOM, tapi tidak memp..."
565,121179,-,-,2019,Pajak Penghasilan,-,transfer pricing,17,"5,6,8,14,18,27,31,39,43,51,54,57,59,61,62",15,88,"...ahwa terdapat koreksi Harga Pokok Penjualan (HPP) sebesar Rp3.433.742.202,00 karena hasil pengujian transfer pricing dan disimpulkan terdapat koreksi pembelian pada pos HPP: - bahwa Terbanding melakukan Analisa « ke..."
566,121180,PT. .FLORA: SAWITA CHEMINDO,PUT-000670.15/2024/PP/M.VIB Tahun 2025 DEMI KEADILAN BERDASARKAN KETUHANAN YANG ,2017,Pajak Penghasilan,-,transfer pricing,3,"37,51,84",3,95,...er tahun. Tarif ini pun juga sudah diuji atas nilai wajar transaksi “afiliasi atas hutang-piutang. Transfer Pricing documentation juga sudah tersedia-dan sudah dipersiapkan sesuai dengan peraturan perundang- undanga...
567,121181,-,-,2021,Pajak Penghasilan,-,transfer pricing,18,"13,14,19,21,25,35,44,46,47,48,77,78,79,84,85,88,89",17,94,"...imbangkan Special Factor N stments yang dilakukan Pemohon Banding karena telah sesuai an peraturan transfer pricing yang berlaku, NG » bahwa pedoman penentuan harga transfer intemasional dan peraturan mempertahank..."
568,121194,PT VALVOLINE LUBRICANTS AND CHEMICALS INDONESIA,PUT-011748.15/2023/PP/M.VIA Tahun 2025 DEMI KEADILAN BERDASARKAN KETUHANAN YANG ,2020,Pajak Penghasilan,-,transfer pricing,19,"8,15,17,27,33,40,43,52,55,60,70,71,77,79,81",15,101,...yang signifikan atas barang atau jasa yang diperjualbelikan.” bahwa hal ini juga didukung oleh OECD Transfer Pricing Guidelines for Multinational Enterprises and Tax. Administrations (“Pedoman OECD”) tahun 2017 Parag...
569,121290,PT. HARAPAN.SAWIT LESTARI,PUT-010672.15/2022/PP/M.XIIA Tahun 2024 DEMI KEADILAN BERDASARKAN KETUHANAN YANG,2018,Pajak Penghasilan,Menolak,transfer pricing,9,"11,12,27,63,64,81,84,85",8,145,"...pend on their powers under applicable.domestic law, and should be considered in developing domestic transfer pricing legislation and administrative rules. See further Chapters 3 and 4: 5.4.9.1 In most cases (other i..."
570,121296,PT INDOMAS SUSEMI JAYA,PUT-001446.15/2024/PP/M.VIB Tahun 2025 DEMI KEADILAN BERDASARKAN KETUHANAN YANG ,2019,Pajak Penghasilan,-,transfer pricing,4,"15,37,49,54",4,107,"...tersebut adalah sebesar USD 4.000.000 atau Rp. 57.616.000.000. Bahwa sebagaimana di jelaskan dalam Transfer Pricing Document Pemohon Banding Tahun 2018 (“TP Doc”), bahwa penilaian harga Aktiva Tak Berwujud telah dil..."
571,121302,PT. TEGUH JAYAPRIMA ABADI,PUT-008878.15/2023/PP/M.VIB Tahun 2025 DEMI KEADILAN BERDASARKAN KETUHANAN YANG ,2020,Pajak Penghasilan,-,transfer pricing,1,112,1,130,"...pihak independen, jasa tersebut “akan “dikenakan biaya khusus untuk menjamin ketersediaannya. OECD Transfer Pricing. Guidelines Chapter VIII Paragraph 7.6, menyatakan sebagai berikut: Under the arm's length principl..."
572,121304,PT INDOMAS SUSEMI JAYA,PUT-010678.15/2023/PP/M.VIB Tahun 2025 DEMI KEADILAN BERDASARKAN KETUHANAN YANG ,2018,Pajak Penghasilan,Mengabulkan seluruhnya,transfer pricing,4,"14,38,51,56",4,110,"...tersebut adalah sebesar USD 4.000.000 atau Rp. 57.616.000.000. Bahwa sebagaimana di jelaskan dalam Transfer Pricing Document Pemohon Banding Tahun 2018 (“TP Doc”), bahwa penilaian harga Aktiva Tak Berwujud telah dil..."
573,121357,PT PERFETTI VAN MELLE INDONESIA,PUT-001783.15/2023/PP/M.IIIB Tahun 2025,2019,Pajak Penghasilan,Mengabulkan seluruhnya,transfer pricing,11,"16,25,40,41,63,64,72,79,127,138",10,152,"...a tidak dapat diterapakan dalam pengujian kewajaran transaksi penjualan ekspor afiliasi: 4. Metode Transfer Pricing yang Digunakan oleh Terbanding Tidak Mempunyai Dasar Hukum Pada saat pemeriksaan, Terbanding menggu..."
574,121368,PT ICHIKOH INDONESAI,PUT-001955.15/2020/PP/M.IVB Tahun 2025,2016,Pajak Penghasilan,-,transfer pricing,1,43,1,46,...ng oleh karena dapat menekan biaya produksi: 4. bahwa Pengadilan Pajak berpendapat tidak ada motif transfer pricing untuk melakukan profit shifting karena transaksi afiliasi Pemohon Banding dilakukan dengan pihak af...
575,121369,PT TOYOTA BOSHOKU INDONESIA,PUT-002099.15/2023/PP/M.VB Tahun 2025 DEMI KEADILAN BERDASARKAN KETUHANAN YANG M,2019,Pajak Penghasilan,-,transfer pricing,30,"7,8,10,15,16,19,20,26,27,43,44,54,55,56,57,59,60,61,63,64,65",21,69,...aba Usaha Operasi Wajar 134.270.635.805 Laba Usaha Operasi Pemohon Banding (76.675.003.407) Koreksi Transfer Pricing 210.945.639.212 FA Halaman 7 dari 69 halaman. Putusan Nomor PUT-002099.15/2023/PP/M.VB Tahun 2025...
576,121398,PT. Toyota Boshoku Indonesia,PUT-012544.15/2023/PP/M.VB Tahun 2025 DEMI KEADILAN BERDASARKAN KETUHANAN YANG M,2020,Pajak Penghasilan,Mengabulkan seluruhnya,transfer pricing,33,"6,7,8,12,15,16,17,22,23,25,26,30,34,35,36,39,40,41,42,43,44",21,48,"...Tahun Pajak 2020, Terbanding melakukan analisis dengan metode TNMM sesuai OECD TP Guidance On The Transfer pricing Implications of the COVID-19 dan SE- 50/PJ/2013: Terbanding menggunakan Profit Level Indicator (PL..."
577,121421,PT ORIFLAME COSMETICS INDONESIA,PUT-004233.15/2020/PP/M.IIB Tahun 2025 DEMI KEADILAN BERDASARKAN KETUHANAN YANG ,2016,Pajak Penghasilan,-,transfer pricing,14,"5,16,25,32,33,35,37,46,48,55,77,81,88",13,91,"...arking yang dilakukan oleh Terbanding tidak sesuai dengan pedoman dan peraturan perpajakan mengenai transfer pricing yang berlaku, dan 2. Rentang .harga- wajar yang diperoleh hanya dari tiga perusahaan pembanding bu..."
578,121436,PT. Anixter Indonesia,PUT-009666.15/2023/PP/M.VA Tahun 2025 DEMI KEADILAN BERDASARKAN KETUHANAN YANG M,2020,Pajak Penghasilan,Mengabulkan seluruhnya,transfer pricing,1,21,1,50,...sia - Amerika dan terjemahannya » Perjanjian Business Licensing Agreement beserta terjemahannya » Transfer Pricing Documentation PT Anixter Indonesia Tahun Pajak.2020 » Perjanjian antara Pemohon Banding dengan Ani...
579,121447,PT MONDELEZ INDONESIA,PUT-010049.15/2023/PP/M.IVA Tahun 2025 DEMI KEADILAN BERDASARKAN KETUHANAN YANG ,2020,Pajak Penghasilan,-,transfer pricing,10,"9,10,14,72,88,92,97",7,116,...ha terkait dengan transaksi penyediaan jasa kepada pihak afiliasi dan telah sesuai dengan peraturan transfer pricing yang berlaku di Indonesia; 3. Penolakan Terbanding atas pembanding yang diterima secara manual adal...
580,121469,PT CHAROEN POKPHAND JAVA FARM,PUT-013759.15/2022/PP/M IVA Tahun 2025 DEMI KEADILAN BERDASARKAN KETUHANAN YANG ,2019,Pajak Penghasilan,Mengabulkan sebagian,transfer pricing,30,"37,39,42,43,46,48,50,67,74,82,88,94,96,100,123,128,131,138,139,165,168,169",22,209,3) Menurut Terbanding data pembanding yang digunakan di dalam transfer pricing documentation tidak memenuhi persyaratan kesebandingan dalam perjanjian lisensi hak milik intelek...
581,121472,PT Zebra Asaba Industries,PUT-015866.15/2020/PP/M.IA Tahun 2025 DEMI KEADILAN BERDASARKAN KETUHANAN YANG M,2017,Pajak Penghasilan,-,transfer pricing,46,"12,16,17,20,22,23,26,30,32,42,43,46,53,55,61,62,70,71,74,77,79,87,96,100,103,104,105,109",28,112,...lah sebagai berikut: Koreksi.-Atas Peredaran Usaha sebesar Rp208.979.929.594 (Uji Arus Piutang dan Transfer Pricing) Bahwa alasan yang mendasari banding atas masing-masing koreksi yang diajukan banding tersebut di a...
582,121481,PT KIE INDONESIA,PUT-007367.15/2023/PP/M.IIA Tahun 2025,2020,Pajak Penghasilan,Mengabulkan seluruhnya,transfer pricing,1,80,1,94,"...eh pihak independen, jasa tersebut akan dikenakan biaya khusus untuk menjamin ketersediaannya. OECD Transfer Pricing Guideline 2017 yang menyatakan antara lain: ParaaraDh 7.29 In trying to determine the arm's length..."
583,121543,PT ERM INDONESIA,PUT-003197.15/2024/PP/M.VIB Tahun 2025 DEMI KEADILAN BERDASARKAN KETUHANAN YANG ,2020,Pajak Penghasilan,-,transfer pricing,9,"20,69,71,72,75,77,81",7,89,"...alokasi khusus kepada setiap anak perusahaan penerima Group Services. Pemohon Banding telah membuat Transfer Pricing Document yang telah Pemohon-Banding lampirkan pada saat penyerahan surat. keberatan, dimana berisi..."
584,121622,-,-,2021,Pajak Penghasilan,-,transfer pricing,13,"13,36,44,54,57,60,86,89,94,98,100",11,111,"...dian setan dividen dengan uraian dan penjelasan sebagai .g, B.1.Biaya.ya ik i berdasarkan analisis Transfer Pricing BUKAN merupakan AN Tech Data Singapore dan Tech Data Malaysia Berikut alasan Pemohon Banding Pemoho..."
585,121650,PT NT INDONESIA,PUT-012848.15/2020/PP/M.IIB Tahun 2025 DEMI KEADILAN BERDASARKAN KETUHANAN YANG ,2015,Pajak Penghasilan,-,transfer pricing,36,"12,29,32,33,34,37,45,46,47,48,49,50,51,55,57,63,72,73,74,76,82,94,95",23,114,"...alah TNMM; bahwa berikut kutipan dari pendapat Majelis Hakim Pengadilan Pajak: ""Paragraph 2.58 OECD Transfer Pricing Guidelines di atas dinyatakan bahwa dalam pengujian kewajaran dan kelaziman usaha dengan menerapkan..."
586,121664,-,PUT-007432.15/2023/PP/M.VIB Tahun 2024 DEMI KEADILAN BERDASARKAN KETUHANAN YANG ,2020,Pajak Penghasilan,Mengabulkan seluruhnya,transfer pricing,3,31,1,88,"...as kewajaran nilai transfer tetap dapat dilakukan, sepanjang terdapat indikasi dan motivasi praktik transfer pricing, yang dapat didorong oleh karena alasan pajak (tax motive) maupun bukan pajak (non — tax motive). M..."
587,121831,PT. PERKASA AGUNG LESTARI,PUT-004990.15/2021/PP/M.XB Tahun 2025 DEMI KEADILAN BERDASARKAN KETUHANAN YANG M,2016,Pajak Penghasilan,Mengabulkan sebagian,transfer pricing,1,46,1,83,"...n Terhadap Wajib Pajak Yang Mempunyai Hubungan Istimewa, bahwa pada Tahapan Pelaksanaan Pemeriksaan Transfer Pricing (Lampiran4 Surat Edaran Nomor 50/PJ/2013), disebutkan apabila Wajib Pajak memiliki transaksi afilia..."
588,121879,PT HEIDELBERG INDONESIA,PUT-002923.15/2020/PP/M.XB Tahun 2025 PT Heidelberg Indonesia,2016,Pajak Penghasilan,Mengabulkan sebagian,transfer pricing,7,"7,11,19,20,57",5,65,"...ansaksi pemberian/ penerimaan jasa manajemen telah diatur oleh peraturan penentuan harga “transfer (transfer pricing) di Indonesia sebagai berikut: bahwa Pasal 14 ayat (2) dan. (3), PER-32/PJ/2011 (“PER-32”), menyata..."
589,121892,BUT NEC CORPORATION,PUT-001894.15/2023/PP/M.XB Tahun 2025 DEMI KEADILAN BERDASARKAN KETUHANAN YANG M,2018,Pajak Penghasilan,Mengabulkan sebagian,transfer pricing,3,"54,99,102",3,194,"...Kabel Bawah Laut . Jakarta Singapura/JSSC sebagaimana dapat dilihat pada halaman 20 Dokumen Lokal Transfer Pricing tahun pajak 2018 PT NEC Indonesia tabel 4.1. Informasi Pihak Afiliasi, bahwa aktivitas Bisnis yang..."
590,121932,PT. GLICO INDONESIA,PUT-009922.15/2021/PP/M.XVB Tahun 2024 DEMI KEADILAN BERDASARKAN KETUHANAN YANG ,2018,Pajak Penghasilan,-,transfer pricing,30,"9,10,14,15,17,19,24,30,31,34,35,44,45,46,47,49,52,58,63,76,78,80,83",23,86,"...sebesar Rp17.328.752.745,00 yang merupakan koreksi pembelian berdasarkan data kesebandingan dokumen Transfer Pricing. Bahwa sesuai data kesebandingan pada Dokumen Lokal Transfer Pricing terdapat 1 (satu) perusahaan..."
591,121986,-,PUT-000748.15/2024/PP/M.XXA Tahun 2025 DEMI KEADILAN BERDASARKAN KETUHANAN YANG ,2019,Pajak Penghasilan,Mengabulkan sebagian,transfer pricing,2,"33,55",2,106,"...ran SSC sebesar Rp. 2.779.406.582,00 Menurut Terbanding A. Tahap Pemeriksaan Koreksi atas pengujian Transfer Pricing/ Arm’s Length Principle atas pembayaran SSC/Shared Service Center sebesar Rp 2.779.406.582,00 1. Ri..."
592,121991,PT .OLEOCHEM & SOAP INDUSTRI,PUT-001586,2018,Pajak Penghasilan,Mengabulkan seluruhnya,transfer pricing,9,"26,35,47,57,58,62,63",7,68,"...sses while the.MNE group as a whole is profitable, the facts could irigger some special scrutiny of transfer pricing issues. Of course, associated enterprises, like independent enterprises, can sustain genuine losses..."
593,121992,-,PUT-001998.15/2020/PP/M.XVB Tahun 2024 DEMI KEADILAN BERDASARKAN KETUHANAN YANG ,2016,Pajak Penghasilan,Mengabulkan seluruhnya,transfer pricing,22,"9,10,11,14,15,17,23,24,28,40,45,50,52,53,54,55,57",17,61,"...n, Terbanding menolak penyesuaian kesebandingan yang dilakukan Pemohon Banding seperti tertera pada Transfer Pricing Dokumen Lokal tahun 2016 atas Operating Expenses berupa biaya promosi sebesar Rp16.201.462.881,00 d..."
594,122033,PT. Agrowiratama,PUT-010254.15/2023/PP/M.XIB Tahun 2025 DEMI KEADILAN BERDASARKAN KETUHANAN YANG ,2017,Pajak Penghasilan,-,transfer pricing,11,"6,22,60,68,91,93,111,115",8,138,...kan | “bahwa: | “(1)Peraturan Direktur Jenderal Pajak ini berlaku untuk Penentuan Harga | Transfer (transfer pricing) atas transaksi yang dilakukan Wajib Pajak | | Dalam Negeri atau Bentuk Usaha Tetap di Indonesia d...
595,122077,PT EPSON INDONESIA,PUT-000304.15/2021/PP/M.XVIIIA Tahun 2025 DEMI KEADILAN BERDASA RKAN KETUHANAN Y,2017,Pajak Penghasilan,Mengabulkan sebagian,transfer pricing,18,"8,20,23,24,25,28,36,37,40,41,46,47,49,53,55",15,60,"...an sesuai dengan peraturan perpajakan yang berlaku di Indonesia dan. bukan malah dikenakan regulasi transfer pricing. Namun, Pemohon Banding mencatat bahwa dasar hukum yang digunakan oleh “Terbanding dalam melakukan..."
596,122083,PT VETCO GRAY INDONESIA,PUT-003713.15/2023/PP/M.XVIIIB Tahun 2025,2018,Pajak Penghasilan,Menolak,transfer pricing,13,"11,23,40,52,66,68,77,83,84,87,93,96",12,117,"....07/KP.0204/RIK.SIS/2021 tanggal 14 Desember 2021, Risalah Pembahasan Akhir.Pemeriksaan dan dokumen Transfer pricing Wajib Pajak diketahui'bahwa: a. Terbanding melakukan koreksi “Peredaran ” Usaha sebesar USD7,675,78..."
597,122088,PT Bentoel Distribusi Utama,PUT-009219.15/2023/PP/M.XIVA Tahun2 025 DEMI KEADILAN BERDASARKAN KETUHANAN YANG,-,-,-,transfer pricing,3,"6,42",2,46,"...berikut: le) Karakteristik Usaha: bahwa fungsi Pemohon Banding sebagaimana juga tercantum dalam Transfer Pricing Documentation (“TP Doc”) adalah Limited Risk Distributor, Pemilihan Metode Pengujian Transfer Pric..."
598,122112,PT Sumitomo Indonesia,PUT-014476.15/2022/PP/M.XIVB Tahun 2025,2019,Pajak Penghasilan,Mengabulkan seluruhnya,transfer pricing,62,"6,8,15,17,18,19,20,21,22,23,24,25,26,27,28,31,33,34,35,36,37,38,43,44,45,46,47,52,53,67,68,70,72,75",34,80,...epat bagi usaha Pemohon Banding dan hasilnya menunjukkan tingkat laba kami wajar; c. bahwa Analisis transfer pricing yang dilakukan Terbanding keliru khususnya penyajian laporan keuangan secara segmentasi yang tidak...
599,122179,PT TANAH MAS CELEBES INDAH,PUT-005073.15/2024/PP/M. XVIA Tahun 2025 DEMI KEADILAN BERDASARKAN KETUHANAN YAN,2021,Pajak Penghasilan,-,transfer pricing,18,"7,15,19,27,45,47,63,64,66,67,69,96,100,180,183",15,190,...yang dialami Pemohon Banding selama Tahun Pajak 2021 adalah mumi faktor komersial dan bukan karena Transfer Pricing a. Latar belakang kerugian Pemohon Banding: Kurangnya pasokan dan dampak berkelanjutan pandemi COV...
600,122189,PT Siak Prima Sakti,PUT-006172.15/2022/PP/M.XXB Tahun 2024,2019,Pajak Penghasilan,-,transfer pricing,12,"13,24,26,32,44,45,46,51",8,69,"Pasal 1 Angka 8 ""Penentuan! Harga Transfer (transfer pricing) adalah penentuan harga dalam transaksi antara pihak-pihak yang mempunyai Hubungan Istimewa."" Pa..."
601,122213,PT. SUMITOMO CONSTRUCTION MACHINERY SOUTHEAST,PUT-009420.15/2021/PP/M.XVIA Tahun 2025,2018,Pajak Penghasilan,-,transfer pricing,14,"10,13,14,20,24,26,28,29,36,37",10,57,...kasi karakteristik iransaksi afiliasi dan melakukan analisis fungsi: e Tahap Kedua: Memilih Metode Transfer Pricing Tahapan kedua pemilihan metode transfer pricing terdiri dari mengidentifikasi ketersediaan pembandi...
602,122243,-,-,2018,Pajak Penghasilan,-,transfer pricing,14,"18,31,38,43,45,53,55,63,64,71,72,73",12,84,"""In some cases, taxpayers establish transfer pricing documentation to demonstrate that they have made reasonable eiferts to comply w.ith the arm's lengt..."
603,122244,PT Volvo Indonesia,PUT-004441.15/2022/PP/M.XIVA Tahun 2024 DEMI KEADILAN BERDASARKAN KETUHANAN YANG,2018,Pajak Penghasilan,Mengabulkan seluruhnya,transfer pricing,5,"7,10,19,48",4,57,"...PJ.04/2010 (""S-153"") yang masih berlaku dan seharusnya dijadikan referensi dalam proses Pemeriksaan transfer pricing. Dengan demikian, Pemohon Banding berpendapat bahwa koreksi yang dilakukan oleh Terbanding terhadap..."
604,122263,PT PERUSAHAAN DAGANG DAN INDUSTRI TRESNO,PUT-011619.15/2022/PP/M.Xl I IA Tahun 2025 DEMI KEADILAN BERDASARKAN KETUHANAN Y,2019,-,-,transfer pricing,3,"11,53,54",3,108,...h mengakui bahwa fungsi Pemohon Banding adalah Licensed Manutactun.ng. / Pemilihan Metode Pengujian Transfer Pricing dan PLl: Pemohon Banding memilih metode Transactional Net Margin Method (TNMM) sebagai metode yang...
605,122451,PT PRIMA MITRAJAYA MANDIRI,PUT-000481.15/2023/PP/M.XVB Tahuri2025 DEMI KEADILAN BERDASARKAN KETUHANAN YANG ,2019,Pajak Penghasilan,Mengabulkan sebagian,transfer pricing,22,"8,9,11,12,14,15,37,38,39,45,46,51,55,57,76",15,102,...1. Atas Sengketa Koreksi Penyesuaian Fiskal Positif Rp40.077.010.999 A. Koreksi Pengujian Kewajaran Transfer Pricing Sebesar Rp9.993.603.374 a. Menurut Terbanding Terbanding melakukan Koreksi Pengujian Kewajaran Tran...
606,122452,PT Cardig Aero Services,PUT-002390.15/2023/PP/M.XXB Tahun 2024,2018,Pajak Penghasilan,Menolak,transfer pricing,2,37,1,43,...uga melakukan kegiatan dalam bidang jasa manajemen dan sewa sistem oracle bahwa dari bukti dokumen transfer pricing diketahui Pemohon Banding merupakan holding company dengan struktur kepemilikan sebagai berikut Hol...
607,122454,PT TEC H DATA ADVANCED SOLUTIONS INDONESIA,PUT-002668.15/2023/PP/M.VIB Tahun 2024 DEMI KEADILAN BERDASARKAN KETUHANAN YANG ,2020,Pajak Penghasilan,-,transfer pricing,11,"13,22,39,49,54,55,80,84,86,93,113",11,145,"...usaha. Dalam proses pemeriksaan dan keberatan, Pemohon Banding telah memberikan Service Agreement, Transfer Pricing Documentation, invoice, dasar penagihan dan bukti pembayaran terkait yang dilakukan oleh afiliasi..."
608,122455,PT TECH DATA ADVANCED SOLUTIONS INDONESIA,PUT-002794.15/2022/PP/M.VIB Tahun 2024 DEMI KEADILAN BERDASARKAN KETUHANAN YANG ,2019,Pajak Penghasilan,-,transfer pricing,20,"13,36,38,39,43,52,53,55,56,58,69,79,89,100,125,128",16,147,"...bagi kegiatan usaha. Dalam proses pemeriksaan, Pemohon Banding telah memberikan Service Agreement, Transfer Pricing Documentation tahun pajak 2019, invoice, dasar penagihan, bukti pembayaran dan bukti pemberian jasa..."
609,122482,PT PACIFIC .INDOPALM INDUSTRIES,PUT-002041.15/2024/PP/M.XXA Tahun 2025 DEMI KEADILAN BERDASARKAN KETUHANAN YANG ,2017,Pajak Penghasilan,-,transfer pricing,10,"13,19,24,39,41,49,50,51,64,69",10,84,"...tidak langsung sesuai ketentuan Pasal 18 ayat (4) huruf b UU PPh. Berdasarkan penelitian terhadap Transfer Pricing Documentation FY 2017, diperoleh fakta bahwa tidak terdapat informasi Penerapan Kewajaran dan Kelaz..."
610,122504,-,PUT-012313.15/2022/PP/M.XIIIB Tahun 2025 DEMI KEADILAN BERDASARKAN KETUHANAN YAN,2016,Pajak Penghasilan,Mengabulkan seluruhnya,transfer pricing,6,"5,19,30,32,39",5,53,...Global Pte LTD. Terbanding menerapkan prinsip kewajaran dan kelaziman usaha dan melakukan pengujian transfer pricing dengan N Halaman 5 dari 53 halaman. Putusan Nomor PUT-012373.15/2022/PP/M.XIIIB Tahun 2025 PT Pan...
611,122607,PT ASAI INDONESIA,PUT-002549.15/2024/PP/M.IXB Tahun 2025 DEMI KEADILAN BERDASARKAN KETUHANAN YANG ,2018,-,Mengabulkan sebagian,transfer pricing,8,"11,47,68,70,71,73,76",7,85,"...Pemeriksaan Terhadap Pemohon Banding yang Mempunyai Hubungan Istimewa (Bab III, Metode Pemeriksaan Transfer Pricing, huruf D, Metode Laba Bersih Transaksional (TNMM)), ROS Pemohon Banding dibawah bentang (range) Q1..."
612,122647,PT NUBIKA JAYA,PUT-004273.15/2024/PP/M.IVB Tahun 2025 DEMI KEADILAN BERDASARKAN KETUHANAN YANG ,2018,Pajak Penghasilan,Mengabulkan seluruhnya,transfer pricing,29,"10,13,16,18,33,34,39,42,59,61,65,66,69,86,87,88,99,101,104,105,106",21,111,...2 PER-32/PJ/2011 “(1) Peraturan Direktur Jenderal Pajak ini berlaku untuk Penentuan Harga Transfer (Transfer Pricing) atas transaksi yang dilakukan Wajib Pajak Dalam Negeri atau Bentuk Usaha Tetap di Indonesia dengan...
613,122788,PT TEBO MULT l AGRO,PUT-001867.15/2024/PP/M.XVIB Tahun 2025 DEMI KEADILAN BERDASARKAN KETUHANAN YANG,2018,Pajak Penghasilan,-,transfer pricing,10,"10,23,28,76,78,88,103,112,114",9,131,"...wa, menyatakan : (1) Peraturan Direktur Jenderal Pajak'ini berlaku untuk Penentuan Harga Transfer (Transfer Pricing) atas transaksi yang dilakukan Wajib Pajak Dalam Negeri atau Bentuk Usaha Tetap di Indonesia dengan..."
614,122801,PT SEMESTA MITRA SEJAHTERA,PUT-008514.15/2023/PP/M.XIIIA Tahun 2025 DEMI KEADILAN BERDASARKAN KETUHANAN YAN,2020,Pajak Penghasilan,Mengabulkan seluruhnya,transfer pricing,49,"15,22,30,31,32,33,42,44,45,69,79,82,88,96,98,106,107,108,116,129",20,135,"...gkatkan produktivitas usaha. Kerjasama kemitraan ini sejalan dengan apa yang disebutkan dalam OECD Transfer Pricing Guiodelines dan UN Transfer Pricing Manual, yang mana menyebutkan bahwa dalam menentukan rentang ke..."
615,122821,PT CRANE INDONESIA,PUT-000392.15/2021/PP/M.XVIIIA Tahun 2025. DEMI KEADILAN BERDASARKAN KETUHANAN Y,2017,Pajak Penghasilan,Mengabulkan sebagian,transfer pricing,2,53,1,79,...lalui korespondensi email (softcopy): Deskripsi (Tanggal Penyerahan Keterangan Softcony Local File Transfer Pricing Documentation Tahun 2017 Softeony melalui email MAp:19 Rincian transaksi afiliasi sebagaimana Tra...
616,122825,PT Daya Kobelco Construction Machinery Indonesia NPWP 02.005.464.9-,PUT-001708.15/2022/PP/M.XIVB Tahun 2025,2018,Pajak Penghasilan,-,transfer pricing,19,"7,14,18,20,34,36,38,45,53,60,61,62,63,81,88",15,114,"..., Poin B, “Tahapan Pelaksanaan Pemeriksaan"", yang menyatakan bahwa: “Dalam pelaksanaan pemeriksaan transfer pricing, Pemeriksa Pajak perlu memperhatikan dokumen yang menjadi dasar penerapan prinsip kewajaran dan kel..."
617,122838,PT Nisshinbo Indonesia,-,2020,Pajak Penghasilan,Mengabulkan sebagian,transfer pricing,12,"9,15,33,34,35,41,54,56,57,63,64,66",12,70,"...a pendirian, Company Profile 2) SPT PPh Badan tahun 2020 3) Laporan Keuangan Audit Tahun 2020 4) Transfer Pricing Documentation Halaman 9 dari 70 halaman Putusan Nomor PUT- 006950-15/2023/PP/M.XXB Tahun 2025 PT N..."
618,122865,PT Daya Kobelco Construction Machinery Indonesia NPWP,PUT-009607.15/2022/PP/M.XIVB Tahun 2025,2019,Pajak Penghasilan,Menolak,transfer pricing,12,"9,11,13,26,35,36,37,42,44,50",10,56,"...t it is not a systematic requirement. Multiple year data should be used where they add value to the transfer pricing analysis. ...” Dengan terjemahan bebas sebagai berikut: “Dalam praktiknya, memeriksa data beberapa..."
619,122866,PT PIAGGIO INDONESIA,PUT-010083.15/2021/PP/M.XIIA Tahun 2024 DEMI KEADILAN BERDASARKAN KETUHANAN YANG,2018,Pajak Penghasilan,Mengabulkan sebagian,transfer pricing,7,"9,30,32,34,35,40",6,50,"...asi Pemohon Banding memang benar-benar diperlukan, maka Terbanding seharusnya menggunakan peraturan Transfer Pricing yang berlaku di Indonesia, antara lain namun tidak terbatas pada Pasal18. ayat (3) UU PPh dan perat..."
620,122870,PT MCNS POLYURETHANES INDONESIA,PUT-010878.15/2021/PP/M.XIIA Tahun 2024 DEMI KEADILAN BERDASARKAN KETUHANAN YANG,2018,Pajak Penghasilan,-,transfer pricing,24,"12,13,16,17,18,22,28,30,31,35,44,70,73,77,80,88,109,118",18,130,"...i pengaruh signifikan terhadap profitabilitas Pemohon Banding Pada tahun 2018, pengaruh situasi non-transfer pricing seperti situasi pasar yang merupakan alasan bisnis, memiliki pengaruh signifikan dan berdampak seca..."
621,122884,PT AT Indonesia,PUT-013935.15/2022/PP/M.XIVB Tahun 2025,2019,Pajak Penghasilan,Mengabulkan sebagian,transfer pricing,17,"8,9,10,16,17,25,26,28,29,40,41,43,46",13,56,...sebesar Rp 13.500.000. 2. Pembebanan biaya royalti yang tidak memenuhi paragraph 6.5 dan 6.14 OECD Transfer Pricing Guidelines for Multinational Enterprises and Tax Administrations – 2010 serta prinsip kewajaran dan...
622,122908,PT AT Indonesia,PUT-013935.15/2022/PP/M.XIVB Tahun 2025,2019,Pajak Penghasilan,Mengabulkan sebagian,transfer pricing,17,"8,9,10,16,17,25,26,28,29,40,41,43,46",13,56,...sebesar Rp 13.500.000. 2. Pembebanan biaya royalti yang tidak memenuhi paragraph 6.5 dan 6.14 OECD Transfer Pricing Guidelines for Multinational Enterprises and Tax Administrations – 2010 serta prinsip kewajaran dan...
623,122930,-,PUT-003811.15/2023/PP/M.VB Tahun 2025 DEMI KEADILAN BERDASARKAN KETUHANAN YANG M,2016,Pajak Penghasilan,-,transfer pricing,3,"49,51",2,63,"...ang berbeda (cross- border transactions). :a; Bab [I,.)Huruf B Angka I i.utir 4) Dalam ipemeriksaan transfer pricing, perlu dilakukan penelitian awal atas kinerja finansial Wajib F:ajak untuk mengidentifikasi risiko..."
624,122947,PT SARI DUMAI SEJATl,PUT-007561.15/2023fl3P/M.VIB Tahun 2024 DEMI KEADILAN BERDASARRAN KETUHANAN YANG,2020,Pajak Penghasilan,-,transfer pricing,17,"13,16,21,22,38,48,51,56,62,82",10,96,"...nyai Hubungan lstimewa dan pihak-pihak yang tidak mempunyai Hubungan lstimewa."" Paragraf 1.114 OECD Transfer Pricing Guidelines 2017: ""Business strategies must also be examined in delineating the transaction and in d..."
625,122952,PT KYORAKU BLOWMOLDING INDONESIA,PUT-008077.15/2023/PP/M.VB Tahun 2025 DEMI KEADILAN BERDASARKAN KETUHANAN YANG I,2020,Pajak Penghasilan,-,transfer pricing,1,26,1,34,"...yang berbeda (cross- border tran saction s). ( Bab 11, Huruf a Angka I b,Ttir 4) Dalam pemeriksaan transfer pricing, perlu dilakukan penelitian awal atas kinerja finansial Wajib Pajak untuk mengidentifikasi risiko p..."
626,122954,-,PUT-009567.15/2022/PP/M.VIB Tahun 2024 DEMI KEADILAN BERDASARRAN KETUHANAN YANG ,2019,Pajak Penghasilan,-,transfer pricing,31,"8,14,15,16,17,22,24,27,28,53,54,56,60,62,65,66,73,75,95",19,97,"...ak afiliasi 43,308,223 43,308,223 transfer 3.1. Menurut Terbanding Penjualan kepada pihak afili si (transfer pricing) 1) bahwa Pemohon Bandi g melakukan transaksi penjualan kepada pihak afiliasi AAA Oil and Eats e Lt..."
627,122979,PT Taisho Pharmaceutical Indonesia Tbk.,PUT-004821.15/2022/PP/M.XIVB Tahun 2025,2016,Pajak Penghasilan,Mengabulkan seluruhnya,transfer pricing,36,"10,11,12,15,18,19,23,28,31,37,40,41,44,45,46,48,50,54,55,58",20,61,...UU PPh - Pasal 18 ayat (4) UU KUP - Pasal 28 dan 29 UU KUP - PER-22/PJ/2013 - SE-50/PJ/2013 - OECD Transfer Pricing Guidelines Menurut Pemohon Banding Pemohon Banding tidak setuju dengan koreksi yang dilakukan oleh...
628,123044,-,PUT-011593.15/2022/PP/M.Xll lA Tahun 2025 DEMI KEADILAN BERDASARRAN KETUHANAN YA,2019,-,Mengabulkan sebagian,transfer pricing,6,"13,63,66,78",4,88,...melakukan transaksi afiliasi dengan harga sewajamya. Hal ini dapat dibuktikan dengan adanya dokumen Transfer Pricing dalam penyampaian SPT 2019 dan Transfer Pricing Dokumen Tahun 2019 Pemohon Banding; Halaman 13 dari...
629,123070,PT BOEHRINGER INGELHEIM INDONESIA,PUT-009007.15/2021/PP/M.IIB Tahun 2025 DEMI KEADILAN BERDASARKAN KETUHANAN YANG ,2018,Pajak Penghasilan,-,transfer pricing,37,"6,8,14,15,17,18,26,27,28,30,31,36,37,47,56,59,73,86,88,103,112,115,121,122,123,124",26,136,"...bahwa mereka bisa melakukan koreksi atas Transaksi Manukfaktur ke Pihak Ketiga, padahal dalam ilmu transfer pricing yang dapat dilakukan koreksi adalah hanya untuk transaksi ke afiliasi saja; 5. Bahwa Pemohon Bandin..."
630,123115,PT TAMBANG RAYA USAHA TAMA,-,2020,Pajak Penghasilan,Mengabulkan seluruhnya,transfer pricing,2,"10,23",2,39,"...trak Kerja Sama.Migas.:"" bahwa berikutnya dalam Lampiran SE 50/PJ/2013 bagian tahapan pemeriksaan transfer pricing No. 7 disebutkan: ""Apabila Wajib Pajak memiliki transaksi afiliasi dengan pihak Wajib Pajak Dalam..."
631,123190,PT Satwa Utama,PUT-009004.15/2023/PP/M.IA Tahun 2025 DEMI KEADILAN BERDASARKAN KETUHANAN YANG M,2020,Pajak Penghasilan,-,transfer pricing,8,"61,62,85,105,127,132",6,145,"...balian"" diatur lebih lanj.ut dalam Bab 11 huruf a angka (1 ) (4) PER-22/PJ/2013: ""Dalam Pemeriksaan transfer pricing, perlu dilakukan penelitian awal atas kinerja finansial Wajib Pajak untuk mengidentifikasi ri§iko p..."
632,123214,-,PUT-004997.15/2023/PP/M.IIIA Tahun 2025 DEMI KEADILAN BERDASARKAN KETUHANAN YANG,2019,Pajak Penghasilan,Mengabulkan seluruhnya,transfer pricing,11,"16,17,35,39,44,87,88,93,96",9,105,"...ontoh dapat mencakup: a) beberapa kontrak jangka panjang untuk penyediaan komoditas atau jasa. “The transfer pricing analysis should ideally be made on a transaction- by-transaction basis. However, there are cases wh..."
633,123217,-,PUT-006909.15/2023/PP/M.IllA Tahun 2025 DEMI KEADILAN BERDASARKAN KETUHANAN YANG,2020,Pajak Penghasilan,-,transfer pricing,1,26,1,89,...t payable lntercompany 2020 (Penyampaianulang) • Account Receivable lntercompany 2020 8 18 Februari Transfer Pricing Document: 2022 • MasterFile • LocalFile • TPAppendices • CBCRNctice • Statement Letter 9 25 Februar...
634,123251,PT TAMBANG RAYA USAHA TAMA,-,2020,Pajak Penghasilan,Mengabulkan seluruhnya,transfer pricing,2,"10,23",2,39,"...trak Kerja Sama.Migas.:"" bahwa berikutnya dalam Lampiran SE 50/PJ/2013 bagian tahapan pemeriksaan transfer pricing No. 7 disebutkan: ""Apabila Wajib Pajak memiliki transaksi afiliasi dengan pihak Wajib Pajak Dalam..."
635,123415,-,PUT-000485.15/2023/PP/M.XlllB Tahun 2025 DEMI KEADILAN BERDASARKAN KETUHANAN YAN,2019,Pajak Penghasilan,-,transfer pricing,23,"18,21,27,36,38,46,54,58,62,63,71,72,74,75,76,79,81,87",18,90,"...graf 2.84 OECD TP Gu/.de//.nes 2017 (sebelumnya paragraf 2.78 OECD TP Gu/.de//.nes 2010) dalam buku Transfer Pricing: lde, Strategi, dan Panduan Praktis Dalam Perspekf/.f Pa/.ak /ntemas/.or}a/ yang diterbitkan oleh D..."
636,123424,PT Multi lndomandiri,PUT-003173.15/2023/PP/M.XIB Tahun 2025 DEMI KEADILAN BERDASARKAN KETUHANAN YANG ,2019,Pajak Penghasilan,Menolak,transfer pricing,56,"6,7,8,9,10,11,13,14,15,19,20,21,22,26,32,33,39,44,51,59,62,64,65,67,68,70,72,73",28,79,...b TH - 0. — 0 Pemberian Natura Ea .' 570.215.881 | )/”..570.275881| 570.275.881) Koreksi | karena T Transfer Pricing : 1.1 25.054.982.084 0 |.25.054.982.034 25.054.982.084 25.625.257.965 25.625.257.965 - Koreksi Pe...
637,123425,PT Bangun Nusa Mandiri NPWP 02.416.874.2ro76.000 beralamat di,PUT-003938.15/2024/PP/M.XIVB Tahun 2025 PT Bangun Nusa Mandiri - __,2021,Pajak Penghasilan,-,transfer pricing,2,"66,71",2,79,"...h sesuai dengan prinsip kewajaran dan kelazl.man usaha, dan telah dilakukan pengujian dalam dokumen transfer pricing; 3. bahwa tidak terdapat indikasi penghindaran pajak atau kerugian negara; 4. bahwa atas pembayaran..."
638,123458,-,-,2019,Pajak Penghasilan,-,transfer pricing,3,"19,29",2,48,"...jelasan tertulis nomor 2114/MUCITDA/\/I/2023 tanggal 19 Juni I 2023, dilampin. dokumen berikut : 1. Transfer Pricing Documentation; 2. Company profile; 3. Nomor lnduk Berusaha; Bukti p-P Penjelasan tertulis nomor 240..."
639,123459,PT KIA KERAMIK MAS,PUT-011450.15/2020/PP/M.XIB Tahun 2025 DEMI KEADILAN BERDASARKAN KETUHANAN YANG ,2017,Pajak Penghasilan,Mengabulkan seluruhnya,transfer pricing,45,"8,13,17,21,29,30,31,32,33,35,36,51,53,54,65,74,75,80,82,87,92,98,99,100,101,102,106",27,112,"...A No. 3, 4, dan 5 Lampiran Surat Edaran DJP No. 50 Tahun 2013 (SE-50), dalam melakukan pemeriksaan Transfer Pricing, langkah-langkah yang seharusnya dilakukan Terbanding, antara lain: 1. Apabila Pemeriksa Pajak mene..."
640,123460,PT POU YUEN INDONESIA,PUT-011620.15/2022/PP/M.XIllB Tahun 2025 DEMI KEADILAN BERDASARKAN KETUHANAN YAN,2019,-,-,transfer pricing,17,"7,12,37,42,70,71,73,75,89,104,109,112",12,126,"...daran Usaha sejumlah USD4,812,261.25 Menurut Terbanding: 1. Tanggapan secara umum terhadap Analisis Transfer Pricing dalam Dokumen Penentuan Harga Transfer - Dokumen Lokal Pemohon Banding dan Hubungan lstimewa dengan..."
641,123464,PT EVONIK SUMI ASIH,PUT-015625.15/2020/PP/M.XIB Tahun 2025 DEMI KEADILAN BERDASARKAN KETUHANAN YANG ,2017,Pajak Penghasilan,Mengabulkan seluruhnya,transfer pricing,6,"8,9,12,67",4,87,...k wilayah asia di kelola oleh Evonik (SEA) Pte Ltd dan Evonik Malaysia; bahwa berdasarkan 7.14 OECD Transfer Pricing Guidelines for Multinational Enterprises and Tax Administrations menyatakan: “the activities are ce...
642,123531,PT ISPAT INDO,PUT-014605.15/2022/PP/M.XIIA Tahun 2025 DEMI KEADILAN BERDASARKAN KETUHANAN YANG,2019,Pajak Penghasilan,Mengabulkan seluruhnya,transfer pricing,15,"16,24,32,46,68,69,70,81,83",9,87,"...018 sebesar Rp1.944.707.900,00 dan Tahun 2019 sebesar Rp3.138.999.521,00; 3) Pengujian atas Dokumen Transfer Pricing yang disampaikan oleh Pemohon Banding untuk Tahun 2018 dan Tahun 2019 a) Meskipun Koreksi yang dila..."
643,123537,PT TANJUNG SARANA LESTARl,PUT-002639.15/2023/PP/M.XIIB Tahun 2025 DEMI KEADILAN BERDASARKAN KETUHANAN YANG,2017,Pajak Penghasilan,-,transfer pricing,33,"9,14,15,18,19,57,58,90,95,99,100,120,126,133,142,145,146,147,148,151,154,158,165,166",24,208,"...Undang-Undang KUP; Selanjutnya Lampiram PER-22/2011 pun mengatur: ""Dalam pelaksanaan i,pemeriksaan transfer pricing, Terbanding perlu n memperhatikan doku,men yang menjadi dasar penerapan prinsip kewajaran dan kelaz..."
644,123545,PT VOESTALPINE BOHLER WELDING ASIA PACIFIC,PUT-000056.15/2023/PP/M.XA Tahun 2025 DEMI KEADILAN BERDASARKAN KETUHANAN YANG M,2019,Pajak Penghasilan,Menolak,transfer pricing,9,"10,31,40,41,45,58,65,76",8,85,"bahwa sesuai dengan pengujian transfer pricing, Terbanding mengkoreksi seluruh transaksi Regional Cost Sharing karena menurut Terbanding tidak ses..."
645,123563,PT SUPER STEEL KARAWANG,PUT-003360.15/2023flDP/M.IIIB Tahun 2025,2019,Pajak Penghasilan,Mengabulkan seluruhnya,transfer pricing,19,"7,8,9,18,34,40,41,52,63,72,73,74,92",13,97,...ng atas: a. Peredaran Usaha yang direklasifikasikan sebagai penghasilan dari luar usaha; b. koreksi transfer pricing atas nilai transaksi pembelian yang dialokasikan ke dalam Harga Pokok Penjualan dan biaya usaha lai...
646,123602,PT WILMAR BIOENERGI INDONESIA,PUT-008099.15/2020/PP/M.IIB Tahun 2025 DEMI KEADILAN BERDASARKAN KETUHANAN YANG ,2017,-,Mengabulkan sebagian,transfer pricing,14,"6,7,19,25,27,34,36,56,62",9,77,...yang dilakukan dengan perusahaan afiliasi di luar negeri. Sedangkan apabila benar terdapat/terjadi transfer pricing dalam transaksi yang dilakukan dengan perusahaan afiliasi dalam negeri pada dasarnya potensi kerugi...
647,123604,PT GLOBAL TEKNOLOGI SERVISINDO,PUT-009604.15/2023/PP/M.XB Tahun 2025 DEMI KEADILAN BERDASARKAN KETUHANAN YANG M,2019,Pajak Penghasilan,Mengabulkan sebagian,transfer pricing,3,"17,41,48",3,69,...wa berdasarkan data Laporan Hasil Pemeriksaan serta data/informasi dari surat keberatan dan dokumen Transfer Pricing Dokumen yang diberikan oleh Pemohon Banding diketahui: 1) bahwa penerapan ketentuan PTK 007 oleh SK...
648,123620,PT. Amanda Arumdhani,PUT-011978.15/2023/PP/M.IA Tahun 2025 DEMI KEADILAN BERDASARKAN KETUHANAN YANG M,2020,Pajak Penghasilan,-,transfer pricing,4,"25,110",2,129,"...T Amanda Citra, PT Amanda Natha, dan Baywood Investment Pte. Ltd; Dokumen Penentuan Harga Transfer (Transfer Pricing Documentation) untuk tahun 2020; Terkait pemberian pinjaman kepada Baywood Investment Pte. Ltd, Waj..."
649,123628,-,PUT-013340.15/2020/PP/M.IIB Tahun 2025 DEIVII KEADILAN BERDASARKAN KETUHANAN YAN,2016,Pajak Penghasilan,-,transfer pricing,57,"4,12,13,16,18,19,21,23,24,26,27,28,30,31,32,37,42,45,49,50,53,58,72,73,76,87,103",27,105,"...Koreksi atas penyesuIaian Fi!kal positif sebesar usD1,966,959.95 A) Koreksi atas Ak;uh' No. 740!10 -Transfer Pricing Management Charge sebesar USD1,879,151.82 Alasan Banding PemoI hon Banding bahwa Pemohon Banding ti..."
650,123630,PT AMERTA INDAH OTSUKA,PUT-015072.15/2020/PP/M.IIB Tahun 2025 DEMl,2017,Pajak Penghasilan,-,transfer pricing,47,"20,35,38,39,45,53,56,61,64,65,68,73,76,80,83,86,92,101,111,114,115,124,133,135",24,141,"...sebagai berikut: (halaman 3 Risalah iembahasan Akhir) ""Sesuai dengan B,qbI Vl: IntaTgibles di OECD Transfer Pricing Guidelines for Multinational En,t.e`rprises qnd Tax Administrations (OECD Guidelines), dalam situas..."
651,123635,PT MY INDO AIRLINES,PUT-001053.15/2024/PP/M.VIB Tahun 2025 DEMI KEADILAN BERDASARKAN KETUHANAN YANG ,2018,Pajak Penghasilan,Mengabulkan seluruhnya,transfer pricing,32,"7,8,11,12,13,18,19,21,28,37,41,45,46,53,54,55,56,57",18,69,Transfer Pricing Perusahaan Sebanding menggunakan pendekatan Ex-Post approach untuk mengetahui Return on Total Cost...
652,123683,PT MITSUBISHI MOTORS KRAMA YUDHA SALES INDONESIA,PUT-007713.15/2024/PP/M.IXA Tahun 2025 DEMI KEADILAN BERDASARKAN KETUHANAN yang ,2018,Pajak Penghasilan,Mengabulkan sebagian,transfer pricing,1,114,1,132,...8; Bukti P-19. Laporan Keuangan Audited Pemohon Banding Tahun Pajak 2019; Bukti P-20. Dokumen Lokal Transfer Pricing Pemohon Banding untuk Tahun Pajak yang berakhir tanggal 31 Maret 2019; Halaman 114 dari 132 halaman...
653,123746,PT. INDONESIA CHEMI-CON,PUT-001704.15/2020/PP/M.IVB Tahun 2025,2016,Pajak Penghasilan,Mengabulkan sebagian,transfer pricing,17,"6,7,9,27,29,30,31,33,42,45,55,58,59",13,74,"...ksi atas Peredaran Usaha sebesar USD2,184,365.52 dengan alasan bahwa berdasarkan pengujian analisis Transfer Pricing yang dilakukan oleh Terbanding, terdapat koreksi/peredaran usaha dengan rincian sebagai berikut: M..."
654,123767,PT GLOBAL TEKNOLOGI SERVISINDO,PUT-001451.15/2024fl,2020,Pajak Penghasilan,-,transfer pricing,2,"31,38",2,56,...ud Pasal 2 ayat (1 ) Peraturan Direktur Jenderal Paifak ini berlaku untuk Penentuan Harga Transfer (Transfer Pricing) atas transaksi yang dilakukan Wajib Pajak Dalam Negeri atau Bentuk Usaha Tctap di Indonesia dengan...
655,123780,PT GODREJ CONSUMER PRODUCTS INDONESIA d.h.,PUT-003785.15/2021 /PP/M.XIA DEMI KEADILAN BERDASARKAN KETUHANAN YANG MAHA ESA P,2015,Pajak Penghasilan,-,transfer pricing,16,"69,70,71,72,148,149,153,169,211,222,299,304,305,316,334,336",16,347,"...kan nilai dan Pemohon Bending telah mengikuti UU Pph terkait Royafty sebagai dechat""B expe/7ses dan Transfer Pricing. bahwa sebelum Pemohon Banding mertjelaskan terkait Biaya Royalty yang dikoreksi oleh Terbanding se..."
656,123820,-,PUT-012489.15/2022/PP/M.IIIA Tahun 2025 DEMI KEADILAN BERDASARKAN KETUHANAN YANG,2019,Pajak Penghasilan,Mengabulkan sebagian,transfer pricing,22,"17,19,66,68,72,93,99,101,108,110,114,140,141,152,166,167",16,217,"...k rokok yang dijuak ke pihak afiliasi baik di dalam negeri maupun di luar negeri; Dalam pemeriksaan transfer pricing, terdapat situasi-situasi dimana pengujian transaksi afiliasi secara gabungan lebih tepat untuk dit..."
657,123850,PT MAVENIR SYSTEMS INDONESIA (D/H PT ACISION INDONESIA),PUT-008205.15/2023/PP/M.VIA Tahun 2025 DEMI KEADILAN BERDASARKAN KETUHANAN YANG ,2018,Pajak Penghasilan,Menolak,transfer pricing,5,"25,28,30,32",4,36,"...an bukti pembayaran/pengakuan hutang atas transaksi tersebut; bahwa koreksi HPP adalah koreksi atas Transfer Pricing Cost – Mavenir System Ltd (UK) sebesar Rp71.594.127.419,00 berdasarkan data transaksi pada buku bes..."
658,123919,-,PUT-008845.15/2023/PP/M.IIIA Tahun 2025 DEMI KEADILAN BERDASARKAN KETUHANAN YANG,2017,Pajak Penghasilan,Mengabulkan sebagian,transfer pricing,4,"72,75,76",3,99,"...aknai bahwa Peraturan Direktur Jenderal Pajak ini hanya berlaku dalam hal penentuan Harga Transfer (Transfer Pricing) atas transaksi untuk memanfaatkan Halaman 72 dari 99 halaman, Putusan Nomor PUT-008845.15/2023/PP/..."
659,123926,PT KODECO AGROJAYA MANDIRI,PUT-010297.15/2023/PP/M.IIIA Tahun 2025 DEMI KEADILAN BERDASARKAN KETUHANAN YANG,2020,Pajak Penghasilan,Mengabulkan seluruhnya,transfer pricing,2,34,1,50,Pasal 2 ayat (1): Peraturan Direktur Jenderal Pajak ini berlaku untuk penentuan Harga Transfer (Transfer Pricing) atas transaksi yang dilakukan Wajib Pajak Dalam Negeri atau Bentuk Usaha Tetap di Indonesia dengan...
660,123928,PT KODECO AGROJAYA MANDIRI,PUT-010299.15/2023/PP/M.IIIA Tahun 2025,2019,Pajak Penghasilan,-,transfer pricing,2,24,1,38,...Pasal 2 ayat (1): Peraturan Direktur Jenderal Pajak ini berlaku untuk penentuan Harga Transfer (Transfer Pricing) atas transaksi yang dilakukan Wajib Pajak Dalam Negeri atau Bentuk Usaha Tetap di Indonesia denga...
661,123947,PT. Amanda Arumdhani,PUT-003095.15/2024/PP/M.IA Tahun 2025 DEMI KEADILAN BERDASARKAN KETUHANAN YANG M,2018,Pajak Penghasilan,-,transfer pricing,3,73,1,97,"...negara mitra, yang dilakukan oleh otoritas pajak negara yang bersangkutan sehubungan dengan koreksi transfer pricing yang dilakukan oleh otoritas pajak negara mitra (primary adjustments), sehingga alokasi keuntungan..."
662,123948,-,PUT-003234.15/2024/PP/M.IIIA Tahun 2025 DEMI KEADILAN BERDASARKAN KETUHANAN YANG,2021,Pajak Penghasilan,Mengabulkan sebagian,transfer pricing,17,"13,14,28,62,67,68,71,94,126,127,129,130",12,141,"...Rp247.592.991,00 » Menurut Pemeriksa, Berdasarkan perhitungan dengan menggunakan metode pemeriksaan Transfer Pricing, Metode Laba Bersih Transaksional (TNMM), diperoleh operating profit wajar Wajib Pajak adalah sebes..."
663,123962,PT SUMITRONICS INDONESIA,PUT-004218.15/2020lpp/M.IIIA Tahun 2022 PT SUMITRONICS INDONESIA,2014,Pajak Penghasilan,-,transfer pricing,24,"61,63,69,70,71,76,78,79,80,81,82",11,87,...ggal 31 0ktober 2018 dengan Nomor SPP: p Ri Nroo32o/\/VPJ.o7fl{p.o4o 5/RI K.s is/2o 1 8 ; Bukti p-7 Transfer pricing Report pT Sum.itronics Indonesia Tahun pajak 2014; Bukti P-8 Perianjian antara Pemohon Banding deng...
664,123968,PT ECCO TANNERY INDONESIA,PUT-007358.15/2023/PP/M.IIIA Tahun 2025 DEMI KEADILAN BERDASARKAN KETUHANAN YANG,2020,Pajak Penghasilan,-,transfer pricing,36,"8,11,12,13,14,15,22,34,35,36,40,42,43,44,46,53,68,70,71,78,94,96,109,118,125,126",26,130,"...iskal Positif sebesar Rp63.480.785.949 dengan alasan sebagai berikut: ✓ bahwa berdasarkan pengujian transfer pricing atas transaksi afiliasi Pemohon Banding dengan PT KT Trading, Terbanding menyimpulkan bahwa harga j..."
665,123970,PT NISSIN MANUFACTURING INDONESIA,PUT-007722.15/2022/PP/M.IIB Tahun 2025 DEMI KEADILAN BERDASARKAN KETUHANAN YANG ,2019,Pajak Penghasilan,Mengabulkan sebagian,transfer pricing,26,"6,8,13,15,20,37,57,75,79,80,81,82,85,120,121",15,128,...si dengan Pihak Afiliasi dengan Penjelasan sebagai berikut: 1. bahwa Pemohon Banding telah menyusun Transfer Pricing Documentation (“TP Doc”) sesuai dengan ketentuan dan peraturan perundang-undangan perpajakan yang b...
666,123978,PT PLI INDONESIA,PUT-0000183.15/2023/PP/M.IB Tahun 2025 a DEMI KEADILAN BERDASARKAN KETUHANAN YAN,2019,Pajak Penghasilan,Mengabulkan seluruhnya,transfer pricing,13,"10,19,42,45,48,50,58,67,69,83,99,100",12,122,"...tthority (wajib pajak tidak dapat menolak besarnya gaji presiden direktur). . Berdasarkan dokumen transfer pricing, TP Doc, FAR (Fungsi, Aset, — Resiko) dimana Tugas tambahan juga menghasiikan benefit atas merk dag..."
667,123983,PT... SUMITRONICS INDONESIA,PUT-001999.15/2020/PP/M.IIIA Tahun 2022 DEMI KEADILAN BERDASARKAN KETUHANAN YANG,2015,Pajak Penghasilan,-,transfer pricing,34,"12,14,15,16,26,34,41,44,49,50,60,61,62",13,72,"...saksi dengan pihak yang mempunyai hubungan istimewa sedangkan Pemohon Banding telah membuat dokumen Transfer Pricing untuk membuktikan bahwa transaksi tersebut telah dilakukan dengan harga wajar, BA Terbanding melak..."
668,123987,PT ECCO INDONESIA,PUT-004435.15/2020/PP/M.IllA Tahun 2022 DEMI KEADILAN BERDASARKAN KETUHANAN YANG,2016,Pajak Penghasilan,Mengabulkan seluruhnya,transfer pricing,18,"9,11,33,34,38,46,54,65,73,74,76,77,79",13,88,"• PER-22/PJ/2013, SE-50/PJ/2013; dan • OECD Transfer pricing Guidelines. Selama Proses Keberatan Paiak bahwa Terbanding berpendapat bahwa alasan keberatan Pemoh..."
669,124001,PT Interpublic Group Of Companies Indonesia,PUT-013191.15/2019/PP/M.IIA Tahun 2025,2016,Pajak Penghasilan,Mengabulkan seluruhnya,transfer pricing,4,"10,13,24,43",4,49,"...eh Pemohon Banding, informasi mengenai kegiatan bisnis dari pihak afiliasi dapat diketahui di dalam Transfer Pricing Documentation, bahwa secara nyata Pemohon Banding mendapatkan manfaat ekonomis atas jasa yang diber..."
670,124007,PT INDONESIA CHEMI-CO N,PUT-000351.15/2021/PP/M.IVB Tahun 2025,2017,Pajak Penghasilan,-,transfer pricing,28,"6,8,9,18,23,29,30,31,33,34",10,37,"...erupakan kondisi yang wajar terjadi dalam setiap perusahaan dalam menjalankan bisnis. Lebih lanjut, transfer pricing juga memandang bahwa wajar terjadi kerugian pada suatu perusahaan karena faktor bisnis. Hal ini tel..."
671,124034,PT SGS INDO ASSAY LABORATORIES,PUT-005158.15/2020/PP/M.IVB Tahun 2025,2017,Pajak Penghasilan,Mengabulkan seluruhnya,transfer pricing,8,"15,16,44,45,49,59",6,64,...i terlah sesuai dengan Prinsip Kewajaran dan Kelaziman Usaha a. bahwa Pemohon Banding telah membuat Transfer Pricing Documentation untuk menguji kewajaran dan kelaziman transaksi afiliasi berkaitan dengan transaksi i...
672,124055,PT PLI INDONESIA,PUT-009605.15/2023/PP/M.IB Tahun 2025 DEMI KEADILAN BERDASARKAN KETUHANAN YANG M,2020,-,Mengabulkan seluruhnya,transfer pricing,6,"17,21,58,60,80,104",6,125,"...an sesuai dengan PSAK; bahwa bahkan, berdasarkan butir B. angka 3 Bab II SE-50 (Tahapan Pemeriksaan Transfer Pricing mengenai métode Harga Penjualan Kembali (Resale Price Method), dijelaskan bahwa dalam penerapan mét..."
673,124057,PT INDO-PACIFIC SHERATON,PUT-012243.15/2023flJP/M.XVB Tahun 2025 DEMI KEADILAN BERDASARKAN KETUHANAN YANG,2020,Pajak Penghasilan,Mengabulkan sebagian,transfer pricing,1,11,1,128,...(3)UUpph 2. pER43rpjleoio s.d.t.d PER-32/pj/201 1 3. PER-22ITJ2013 4. sE-5Omjuni3 5. PMK-22 6. OECD Transfer pricing Guidelines Proses Keberafan Paiak Pembahasan selama tahaD keberatan a. Terkait pembayaran jasa mana...
674,124124,PT KIA SERPIH MAS,PUT-009472.15/2022/PP/M.XIIB Tahun 2025 DEMI KEADILAN BERDASARKAN KETUHANAN YANG,2019,Pajak Penghasilan,Mengabulkan sebagian,transfer pricing,1,79,1,93,...diatur: Pasal 2: (1) Peraturan Direktur Jenderal Pajak ini berlaku untuk Penentuan Harga Transfer (Transfer Pricing) atas transaksi yang dilakukan Wajib Pajak Dalam Negeri atau Bentuk Usaha Tetap di Indonesia dengan...
675,124146,PT JORONG BARUTAMA GRESTON,PUT-014531.15/2020/PP/M.VIIIB Tahun 2025 DEMI KEADILAN BERDASARKAN KETUHANAN YAN,2015,Pajak Penghasilan,Mengabulkan seluruhnya,transfer pricing,1,11,1,52,...g dilakukan oleh PT Indo Tambangraya Megah Tbk. Tidak dilakukan penelitian keberatan terkait metode transfer pricing yang dilaporkan yaitu TNNM (Transactional Net Margin Methode) dimana untuk kewajaran perhitungan pe...
676,124147,PT GODREJ CONSUMER PRODUCTS INDONESIA d.h. PT MEGASARI,PUT-000819.15/2020/PP/M.XIA Tahun 2024 DEMI KEADILAN BERDASARKAl,2014,Pajak Penghasilan,Mengabulkan sebagian,transfer pricing,3,"78,86,93",3,117,...rademark FY 2014 PT Megasari Makmur ITeriemahan Resmi) Bukti p44. Salinan compile Final Ter].emahan Transfer pricing Documentation pT. Megasari Makmiir FY 2015 ITerjemahan Resmi) Bukti P45. Salinan Kineq.a PT Megasar...
677,124186,PT TECH DATA ADVANCED SOLUTIONS INDONESIA,PUT-005610.15/2020/PP/M.XIA Tahun 2025 DEMI KEADILAN BERDASARKAN KETUHANAN YANG ,2017,Pajak Penghasilan,Mengabulkan sebagian,transfer pricing,8,"15,37,38,39,62",5,74,"b. bahwa di dalam proses pemeriksaan pajak, Pemohon Banding telah memberikan Service Agreement, Transfer Pricing Documentation, invoice dan bukti pembayaran serta bukti eksistensi atas penyerahan jasa terkait den..."
678,124200,PT GELAEL INDOTIM,PUT-009073.15/2023/PP/M. XVIB Tahun 2025 DEMI KEADILAN BERDASARKAN KETUHANAN YAN,2019,Pajak Penghasilan,Mengabulkan sebagian,transfer pricing,1,36,1,45,"...un 2016 maka Pemohon Banding wajib menyelenggarakan dan menyimpan Dokumen Penentuan Harga Transfer (Transfer Pricing Documentation/ TP Doc), namun faktanya Pemohon Banding tidak menyelenggarakan dan menyimpan TP Doc..."
679,124229,PT. Mowilex Indonesia,PUT-012944.15/2021/PP/M.XVIB Tahun 2025 DEMI KEADILAN BERDASARKAN KETUHANAN YANG,2018,Pajak Penghasilan,Mengabulkan sebagian,transfer pricing,15,"26,37,73,78,93,132,137,138",8,169,"...erhadap Pemohon Banding yang Mempunyai Hubungan Istimewa, bagian B. Tahapan Pelaksanaan Pemeriksaan Transfer Pricing, telah diuraikan terkait tahapan pelaksaan pemeriksaan transfer pricing pada transaksi harta tak be..."
680,124239,PT GRAND BEST INDONESIA,PUT-014493.15/2022/PP/M.XIIA Tahun 2025 DEMI KEADILAN BERDASARKAN KETUHANAN YANG,2019,Pajak Penghasilan,Mengabulkan sebagian,transfer pricing,4,"31,36,51",3,78,"...imited (GBL) sebesar Rp.5.729.088.942,- 1) Pemohon Banding sepakat dengan Pemeriksa memakai-metode Transfer Pricing TNMM dengan ROTC. sebagai Profit Level Indicator (PL!) sehingga didapatkan perhitungan ROTC wajib p..."
681,124256,PT JOYSON SAFETY SYSTEMS INDONESIA,PUT-000474.15/2024/PP/M.XlllB Tahun 2025 DEMI KEADILAN BERDASARKAN KETUHANAN YAN,2020,Pajak Penghasilan,-,transfer pricing,43,"7,8,10,11,12,14,15,16,17,18,19,21,22,23,31,35,60,67,73,74,77,79,81,82,88,89,90,91,92,94,95,102",32,111,...ox 542% bahwa Terbanding menamakan metode transfer pr/.c/.ng yang digunakan untuk melakukan koreksi transfer pricing atas penjualan Pemohon Banding kepada pihak afiliasi tersebut sebagai metode \ Halaman 7 dari 111 h...
682,124257,PT YKK ZIPCO INDONESIA,PUT-001912.15/2023/PP/M. XVIB Tahun 2025 DEMI KEADILAN BERDASARKAN KETUHANAN YAN,2019,Pajak Penghasilan,Mengabulkan seluruhnya,transfer pricing,37,"9,13,14,16,17,19,21,26,27,40,44,46,48,49,51,53,57,58,59,63,66,72,75,79,81,82,83",27,91,...kegiatan operasional Pemohon Banding; 2. bahwa asumsi Terbanding tidak tepat dalam pemilihan metode transfer pricing; 3. bahwa Metode Laba Bersih Transaksional (“TNMM”) merupakan metode yang paling sesuai dan paling...
683,124258,PT. SIBELCO LAUTAN IVIINERALS,PUT-002294.15/2023/PP/M.XllIB Tahun 2025 DEMI KEADILAN BERDASARKAN KETUHANAN YAN,2019,Pajak Penghasilan,-,transfer pricing,2,"14,21",2,35,"...tau ayat (2), Wajib Pajak dianggap tidak menerapkan Prinsip Kewajaran dan Kelaziman Usaha. c]. OECD Transfer Pricing Guidelines for Multinational Enterprises and Tax Adm.Inistrations A.7.2 Selecting the most appropri..."
684,124295,PT MOWILEX INDONESIA,PUT-012595.15/2020/PP/M.XVIB Tahun 2025 DEMI KEADILAN BERDASARKAN KETUHANAN YANG,2017,Pajak Penghasilan,Mengabulkan sebagian,transfer pricing,7,"15,17,28,30",4,73,"..., berdasarkan Pasal 18 (3) UU PPh, seluruh transaksi dengan afiliasi telah di analisa dan dibuatkan Transfer Pricing Documentation nya. Berdasarkan TP Dokumentasi yang akan disampaikan kembali oleh Pemohon Banding pa..."
685,124340,PT CITRA NUTRINDO LANGGENG,PUT-012115.15/2023/PP/M.XIVA Tahun 2025 DEMI KEADILAN BERDASARKAN KETUHANAN YANG,2020,Pajak Penghasilan,-,transfer pricing,4,"7,20,23,24",4,53,...t it is not a systematic reguirement. Multiple year data should be used where they add value to the transfer pricing analysis. It would not be appropriate to set prescriptive guidance as to the number of years to be...
686,124375,PT J ABONT ARA EKA KARSA,PUT-007117.15/2020/PP/M.XIA Tahun 2025 DEMI KEADILAN BERDASARKAN KETUH ANAN YANG,2017,Pajak Penghasilan,-,transfer pricing,2,"87,89",2,99,...rikut: Pasal 2 (1) Peraturan Direktur Jenderal Pajak ini berlaku untuk. Penentuan Harga Transfer (Transfer Pricing) atas.transaksi yang dilakukan Wajib Pajak 4 Halaman 87 dari 99 halaman. Putusan Nomor PUT-007117....
687,124380,PT CBC Prima,PUT-002034.15/2023/PP/Ivl.XXB Tahun 2024,2019,Pajak Penghasilan,Mengabulkan sebagian,transfer pricing,2,42,1,52,"...n bahan-bahan kimia, spare part machine, plastik, dan produk terkait lainnya. 2. bahwa dari dokumen transfer pricing diketahui selama tahun 2019 Pemohon Banding melakukan transaksi afiliasi berupa pembelian produk, p..."
688,124409,PT Yamaha Musical Products Indonesia,PUT-004250.15/2023/PP/M.XXB Tahun 2024,2016,Pajak Penghasilan,Mengabulkan sebagian,transfer pricing,4,"18,41,48",3,52,"...syarat tersebut, dapat ditambahkan ke dalam laba perusahaan tersebut dan dikenakan pajak, 7. OECD Transfer Pricing Guidelines: B. Rincian Alasan Banding Permohonan Banding Pemohon Banding mengajukan banding atas k..."
689,124410,PT Dean Shoes,PUT-004512.15/2022/PP/M.XXB Tahun 2024,2016,Pajak Penghasilan,Mengabulkan seluruhnya,transfer pricing,1,58,1,82,...Persetujuan Ekspor (NPE) : 11) Rekening Koran Wajib Pajak atas penerimaan.pembayaran Invoice : 12) Transfer Pricing Document : 13) Sale Purchase Agreement: Halaman 58 dari 82 halaman Putusan Nomor PUT-004572:15/202...
690,124426,PT M Class Industry,PUT-014218.15/2022/PP/MJCXB Tahun 2024,2019,Pajak Penghasilan,Mengabulkan seluruhnya,transfer pricing,18,"8,18,22,23,32,46,48,53,60",9,70,"...ccount 71201-0-0-00 Interest on Short- 1.668.118.315 1,668:118,315 'Terms Loan - Domestic ,iKoreksi Transfer Pricing atas Penjualan ke 2,662.934 891 9.663.984.891 affiliasi C. IKoreksi Biaya Promosi - 3,285,340,578 3..."
691,124442,-,PUT-004535.15/2020/PP/M lllA Tahun 2022 DEMI KEADILAN BERDASARKAN KETUHANAN YANG,2016,Pajak Penghasilan,Mengabulkan seluruhnya,transfer pricing,18,"16,20,38,39,40,51,54,55,58,59",10,67,...saksi dengan pihak yang mempunyai hubungan istimewa sedangkan Pemohon Banding telah membuat dokumen Transfer Pricing untuk membuktikanbahwatransaksitersebuttelahdilakukandenganharga wajar 1. Terbanding melakukan kore...
692,124489,-,puT016192.15/2020/PP/M.XB Tahun 2025 DErv,2017,Pajak Penghasilan,-,transfer pricing,4,"24,30",2,81,"...ses sengketa di tingkat keberatan. Lantas, bagaimana dengan pembagian beban pembuktjan pada konteks transfer pricing di Indonesia? Apakah Waifib Pajak ataukah otoritas pajak yang menanggung beban pembuktjan dalam pen..."
693,124498,PT SCSK Global Indonesia,PUT-005980.15/2024/PP/M.VB Tahun 2025 DEMI KEADILAN BERDASARKAN KETUHANAN YANG M,2021,Pajak Penghasilan,-,transfer pricing,31,"10,11,12,13,14,15,16,17,20,22,26,32,33,45,50,51,52,65,68,69",20,73,...ngan total biaya) karena metode ini lebih tepat untuk perusahaan jasa; 3. bahwa berdasarkan Dokumen Transfer Pricing yang dibuat oleh KPMG diketahui rata-rata tertimbang tiga tahun NCPM yang Halaman 10 dari 73 halama...
694,124509,PT Smelting,PUT-008746.15/2023/PP/M.IA Tahun 2025 DEMI KEADILAN BERDASARKAN KETUHANAN YANG M,2017,Pajak Penghasilan,Mengabulkan sebagian,transfer pricing,25,"11,84,92,96,168,194,269,271,285,296,299,301,305,306,331,335,342",17,348,"...apan Ltd 0,00 905.640,00 905.640,00 Jx Nippon Mining & Metal Corporation 0,00 251.723,00 251.723,00 Transfer Pricing SelngComm/AGENCY COST 0,00 2.935.692,00 2.935.692,00 Mistsubishi Materials Corporation SrvcContr/OF..."
695,124540,PT: SONY INDONESIA,PUT-010970.15/2023/PP/M.XXB Tahun 2025,2020,Pajak Penghasilan,Mengabulkan seluruhnya,transfer pricing,16,"9,14,19,24,31,34,36,37,40",9,74,...erbanding Temuan awal berdasarkan SPHP dan hasil pemeriksaan pajak: Terbanding melakukan pengujian transfer pricing untuk menilai kewajaran transaksi-transaksi hubungan istimewa dan menemukan selisih kewajaran laba...
696,124541,PT Sumalindo Hutani Jaya,PUT-004302.15/2024/PP/M.XIVB Tahun 2025,2021,Pajak Penghasilan,Mengabulkan seluruhnya,transfer pricing,2,29,1,32,...uan dari pengaturan Pasal 18 ayat (3) UU PPh adalah untuk mencegah penghindaran pajak melalui skema transfer pricing. Namun selama persidangan Terbanding tidak dapat membuktikan adanya penghindaran pajak atau setidak...
697,124596,PT. Satwa Utama Raya,PUT-003122.15/2024/PP/M.IA Tahun 2025 DEMI KEADILAN BERDASARKAN KETUHANAN YANG M,2018,Pajak Penghasilan,Mengabulkan sebagian,transfer pricing,6,"37,40,53,77,80",5,89,"...ut lagi diatur dalam Bab 11 Bagian 8 (1)(a)(4) Lampiran PER-22/PJ/2013 mengenai tahapan pemeriksaan transfer pricing menyatakan sebagai berikut : ""Dalam pemeriksaan transfer pricing, perlu dilakukan penelitian awal a..."
698,124600,PT KHOTAI MAKMUR INSAN ABADI,PUT-004346.15/2023/PP/M.XVIIIA Tahun 2025 DEMI KEADILAN BERDASARKAN KETUHANAN YA,2020,-,Menolak,transfer pricing,1,27,1,42,"...ngkan dalam Surat Perjanjian dan Surat Perjanjian Utang tersebut pun menjadi lampiran dalam Dokumen Transfer Pricing (TP Doc), oleh karenanya hal ini bukanlah sesuatu yang disembunyikan oleh Pemohon Banding; 4) bahwa..."
699,124601,PT FSCM MANUFACTURING INDONESIA,PUT-004994.15/2024/PP/M.IXB Tahun 2025 DEMI KEADILAN BERDASARKAN KETUHANAN YANG ,2021,Pajak Penghasilan,-,transfer pricing,47,"7,11,12,16,18,21,26,27,30,33,34,36,83,89,90,93,103,112,119,121,128,131,135,137,139,140,156,157,165,174,175,180,181,185,189,199,201",37,209,...ing a)Bahwa Terbanding tidak sependapat dengan argumentasi Pemohon Banding yang menyatakan koreksi Transfer Pricing tidak dapat dilakukan oleh Terbanding karena.bukan transaksi afiliasi yang terdapat indikasi peng...
700,124636,PT SHELL MANUFACTURING INDONESIA,PUT-008927.15/2022/PP/M.IIIB Tahun 2025,2019,Pajak Penghasilan,Mengabulkan seluruhnya,transfer pricing,59,"23,26,30,31,36,47,50,79,80,81,84,85,87,91,92,100,110,111,114,116,129,133,162,165,170,178,180,189",28,206,"...ransaksi afiliasi dan telah mendokumentasikan dalam Kertas Kerja Pemeriksaan; Berdasarkan pengujian transfer pricing sebagaimana diuraikan diatas, Terbanding mempertahankan koreksi Terbanding berdasarkan atribusi Hal..."
701,124652,PT. Daido Metal Indonesia,PUT-011250.15/2021/PP/M.IA Tahun 2025 DEMI KEADILAN BERDASARKAN KETUHANAN YANG M,2018,Pajak Penghasilan,Menolak,transfer pricing,25,"10,22,33,35,36,38,42,45,46,48,51,55,56,57,72,73,82,84,85",19,90,"...rikut: Menurut Terbanding: bahwa Terbanding melakukan koreksi peredaran usaha berdasarkan pengujian transfer pricing sebesar Rp 1.662.824.689. Terbanding melakukan koreksi atas penjualan afiliasi sebesar 36,2% dari t..."
702,124655,PT ASK TECHNICA INDONESIA,PUT-014610.15/2019/PP/M.IIA Tahun 2025,2016,Pajak Penghasilan,Mengabulkan sebagian,transfer pricing,51,"8,19,26,27,31,32,33,37,42,45,46,47,48,49,50,51,54,56,60,64,66,70,73,75,76,77,78,79,80,84,85,86,88,91,95",35,99,"...a) harus menggunakan data 1 tahun untuk menghitung nilai kesebandingan. Hal ini sejalan dengan OECD Transfer Pricing Guidelines yang menyebutkan, tidaklah tepat menentukan standar yang tetap dalam penggunaan jumlah t..."
703,124657,-,PUT-001473.15/2024/PP/M.XIA Tahun 2025 DEMI KEADILAN BERDASARKAN KETUHANAN YANG ,2017,Pajak Penghasilan,Mengabulkan sebagian,transfer pricing,2,64,1,90,"...asan Tertulis Nomor 018/0SM/TAXI/X/2024 tanggal 25 Oktober 2024, Profil Perusahaan: Dokumen Lokal Transfer Pricing Tahun 2017: Dokumen Lokal Transfer Pricing Tahun 2018, Penjelasan Tertulis Nomor 020/OSM/TAX/XI/2..."
704,124685,PT MERCUAGUNG GRAHA REALTY,PUT-012651.15/2022/PP/M.XVIIIA Tahun 2025 DEMI KEADILAN BERDASARKAN KETUHANAN YA,2017,Pajak Penghasilan,Menolak,transfer pricing,16,"16,17,18,45,46,47",6,62,...dak mempunyai Hubungan istimewa yang dijadikan sebagai pembanding. b. Penentuan Harga Transfer atau Transfer Pricing yang seianjutnya disebut Penentuan Harga Transfer adalah penentuan harga dalam Transaksi Afiiiasi....
705,124849,PT BOSTON CONSULTING INDONESIA,PUT-003305.15/2022/PP/M.IllB Tahun 2025,2018,Pajak Penghasilan,-,transfer pricing,3,79,1,143,"...an oleh Pemohon Banding. Sehubungan dengan hal ini, Pemohon Banding merujuk pada Paragraf 4.16 OECD Transfer Pricing Guidelines 2017, yang menyatakan bahwa: ""(. . .) More particulariy, as a matter of good practice, t..."
706,124861,-,PUT-004152.15/2024/PP/M.IA Tahun 2025 DEMI KEADILAN BERDASARKAN KETUHANAN YANG M,2019,Pajak Penghasilan,Mengabulkan sebagian,transfer pricing,11,"21,42,45,46,47,59,87,90",8,99,"...yang maksimal serta menentukan pilihan yang paling menguntungkan. Hal tersebut dinyatakan oleh ahli transfer pricing Siddharth Parekh, The Concept of “Options Realistically Available” under the OECD Transfer Pricing..."
707,124864,PT KOMATSU MARKETING AND SUPPORT INDONESIA,PUT-007318.15/2020/PP/M.IVB Tahun 2025 DEM,2016,Pajak Penghasilan,-,transfer pricing,3,"17,50,65",3,92,...ihan metode transfer pn.cing ini dapat dipertahankan; h. Penerapan Harga Transferwajar bahwa metode transfer pricing yang dipilih adalah Metode Harga Pasar Sebanding(Comparable`UncontrolledPrice); bahwa berdasarkan p...
708,124956,PT HITACHI ASTEMO BEKASI POWERTRAIN SYSTEMS,PUT-003859.15/2024/PP/M.VIB Tahun 2025 DEMI KEADILAN BERDASARKAN KETUHANAN YANG ,2020,Pajak Penghasilan,-,transfer pricing,18,"9,12,26,31,45,47,58,61,72,83,87,88,92,109,115,116",16,121,...ksi atas Penyesuaian Fiskal Positif sebesar Rp36.136.313.219 dengan uraian sebagai berikut: Koreksi Transfer Pricing atas transaksi khusus berupa Pemanfaatan Harta lldak Berwujud sebesar Rp36.136.313.219 a. Lampiran...
709,124958,PT AUSTRALINDO GRAHA NUSA,PUT-004062.15/2024/PP/M.VIB Tahun 2025 DEMI KEADILAN BERDASARKAN KETUHANAN YANG ,2020,Pajak Penghasilan,-,transfer pricing,5,"42,45,67",3,93,"...oman Pemeriksaan Terfiadap Wajib Pajak Yang Mempunyai Hubungan lstimewa, BAB 11 Tahapan Pemeriksaan Transfer Pricing, huruf a Tahapan Pemeriksaan, mengatur: a. Mengidentifikasi ketersediaan pembanding Apabila tidak d..."
710,124980,-,PUT-010185.15/2023/PP/M.VIB Tahun 2025 DEMI KEADILAN BERDASARKAN KETUHANAN YANG ,2019,-,-,transfer pricing,3,"53,140,343",3,347,"saham. Sebagaimana dijelaskan pada SE- 50/PJ/2013 dan sejalan dengan paragraf 7.10 OECD Transfer Pricing Guidelines for Multinational Enterpn.ses and Tax Administration 2022 (selanjutnya disebut ""OECD TPG..."
711,124988,PT ENSCO SARIDA OFFSHORE,-,2020,Pajak Penghasilan,-,transfer pricing,7,"44,107,145,149,159,206",6,210,"...ahwa dasar perhitungan basis biaya telah sesuai dengan peraturan yang berlaku di Indonesia dan OECD Transfer Pricing Guidelines for Multinational Enterprises and Tax Administrations (""Pedoman OECD"") seha telah ditera..."
712,124989,PT BEKAERT WIRE INDONESIA,PUT-012678.15/2023/PP/M.VIB Tahun 2024 DEMI KEADILAN BERDASARKAN KETUHANAN YANG ,2020,Pajak Penghasilan,Mengabulkan seluruhnya,transfer pricing,6,"8,42,78,93",4,99,...masi atau keterangan lain dimaksud tidak dipertimbangkan dalam penyelesaian keberatan bahwa terkait Transfer Pricing Documentation berupa Dokumen lnduk (Master File) dan Dokumen Lokal (Local File) yang diberikan Waji...
713,124990,PT CATUR PUTRAHARMONIS,PUT-014508.15/2022/PP/M.VIB Tahun 2025 DEMI KEADILAN BERDASARKAN KETUHANAN YANG ,2017,Pajak Penghasilan,Mengabulkan sebagian,transfer pricing,4,"56,59,79,80",4,289,...insip Kewajaran dan Kelaziman Usaha; 4) bahwa berdasarkan penelitian yang dibuat dalam kertas kerja transfer pricing diketahui bahwa terkait pemberian pinjaman ke karyawan yang adalah juga sebagai pemegang saham dan...
714,125000,-,PUT-001279.15/2022/PP/M.XIIA Tahun 2025 DEMI KEADILAN BERDASARKAN KETUHANAN YANG,-,Pajak Penghasilan,Mengabulkan sebagian,transfer pricing,18,"11,13,16,18,58,59,63,70,76,80,91,103",12,133,"...Wajib Pajak Yang Mempunyai Hubungan Istimewa, diatur antara lain, “Tahapan pelaksanaan Pemeriksaan transfer pricing terdiri dari menentukan karakteristik usaha Wajib Pajak, memilih metode transfer pricing, dan mener..."
715,125026,PT-HURLEY INDONESIA,-,2019,Pajak Penghasilan,Mengabulkan sebagian,transfer pricing,2,"12,18",2,79,...n - Meneliti apakah terdapat pembandingatasjasa intra-grup serta mark up nya dan menerapkan metode transfer pricing yang paling sesuai dengan kondisidan fakta. Metode-metode yang dapat digunakan dalam penilaian kew...
716,125034,PT BT COMMUNICATIONS. INDONESIA,PUT-002215.15/2023/PP/M.XIIA Tahun 2025 DEMI KEADILAN BERDASARKAN KETUHANAN YANG,2019,Pajak Penghasilan,Mengabulkan sebagian,transfer pricing,15,"17,18,19,22,23,24,37,52,55,72,85",11,108,"...Wajib Pajak Yang Mempunyai Hubungan Istimewa, diatur antara lain, “Tahapan pelaksanaan Pemeriksaan transfer pricing terdiri dari menentukan karakteristik-usaha Wajib Pajak, memilih metod Halaman 17 dari 108 halaman..."
717,125035,PT. TECKNO DUA INDONESIA,-,2017,Pajak Penghasilan,-,transfer pricing,7,"22,23,51,55,56,84,108",7,133,...jaran transaksi. yang dipengaruhi oleh hubungan istimewa.Bahwa berdasarkan Kertas Kerja Pemeriksaan Transfer Pricing disampaikan hal-hal sebagai berikut. 1) Menentukan Karakteristik Usaha Pemohon Banding bahwa Pemo...
718,125052,PT DIC ASTRA CHEMICALS,PUT-003207.15/2023/PP/M.XIIIB Tahun 2025 KEADILAN BERDASARKAN KETUHANAN YANG MAH,2016,Pajak Penghasilan,Mengabulkan seluruhnya,transfer pricing,24,"6,7,13,16,27,28,29,35,40,41,48,52,53,61",14,70,"...ha Pemohon Banding, Terbanding (dahulu Tim Pemeriksa) melakukan koreksi berdasarkan hasil pengujian Transfer Pricing. Sehingga, peredaran Rp2.613.668.288,00. Pengujian transfer pricing yang dijelaskan oleh Terbanding..."
719,125053,PT BT COMMUNICATIONS INDONESIA,PUT-003798.15/2023/PP/M.XIIA Tahun 2025 DEMI KEADILAN BERDASARKAN KETUHANAN YANG,2017,Pajak Penghasilan,Menolak,transfer pricing,16,"11,12,13,15,17,53,59,69,84",9,101,"...hon Banding Yang Mempunyai Hubungan Istimewa, diatur antara lain, “Tahapan pelaksanaan Pemeriksaan transfer pricing terdiri dari menentukan karakteristik usaha Wajib Pajak, memilih metode transfer pricing, dan mener..."
720,125105,PT PHILIP MORRIS INDONESIA,-,2018,Pajak Penghasilan,-,transfer pricing,19,"47,49,50,51,110,111,114,117,123",9,127,...an kelaziman usaha (ALP) Par 7 .5 OECD TP Guidelines 2017 'There are two .Issues in the analysis of transfer pricing for intragroup services. One issue is whether intragroup services have in fact been provided. The o...
721,125138,PT OLAM INDONESIA,PUT-010568.15/2021/PP/M.XIIA Tahun 2024 DEMI KEADILAN BERDASARKAN KETUHANAN YANG,2018,Pajak Penghasilan,Menolak,transfer pricing,3,"9,10,18",3,49,...Laporan Keuangan Segmentasi Penjualan.rempah yang diberikan oleh Pemohon Banding dalam Lampiran L Transfer Pricing Documentation tidak dapat dijadikan dasar penghitungan karena tidak mencerminkan biaya yang sebenar...
722,125150,PT MIZOBATA LAJU,-,2018,Pajak Penghasilan,-,transfer pricing,2,"11,32",2,35,...isa memben.kan kontribusi yang signifikan terhadap kegiatan operasional bisnis. Yang mana pada OECD Transfer Pricing Guidelines paragraf7.32dijelaskanbahwajasatidakselalumemberidampakyangbersifat langsung tetapi dapa...
723,125153,PT JATIM AUTOC0IVIP INDONESIA,PUT-000352.15/2023/PP/M.XllIA Tahun 2025 DEMI KEADILAN BERDASARRAN KETUHANAN YAN,-,Pajak Penghasilan,-,transfer pricing,24,"85,92,93,94,99,101,107,108,112,113,115,147,162,175,179,189,191,192",18,218,...doman Pemeriksaan Terfuadap WP Yang mempuyai Hubungan lstimewa 6) SE-50/PJ/2013 tentang pemeriksaan Transfer pricing b. Data dan Fakta 1) bahwa berdasarkan hasil penelitian pada hasil pemeriksaan diketahui beberapa h...
724,125155,PT Vyyeth Nutrition Sduaenam,PUT-000677.15/2024/PP/M.XIB Tahun 2025 DEMI KEADILAN BERDASARKAN KETUHANAN YANG ,2018,Pajak Penghasilan,-,transfer pricing,10,"16,17,18,21,33",5,70,"...mohon Banding bahwa koreksi yang dilakukan oleh Terbanding tidaklah dihasilkan dari suatu analisis transfer pricing terhadap transaksi antara Pemohon Banding dan pihak afiliasi, melainkan atas transaksi independen y..."
725,125156,PT Vyyeth Nutrition Sduaenam,PUT-001394.15/2024/PP/M.XIB Tahun 2025 DEMI KEADILAN BERDASARKAN KETUHANAN YANG ,2020,Pajak Penghasilan,-,transfer pricing,11,"7,14,22,23,24,27,44,45",8,75,...ihak afiliasi telah memenuhi uji eksistensi dan uji manfaat sebagaimana disyaratkan dalam peraturan transfer pricing yang berlaku dengan alasan-alasan sebagai berikut: bahwa Pemohon Banding menyampaikan bahwa pada t...
726,125223,PT COCA COLA INDONESIA,PUT-010143.15/2023/PP/M.XIIB Tahun 2025 DEMI KEADILAN BERDASARKAN KETUHANAN YANG,2020,-,Menolak,transfer pricing,4,"86,127",2,131,"...2021, dan 2022; Bukti P-24 Surat Pemberitahuan Hasil Pemeriksaan Tahun Pajak 2020 CCDI; Bukti P-25 Transfer Pricing Documentation Local File – Manufacturing Activities PT Coca-Cola Indonesia Tahun Pajak 2020; Bukti..."
727,125233,PT JST INDONESIA,PUT-002352.15/2022/PP/M.IIA Tahun 2025 DEMI KEADILAN BERDASARKAN KETUHANAN YANG ,2018,Pajak Penghasilan,Mengabulkan sebagian,transfer pricing,25,"11,12,16,20,32,34,35,41,42,43,45,79,81,85,88,89",16,96,"...nding yang Digunakan Pemohon Banding Sudah Benar, bahwa Pemohon Banding telah membuat Dokumentasi Transfer Pricing sesuai dengan peraturan perundang-undangan perpajakan yang berlaku dan OECD TP Guidelines yang meru..."
728,125234,PT JST Indonesia,PUT-002625.15/2021/PP/M.IIA Tahun 2025 DEMI KEADILAN BERDASARKAN KETUHANAN YANG ,2017,Pajak Penghasilan,-,transfer pricing,27,"9,11,18,19,29,44,50,52,55,62,63,85,86,87,99,103,118,119,121,124,125",21,141,...melakukan koreksi atas Peredaran Usaha sebesar USD 1.363.145 berdasarkan hasil pengujian ulang atas Transfer Pricing oleh Terbanding: bahwa ringkasan perbedaan pengujian TNMM antara Terbanding dengan Pemohon Banding...
729,125300,PT Rebinmas Jaya,PUT-002904.15/2023/PP/M.XB Tahun 2025,2019,Pajak Penghasilan,-,transfer pricing,1,31,1,64,...ud Pasal 2 ayat (1 ) Peraturan Direktur Jenderal Paifak ini berlaku untuk Penentuan Harga Transfer ITransfer Pricing) atas transaksi yang dilakukan Wajib Paifak Dalam Negeri atau Bentuk Usaha Tetap di Indonesia denga...
730,125302,PT. MINEBEA ACCESSSOLUTIONS INDONESIA (d.h. PT HONDA,PUT-003332.15/2022/PP/M.IIB Tahun 2025 DEMI KEADILAN BERDASARKAN KETUHANAN YANG ,2018,Pajak Penghasilan,Mengabulkan sebagian,transfer pricing,7,"13,100,107,113,114,115,122",7,127,"method (CUP) and another transfer pricing method can be applied in an equally reliable manner, the CUP method is to be preferred. See paragra..."
731,125320,PT YOSHINO INDONESIA,PUT-003996.15/2024/PP/M.XA Tahun 2025 DEMI KEADILAN BERDASARKAN KETUHANAN YANG M,2018,Pajak Penghasilan,Mengabulkan seluruhnya,transfer pricing,29,"6,7,8,9,12,13,41,45,50,52,56,60,61,62",14,67,...ahwa kinerja rasio Full Cost Mark Up (FCMU) perusahaan pembanding untuk Tahun 2015-2017 berdasarkan Transfer Pricing Document Pemohon Banding adalah sebagai berikut : bahwa dari tabel di atas dapat dilihat bahwa FCMU...
732,125351,PT South Pacific Viscose,PUT-010771.15/2022/PP/M.VA Tahun 2025 DEMI KEADILAN BERDASARKAN KETUHANAN YANG M,2017,Pajak Penghasilan,Mengabulkan sebagian,transfer pricing,89,"59,63,67,70,89,90,92,94,95,96,98,100,102,103,104,108,130,138,140,147,149,150,152,154,160,165,223,225,226,233,234,238,240,259,273,274,280,283,286,295,296,308,319,320,323,332,333,341,342,352,353,363,368,378,379,380,389,391,432,434,435,436,437,438,440,442,449,471,475,478,479,480,481,482,483",75,490,"...s, dalil koreksi Terbanding tersebut seharusnya dapat dibatalkan; B. Koreksi Fiskal Positif terkait Transfer Pricing Berkaitan dengan Transaksi Afiliasi berikut adalah daftar koreksi Fiskal Positif terkait Transfer P..."
733,125354,PT ARMADA GEMA NUSANTARA,PUT-011371.15/2022/PP/M.VIIIB Tahun 2025 DEMI KEADILAN BERDASARKAN KETUHANAN YAN,2018,Pajak Penghasilan,Mengabulkan seluruhnya,transfer pricing,1,37,1,72,"...erjanjian terkait Pinjaman • Surat Pengungkapan Ketidakbenaran PPN Tahun 2018 • Dokumentasi terkait Transfer Pricing (Dokumen Induk, Dokumen Lokal, dan rincian transaksi dengan pihak berelasi) • Kertas kerja ekualisa..."
734,125355,PT SOUTH PACIFIC VISCOSE,PUT-012235.15/2023/PP/M.VA Tahun 2025 DEMI KEADILAN BERDASARKAN KETUHANAN YANG M,2020,Pajak Penghasilan,Mengabulkan sebagian,transfer pricing,21,"31,34,48,86,93,115,125,157,169,171,186,199,212,213,214,225,228,233,234,235,237",21,240,"...paling sesuai. bahwa berdasarkan benchmark data pembanding dan sesuai dengan persyaratan peraturan transfer pricing di Indonesia, rentang interkuartil rata- rata tertimbang tiga tahun NCPM dari 4 (empat) perusahaan..."
735,125361,PT ZEELANDIA INDONESIA,PUT-012537.15/2023/PP/M.VA Tahun 2025 DEMI KEADILAN BERDASARKAN KETUHANAN YANG M,2017,Pajak Penghasilan,Mengabulkan seluruhnya,transfer pricing,72,"5,6,7,8,9,10,11,13,14,15,16,19,20,21,22,23,25,26,28,31,32,37,38,41",24,45,...ta dan Alasan Banding bahwa yang menjadi pokok sengketa dalam permohonan banding ini adalah koreksi transfer pricing Terbanding yang tidak disetujui oleh Pemohon Banding dengan rincian sebagai berikut: 1. Menurut Ter...
736,125365,PT Komatsu Undercarriage Indonesia,PUT-013548.15/2022/PP/M.VA Tahun 2025 DEMI KEADILAN BERDASARKAN KETUHANAN YANG M,2019,Pajak Penghasilan,-,transfer pricing,13,"13,16,19,34,54,56,61,64,70,71,73",11,77,"...213 di atas, Paragraf 3.69 juga menyatakan sebagai berikut: 3.69 In some cases, taxpayers establish transfer pricing Documentation to demonstrate that they have made reasonable efforts to comply with the arm's length..."
737,125368,PT universal Tekno Reksajaya,PUT-014184.15/2019/PP/M.IIA Tahun 2025,2016,Pajak Penghasilan,-,transfer pricing,114,"13,14,21,24,26,27,28,29,30,31,33,36,43,44,50,51,56,81,84,86,87,88,89,90,91,93,94,104,144,154,162,170,213,214,271,274,275,276,277,278,291,304,327,328,332,358",46,380,"...timewa, dan Tata Cara Pengelolaannya (selanjutnya disebut dengan PMK-213/PMK.03/2016. Dalam Dokumen Transfer Pricing (Dokumen Lokal) tersebut telah diuji penerapan prinsip kewajaran dan kelaziman usaha dalam transaks..."
738,125371,PT Universal Tekno Reksajaya,PUT-014187.16/2019/PP/M.IIA Tahun 2025,-,PPN,Mengabulkan sebagian,transfer pricing,40,"12,15,18,19,20,21,22,23,29,30,39,47,54,101,102",15,112,"...iliasi untuk tahun pajak 2016: bahwa TNMM dipilih sebagai metode yang paling sesuai dalam analisis Transfer Pricing Pemohon Banding, dengan indikator tingkat laba ROS dan NCPM. Dalam melakukan penerapan TNMM untuk m..."
739,125387,PT GRAHA TRISAKA INDUSTRI,PUT-014686.15/2021/PP/M.VIIIA Tahun 2025 DEMI KEADILAN BERDASARKAN KETUHANAN YAN,2018,Pajak Penghasilan,Mengabulkan seluruhnya,transfer pricing,26,"8,9,10,12,26,32,35,39,46,47,69,72,73,75,76,83,86",17,114,...dang usaha perbaikan kapal; bahwa hal ini sudah dengan jelas tercantum dalam Dokumen Lokal (dokumen Transfer pricing) Pemohon Banding dan DWP yang juga telah diserahkan kepada Terbanding pada proses pemeriksaan dan k...
740,125410,PT PERFETTI VAN MELLE INDONESIA,PUT-012337.15/2023/PP/M.IIIB Tahun 2025,2020,Pajak Penghasilan,Mengabulkan seluruhnya,transfer pricing,26,"14,15,33,40,41,44,50,51,52,61,68,71,74,76,78,82,84,102,133",19,158,"...jaran transaksi penjualan ekspor afiliasi: 4. Transactional Net Margin Method (TNMM) adalah.Metode Transfer Pricing yang Paling Tepat Diterapkan Berdasarkan penjelasan di atas, perbedaan fungsi, asset dan resiko seb..."
741,125437,PT DENSO SALES INDONESIA,PUT-000036.15/2020/PP/M.118 Tahun 2025 DEMI KEADILAN BERDASARKAN KETUHANAN YANG ,2016,Pajak Penghasilan,Mengabulkan sebagian,transfer pricing,10,"9,60,62,63,65,94",6,111,"...an apabila wajib pajak telah memenuhi prinsip Kewajaran dan Kelaziman Usaha."" i Paragrat 3.60 0EC;D Transfer Pricing Guidelines for Multinational Enterprises and Tax Adm inishations E.diisti 2011.. ``If the relevant..."
742,125459,PT FERRERO CONFECTIONERY INDONESIA,PUT-011974.15/2023/PP/M.VIA Tahun 2025 DEMI KEADILAN BERDASARKAN KETUHANAN YANG ,2020,Pajak Penghasilan,-,transfer pricing,2,"19,50",2,89,"...menemukan bahwa kutipan tersebut berbeda dengan yang tercantum pada Article 7.18 (halaman 319) OECD Transfer Pricing Guidelines for Multinational Enterprises and Tax Administrations 2022 yang berbunyi: ""The fact that..."
743,125500,PT STAR MAJU SENTOSA,PUT-005312.15/2024fl,2021,Pajak Penghasilan,Mengabulkan seluruhnya,transfer pricing,1,15,1,115,"...oritas pajak menghendaki wajib pajaknya memiliki keuntungan yang wajar, namun dengan adanya koreksi Transfer Pricing Terbanding menimbulkan kerugian yang besar; C.bahwa Selama Proses Pemeriksaan Terbanding Tidak Pema..."
744,125528,PT STAR MAJU SENTOSA,PUT-005319.15/2024fl,-,Pajak Penghasilan,-,transfer pricing,2,"13,90",2,111,"...oritas pajak menghendaki wajib pajaknya memiliki keuntungan yang wajar, namun dengan adanya koreksi Transfer Pricing Terbanding menimbulkan kerugian yang besar; C.bahwa Selama Proses Pemeriksaan Terbanding Tidak Pema..."
745,125553,PT LG ELECTRONics INDONEslA,PUT-000768.15/2024/PP/M.XVA Tahun 2025 DEMI KEADILAN BERDASARRAN KETUHANAN YANG ,2017,Pajak Penghasilan,-,transfer pricing,2,"13,17",2,119,"...s made to determine the remuneration of the cash pool leader and participants, it is central to the transfer pricing analysis to identify and examine under Chapter I guidance the economically significant risks associ..."
746,125615,PT Misumi Indonesia,PUT-004378.15/2021/PP/M.XIVB Tahun 2025,2017,Pajak Penghasilan,Mengabulkan seluruhnya,transfer pricing,22,"6,7,8,9,10,23,27,28,29,30,39,40,45,46,48,51,53,54",18,74,...berapa tahun konsisten dengan peraturan Indonesia dan juga dengan pedoman yang digunakan dalam OECD Transfer Pricing Guidelines for Multinational Enterprises and Tax Administrations (“OECD Guidelines”). Halaman 6 dar...
747,125629,PT EGASUTI NASAKTI,PUT-007263.15/2021/PP/M.XVIIIA Tahun 2025 DEMI KEADILAN BERDASARKAN KETUHANAN YA,2018,Pajak Penghasilan,Mengabulkan seluruhnya,transfer pricing,6,"59,127,134,135,138,139",6,158,Pasal 1 ayat (5) Penentuan Harga Transfer atau Transfer Pricing yang selanjutnya disebut Penentuan Harga Transfer adalah penentuan harga dalam Transaksi Afiliasi....
748,125654,PT SINAR AGRO RAYA,PUT-008366.15/2023/PP/M.XVIIIB Tahun 2025 DEMI KEADILAN BERDASARKAN KETUHANAN YA,2020,Pajak Penghasilan,Mengabulkan seluruhnya,transfer pricing,4,"67,69,76,89",4,96,...menyatakan bahwa: (1) Peraturan Direktur Jenderal Pajak ini berlaku untuk Penentuan Harga Transfer (transfer pricing) atas transaksi yang dilakukan Wajib Pajak Dalam Negeri atau Bentuk Usaha Tetap di Indonesia dengan...
749,125667,CV KUTAI KUMALA ENERGY,PUT-010553.15/2021/PP/M.XVIIIB Tahun 2025,2018,Pajak Penghasilan,-,transfer pricing,10,"22,44,55,57,58,93,108,109,110",9,132,"...n Nomor PER-23/PJ/2013 tentang Standar Pemeriksaan, mengatur antara lain: Pasal 1 angka 10 . OECD Transfer pricing Guidelines for Multinational. Enterprises and Tax Administrations, mengatur antara lain: » Halaman..."
750,125671,PT TETRA PAK INDONESIA,PUT-011463.15/2022/PP/M.XIA Tahun 2025 DEMI KEADILAN BERDASARKAN KETUHANAN YANG ,2019,Pajak Penghasilan,Mengabulkan sebagian,transfer pricing,30,"19,24,27,31,35,42,44,71,72,93,96,97,125,126,144,145",16,162,...ng menurut Terbanding: Pada dasarnya Terbanding menilai bahwa langkah-langkah pelaksanaan pengujian transfer pricing yang dilakukan telah memadai dan sesuai dengan aturan yang berlaku. Tetapi Terbanding melakukan pen...
751,125682,PT NESIA PAN PACIFIC KNIT,PUT001936.15/2021/PP/M.IVB Tahun 2025 DEMI KEADIIAN BERDASARKAN KETUHANAN YANG M,2016,-,-,transfer pricing,1,57,1,99,"...kunci/utama pembuatan pakaian dan fungsi pendukung pengiriman dan kontrol kualitas. (sesuai Dokumen Transfer Pricing yang d""ampirkan dalam SPT Tahunan Pph Badan 2016); b. Koreksi atas Beban claim sebesar Rpl.018.782...."
752,125735,PT WILMAR CAHAYA INDONESIA Tbk,PUT-007128.15/2020/PP/M.IIA Tahun 2025,2017,Pajak Penghasilan,Menolak,transfer pricing,17,"9,13,18,19,24,25,32,35,42,44,47,52,55",13,68,1 ) bahwa penent Harga Transfer (transfer pricing) adalah penentuan harga dalam t ns ksi antara pihak-pihak yang mempunyai Hubungan lstimewa; i 2) ba...
753,125772,PT SUNTORY BEVERAGE AND FOOD INDONESIA,PUT-001687.1512024lppM,2018,Pajak Penghasilan,-,transfer pricing,11,"12,22,42,43,47,52,63",7,68,"...ewajaran dan kelaziman usaha pada transaksi afiliasi seharusnya dilakukan dengan menggunakan metode transfer pricing lainnya yang paling sesuai dengan fakta dan kondisi."" Paragraf 1 .39 Pedoman OECD versi tahun 2017j..."
754,125860,PT-HAMADEN INDONESIA MANUFACTURING,-,2018,Pajak Penghasilan,Mengabulkan sebagian,transfer pricing,22,"32,42,67,68,69,102,111,114,116,117,159,178",12,184,...ran dan kelaziman usaha dengan memilih menggunakan metode #ransfer pricing TNMM. TNMM.adalah metode Transfer Pricing yang dilakukan dengan membandingkan persentase laba bersih operasi atas transaksi pihak-pihak yang...
755,125866,PT KT TRADING,PUT-005029.15/2024/PP/M.XIVA Tahun 2025 DEMI KEADILAN BERDASARKAN KETUHANAN YANG,2020,Pajak Penghasilan,Mengabulkan seluruhnya,transfer pricing,6,"7,9,30,41,44,45",6,48," bahwa Pemohon Banding telah menyampaikan dokumentasi Transfer Pricing dan Analisis Fungsi, Aset, Risiko (FAR) berdasarkan PER-22/PJ/2013 dimana berdasarkan kedua data te..."
756,125867,PT KT TRADING,PUT-005030.15/2024/PP/M.XIVA Tahun 2025 DEMI KEADILAN BERDASARKAN KETUHANAN YANG,2021,Pajak Penghasilan,Mengabulkan seluruhnya,transfer pricing,5,"7,9,39,41,42",5,46,"...ggi; 2.1 Karakteristik usaha Pemohon Banding  bahwa Pemohon Banding telah menyampaikan dokumentasi Transfer Pricing dan Analisis Fungsi, Aset, Risiko (FAR) berdasarkan PER-22/PJ/2013 dimana berdasarkan kedua data te..."
757,125946,PT JOHAN SENTOSA,PUT-010040.15/2021/PP/M.XVIIIA Tahun 2025 DEMI KEADILAN BERDASARKAN KETUHANAN YA,2018,Pajak Penghasilan,Mengabulkan sebagian,transfer pricing,11,"20,28,35,48,77,81,90,92,93,114,116",11,131,...Hubungan Istimewa yang dijadikan sebagai pembanding. Pasal 1 ayat (5) Penentuan Harga Transfer atau Transfer Pricing yang selanjutnya disebut Penentuan Harga Transfer adalah penentuan harga dalam Transaksi Afiliasi....
758,125947,PT Zeelandia Indonesia,PUT-010110.15/2022/PP/M.VA Tahun 2025 DEMI KEADILAN BERDASARKAN KETUHANAN YANG M,2019,Pajak Penghasilan,Mengabulkan seluruhnya,transfer pricing,7,"8,11,17,29,32,49,52",7,56,...ra Koninklije Zeelandia Group B.V. dengan Pemohon Banding sebagaimana disebutkan juga dalam Dokumen Transfer Pricing (TP Doc) Pemohon Banding; Halaman 8 dari 56 halaman. Putusan Nomor PUT-010110.15/2022/PP/M.VA Tahun...
759,125975,PT..SOUTH. PACIFIC VISCOSE,PUT-014292.15/2022/PP/M.VA Tahun 2025 PT South Pacific Viscose,2019,Pajak Penghasilan,Mengabulkan seluruhnya,transfer pricing,73,"5,6,7,8,17,18,28,31,32,40,43,53,54,61,62,63,64,69,72,75,77,78,79,82,90,99,112,117,122,123,131,134,137,145,175,177,178,179,180,181,183,187,189,191,196,197,201,206,208,210,211,214",52,217,"...nai penetapan harga atas barang dan jasa yang ditransaksikan oleh Pemohon Banding, sedangkan metode Transfer Pricing merupakan suatu pendekatan yang digunakan untuk mengukur kewajaran suatu transaksi afiliasi. Akan t..."
760,125984,PT DAMCO TRUCKING INDONESIA,PUT-001994.15/2023/PP/M.XIIA Tahun 2 DEMI KEADILAN BERDASARKAN KETUHANAN YANG MA,2019,Pajak Penghasilan,-,transfer pricing,1,67,1,69,"...n pembuktian atas tingkat kewajaran seharusnya dibuktikan dengan comparability analysis atau metode transfer pricing yang memadai. Dalam hal ini, Terbanding tidak menyampaikan bukti pembanding atau analisis ekstensif..."
761,125994,PT ARISU GRAPHIC PRIMA,PUT-003747.15/2023fl,2017,-,-,transfer pricing,3,"28,35,39",3,116,...juga ber]aku bagi penggantian biaya asuransi. 3) Memberikan Manfaat Ekonomis Mengaou ke OECD (2016) Transfer Pricing Guidelines for Multinational enterprises and Tax Administrations Point 8.1 AIngka 7.6 manfaat ekono...
762,125999,-,PUT-004741.15/2023/PP/M.XIIA Tahun 2025 DEMI KEADILAN BERDASARKAN KETUHANAN YANG,-,Pajak Penghasilan,Mengabulkan seluruhnya,transfer pricing,32,"11,25,30,31,34,44,55,56,66,104,112,113,120,133,134,149,150,151,153,154",20,158,Pasal 2 (1) “Peraturan Direktur Jenderal Pajak ini berlaku untuk penentuan Harga Transfer (Transfer Pricing) atas transaksi yang dilakukan Wajib Pajak Dalam Negeri atau Bentuk Usaha Tetap di Indonesia dengan...
763,126005,PT MURINI SAMSAM,PUT-006198.15/2023/PP/M.XIIA Tahun 2025 DEMI KEADILAN BERDASARKAN KETUHANAN YANG,2020,Pajak Penghasilan,Mengabulkan sebagian,transfer pricing,26,"13,14,28,35,36,51,53,69,70,72,104,105,107,125,126,127",16,132,"...banding.” Pasal 2 1) ""Peraturan Direktur Jenderal Pajak ini berlaku untuk Penentuan Harga Transfer (Transfer Pricing) atas transaksi yang dilakukan Wajib Pajak Dalam Negeri atau Bentuk Usaha Tetap di Indonesia dengan..."
764,126078,PT Wahana Wirawan NPWP 01.060.215.9-038.000 beralamat di Wisma,PUT-005502.15/2024/PP/M.XIVB Tahun 2025,2021,Pajak Penghasilan,Mengabulkan seluruhnya,transfer pricing,2,"25,27",2,30,...i pemotongan PPh Pasal 23; - Bukti pembayaran termasuk di antaranya rekening koran; - Dokumen Lokal Transfer Pricing; - Contoh-contoh kegiatan konsultasi dengan bukti-bukti berupa email mengenai proses konsultasi dan...
765,126084,PT Mitra Sinar Jaya,PUT-007087.15/2024/PP/M.XIVA Tahun 2025 DEMI KEADILAN BERDASARKAN KETUHANAN YANG,2018,-,Mengabulkan seluruhnya,transfer pricing,12,"36,53,59,61,63,68,78,80,82,86,91",11,117,"...alam Bab 11 Bagian a (1)(a)(4) Lampiran PER-22/PJ/2013 (""PER 22/2013"") mengenai tahapan pemeriksaan transfer pricing; \ bahwa kemudian, diatur dalam Bab 11 Bagian A (4)(d) SE-50/PJ/2013; bahwa apabila nilai rasio mas..."
766,126089,PT SYMRISE,PUT-012205.15/2023/PP/M.XVIA Tahun 2025 DEMI KEADILAI,2020,Pajak Penghasilan,-,transfer pricing,15,"15,18,19,23,37,40,41,48,50,51,52,59",12,69,"...euangan beberapa tahun (mu/I/.p/e ysars) hanya digunakan apabila memberi nilai tambah pada analisis Transfer pricing., bahwa penggunaan data mwh.p/e years merupakan hal yang tepat untuk mengurangi distorsi akibat fak..."
767,126097,PT SURYA INDO PLASTIC,PUT-001709.15/2024/PP/M.XVA Ta DEMI KEADILAN BERDASARKAN KETUHANAN YANG MAHA ESA,2018,Pajak Penghasilan,-,transfer pricing,7,"19,20,34,35",4,63,...t: 1 ) Paragraf 1.2.5. UIV Transfer pr/.c/.r)g Mar]ua/ sebagai berikut: `The aim Of nonarm's length transfer pricing in such cases is usually to reduce an MNE's worldwide taxes. This can be achieved by shifting profi...
768,126108,PT JAKARTA PRIMA STEEL INDUSTRIES,PUT-005423.15/2024/PP/M.XIA Tahun 2025 DEMI KEADILAN BERDASARKAN KETUHANAN YANG ,2021,Pajak Penghasilan,Mengabulkan seluruhnya,transfer pricing,2,"29,35",2,76,...usaha yang belum dilaporkan oleh Pemohon Banding yaitu pendapatan bunga berdasarkan hasil pengujian transfer pricing. (Sumber indeks B-4-6) KERTAS KERJA PEMERIKSAAN Nama : PT JAKARTA PRIMA STEEL INDUSTRIES Pendapatan...
769,126138,PT SEPATU BATA Tbk.,PUT-012455.15/2023/PP/M.XIIB Tahun 2025 DEMI KEADILAN BERDASARKAN KETUHANAN YANG,2017,Pajak Penghasilan,Mengabulkan seluruhnya,transfer pricing,6,"13,14,81,84,86",5,105,...Kelaziman Usaha; g. bahwa terdapat Putusan Pengadilan Pajak atas banding terkait koreksi yang sama (transfer pricing) untuk PPh Badan untuk tahun pajak 2016 Nomor PUT-000071.15/2020/PP/MXIIB tanggal 02 Maret 2022 yan...
770,126145,PT INDO LOG,-,2017,Pajak Penghasilan,Menolak,transfer pricing,24,"7,15,16,34,46,48,49",7,87,"...ti terkait (17voucherpaymenfasli); • Notula rapat perihal periunya pinjaman dari afiliasi; • Salman transfer pricing dooumentationTh. 2017., • Soft copy chart ofaccountdan GL2017., • Salinan tanda ten.rna peminjaman..."
771,126148,PT. TOTALENERGIES MARKETING INDONESIA d.h. PT TOTAL,-,2019,-,-,transfer pricing,24,"16,37,46,47,51,53,54,56,58,61,63,70,78,80,81,82,83",17,86,"...sses while the MNE group.as.a whole is profitable, the facts could trigger some special scrutiny of transfer pricing issues. Of courses, associated enterprises like independent enterprises can sustauin genuine losses..."
772,126153,PT KYOKUTO INDOMOBIL DISTRIBUTOR INDONESIA,PUT-003054.15/2024fl,2019,Pajak Penghasilan,-,transfer pricing,6,"8,16,37,39,41,44",6,49,...ian yang dialami oleh Pemohon Banding di tahun pajak 2019 dikarenakan antara lain (bukan oleh motif transfer pricing): - Biaya start-up (fase start-up) yang berhubungan dengan biaya yang bersifat tetap (fixed costs)....
773,126154,PT INDOFOOD SUKSES MAKMUR,PUT-003382.15/2024/PP/M.XVB Tahun 2025 DEMI KEADILAN BERDASARKAN KETUHANAN YANG ,2017,Pajak Penghasilan,-,transfer pricing,8,"18,19,31,33,69,70,74,79",8,110,...Banding.dan China Minzhong Holdings BVI (“CMZ BVI”) bukan merupakan pihak afiliasi sehingga koreksi transfer pricing tidak seharusnya dilakukan Dasar hukum 1. Pasal 10 ayat (1) Undang-Undang Nomor 7 Tahun 1983 tentan...
774,126155,PT SANKIN INDONESIA,PUT-003597.15/2024/PP/M.IIIA Tahun 2025 DEMI KEADILAN BERDASARKAN KETUHANAN YANG,2021,Pajak Penghasilan,-,transfer pricing,79,"4,6,12,16,17,20,21,22,23,24,25,26,27,28,29,31,32,33,34,36,38,39,70,72,73,90,91,96,97,98,99,100,101,102,104",35,113,"...sebesar Rp5.385.582.137 b.,Koreksi tersebut dilakukan dengan penjelasan: 1) Berasal dari pengujian Transfer Pricing menggunakan metode TNMM: 2) Dalam dokumen Transfer Pricing Pemohon Banding, data pembanding diambil..."
775,126180,PT ELECTROLUX INDONESIA,PUT-005042.15/202M2P/M.XB Tahun 2025 DEMI KEADILAN BERDASARKAN KETUHANAN YANG IV,2017,Pajak Penghasilan,-,transfer pricing,1,27,1,115,"...al 2 ayat (2) hunt d dimana disebutkan mengenai transaksi-transaksi yang menjadi objek penel.itian 'transfer pricing"" antara lain a]okasi biaya; Manfaat atas jasa: bahwa penjelasan secara lebih terperinci mengenai pe..."
776,126203,PT.BUMI KARYATAMA RAHARJA,PUT-007717.15/2023/PP/M.VYA Tahun 2025 PT BUMI KARYATAMA RAHARJA Ta,2020,Pajak Penghasilan,Mengabulkan seluruhnya,transfer pricing,2,"26,30",2,38,"...melarang penerapan PKKU terhadap transaksi yang dilakukan. oleh Wajib Pajak Dalam Negeri atau BUT (Transfer Pricing.Domestik), namun menjelaskan bahwa PER-32/PJ/2011 ini digunakan jika ada perbedaan tarif karena Ha..."
777,126204,PT SIEMENS INDONESIA,PUT-007622.15/2023/PP/M.XINB Tahun 2025,2020,-,Mengabulkan seluruhnya,transfer pricing,57,"7,8,9,10,11,14,15,23,25,26,27,28,29,30,34,41,42,43,44,45,46,47,49,54,55,56,57,58,59,65,66",31,70,...idak “setuju terhadap koreksi Terbanding dengan alasan sebagai berikut: 1. Ketentuan Formal Koreksi Transfer Pricing bahwa koreksi transfer pricing yang dilakukan oleh Terbanding nyata- nyata melanggar ketentuan form...
778,126209,PT Duta Indah Abadi,PUT-008792.15/2023/PP/M.IA Tahun 2025 DEMI KEADILAN BERDASARKAN KETUHANAN YANG M,2018,Pajak Penghasilan,Menolak,transfer pricing,1,34,1,75,...an koreksi kelaziman usaha yang disampaikan oleh pemeriksa tidak dilengkapi dengan dokumen analisis transfer pricing terkait kelaziman usaha serta tidak dapat dibuktikan terdapat hubungan istimewa antara Pemohon Band...
779,126234,PT SAKAE RIKEN INDONESIA,PUT-009025.15/2024/PP/M.VB Tahun 2025 DEMI KEADILAN BERDASARKAN KETUHANAN YANG M,2021,-,Mengabulkan seluruhnya,transfer pricing,19,"6,15,17,23,24,40,52,55,66,68,70,71,72,77,78,80",16,85,...- 11.304.715.617 1 (Outsourcing) Koreksi HPP yang 2 berasal dari 12.417.540.582 - 12.417.540.582 2 Transfer Pricing Jumlah Koreksi 23.722.256.198 - 23.722.256.198 Fiskal Positif bahwa berikut ini adalah penjelasan l...
780,126248,PT NS BLUESCOPE INDONESIA,PUT-009942.15/2022/PP/M.IIB Tahun 2025 DEMI KEADILAN BERDASARKAN KETUHANAN YANG ,2018,Pajak Penghasilan,Mengabulkan sebagian,transfer pricing,30,"14,15,17,18,19,49,70,89,106,110,111,115,122,123,151,152,153",17,158,"...rojects (including Commercial Project), dan Product Innovation Centre. Adapun sesuai dengan dokumen Transfer Pricing Pemohon Banding Tahun 2018 yang diterbitkan oleh konsultan independent menggunakan metode Transacti..."
781,126322,PT Sri Trang Lingga Indonesia,PUT-001067.15/2024/PP/M.XXB Tahun 2025,2021,Pajak Penghasilan,Mengabulkan sebagian,transfer pricing,14,"25,31,49,63,87,106,112,113,124,172",10,196,"...rlu di perioritaskan. Dan Terbanding sependapat dengan Donald J. Jankowski, Practical Guidens to US Transfer Pricing. Transfer Pricing, ed. Robert T. Cole (San Fransisco : Matthew Bender, 2009 ) sebagaimana dikutip p..."
782,126357,PT AJEIndonesia,PUT-004801.15/2024/PP/M.XIIA Tahun 2025 DEMI KEADILAN BERDASARKAN KETUHANAN YANG,2020,Pajak Penghasilan,Mengabulkan seluruhnya,transfer pricing,3,"10,35,41",3,49,"...functional analysis of the transactions. As a general rule, the tested party is the one to Which a transfer pricing method can be applied in the most reliable manner ond for which the most reliable comparables can b..."
783,126359,PT CORELAB INDONESIA,PUT-005035.15/2024/PP/M.XIIIB Tahun 2025 DEMI KEADILAN BERDASARKAN KETUHANAN YAN,2021,Pajak Penghasilan,Menolak,transfer pricing,3,"30,31,34",3,73,...nding dapat menunjukkan dokumen yang menjadi dasar penerapan prinsip kewajaran dan kelaziman usaha (Transfer Pricing Documentation) maka permintaan keterangan/bukti dapat disesuaikan dengan data dan informasi yang te...
784,126370,PT JVCKENWOOD INDONESIA,PUT-005261.15/2023/PP/M.XIIA Tahun 2025 DEMI KEADILAN BERDASARKAN KETUHANAN YANG,2016,Pajak Penghasilan,Mengabulkan sebagian,transfer pricing,6,"11,20,48,51,54,63",6,126,"...mohon Banding dianggap sebagai limited risk distributor oleh Terbanding; bahwa di dalam dokumentasi Transfer Pricing Tahun 2016 (Lampiran 7), Pemohon Banding tidak pernah menyatakan sebagai limited risk distributor...."
785,126371,PT DAFIN MUTIARA,PUT-005489.15/2023/PP/M.XIVA Tahun 2024 DEMI KEAD,2020,Pajak Penghasilan,Mengabulkan sebagian,transfer pricing,6,"10,12,20,24,33,38",6,65,"...i data yang Pemohon Banding peroleh. Untuk menegaskan hal tersebut, dalam paragraph 2.93 bar.I OECD Transfer Pricing Guidelines Tahun 2017 menyatakan batwa ""full costs or operating expenses may be an appropriate base..."
786,126375,PT MITSUI CHEMICALS POLYURETHANES INDONESIA,PUT-006619.15/2023/PP/M.XIIA Tahun 2025 DEMI KEADILAN BERDASARKAN KETUHANAN YANG,2020,Pajak Penghasilan,Menolak,transfer pricing,14,"9,11,13,19,20,21,26,42,43",9,50,"...ices (ICIS), yang merupakan penyedia harga acuan untuk pasar petrochemical bahwa pada dokumen lokal transfer pricing 2020 (Bab 4.3.2), Pemohon Banding melakukan analisis kesebandingan dengan menggunakan metode CUP ek..."
787,126389,PT DAFIN MUTIARA,PUT-007239.15/2023/PP/M.XIVA Tahun 2024 PT Dafin Mutiara,2018,-,-,transfer pricing,6,"8,9,15,16,18,63",6,74,...ngkan untuk Masa Februari 2018; f. Bahwa dengan dilakukan penghitungan ulang menggunakan pendckatan transfer pricing metode Comparable Uncontrolled Price (CUP) menggunakan harga mutiara nilai tinggi (A/.gh grac/e) se...
788,126398,PT SURYA UNGGAS MANDIRl,PUT-011579.15/2022/PP/M.XllB Tahun 2025 DEMI KEADILAN BERDASARKAN KETUHANAN YANG,2019,Pajak Penghasilan,Mengabulkan seluruhnya,transfer pricing,18,"8,10,22,34,35,36,44,47,59,76,79,80,84,85,88,94",16,98,"...00,00 dengan alasan sebagai berikut: 1. Pemohon Banding telah menyerahkan kepada Terbanding Dokumen Transfer Pricing yang pada dasarnya membuktikan bahwa transaksi- transaksi yang dilakukan oleh Pemohon Banding denga..."
789,126480,PT Mitsui Chemicals Polyurethanes Indonesia,PUT-004023.15/2024/PP/M.XIIA Tahun 2025 DEMI KEADILAN BERDASARKAN KETUHANAN YANG,2021,Pajak Penghasilan,Mengabulkan seluruhnya,transfer pricing,12,"7,8,9,12,13,16",6,43,"...tepat; bahwa Pemohon Banding mengacu kepada Bab II, poin B mengenai Tahapan Pelaksanaan Pemeriksaan Transfer Pricing, nomer 2 mengenai Memilih Metode Transfer Pricing, atas Surat Edaran Direktur Jenderal Pajak No. SE..."
790,126505,PT. Sri Trang Lingga Indonesia,PUT-008420.15/2023/PP/M.XXB Tahun 2025 DEMI KEADILAN BERDASARKAN KETUHANAN YANG ,2020,Pajak Penghasilan,-,transfer pricing,14,"15,53,54,58,59,66,76,79,80,81,83",11,88,"...nis.” Secara spesifik terhadap transaksi yang melibatkan produk komoditas, paragraf 2.20 dalam OECD Transfer Pricing Guidelines for Multinational Enterprises and Tax Administrations (""Pedoman OECD"") menyatakan bahwa:..."
791,126538,PT.. Colorobbia Indonesia,PUT-002812.15/2024/PP/M.VB Tahun 2025 DEMI KEADILAN BERDASARKAN KETUHANAN YANG M,2021,Pajak Penghasilan,Mengabulkan sebagian,transfer pricing,5,"19,20,40,42",4,54,...dak mempunyai hubungan istimewa yang menjadi pembanding. bahwa hal ini membenarkan bahwa peraturan transfer pricing di Indonesia dan pedoman yang terkait mengakui penggunaan interkuartil atau rentang harga wajar u...
792,126569,PT KAO INDONESIA CHEMICALS,PUT-005668.15/2020/PP/M.IIA Tahun 2025,2016,Pajak Penghasilan,Mengabulkan seluruhnya,transfer pricing,85,"11,12,13,14,15,16,22,23,25,26,30,45,48,66,67,68,69,70,71,72,78,79,80,81,82,86,99,104,107,111,121,122,126",33,137,"...isa Kewajaran dan Kelaziman usaha harus dimulai dari harga lalu ke laba, dengan perhitungan kembali Transfer Pricing menurut Terbanding adalah sebagai berikut: bahwa setelah metode Harga Transfer ditentukan, selanjut..."
793,126596,PT HET WAREN HUIS,PUT-009268.15/2023/PP/M.IIB Tahun 2025 DEMI KEADILAN BERDASARKAN KETUHANAN YANG ,2018,Pajak Penghasilan,Mengabulkan sebagian,transfer pricing,19,"12,29,46,78,85,95,96,120,122,134,135,137,150,151",14,171,"...ntara pihak yang tidak mempunyai Hubungan Istimewa yang menjadi pembanding.” d. Memperhatikan, OECD Transfer Pricing Guidelines for Multinational Enterprises and Tax Administration 2010, pada Par 1.5, yaitu: “Tax adm..."
794,126603,PT HET WAREN HUIS,PUT-009280.15/2023/PP /M.IIB Tahun 2025 DEMI KEADILAN BERDASARRAN KETUHANAN YANG,2019,Pajak Penghasilan,-,transfer pricing,16,"7,38,56,65,66,83,84,86,99,100,109,110,111",13,122,"...d dalam ketehiuan peraturan perundang-undangan di bidang perpajakan."", e. batwa mempcwhatfkan, OECD Transfer Pricing Guidelines for Multinational Enterprises and Tax Administration 2010, peda Par 1.5. yatfu. ""Tax adm..."
795,126613,PT NPR MANUFACTURING INDONESIA,PUT-009341.15/2021/PP/M.IVA Tahun 2025 DEMI KEADILAN BERDASARKAN KETUHANAN YANG ,2015,Pajak Penghasilan,Mengabulkan seluruhnya,transfer pricing,2,"24,54",2,60,...eriksaan Terhadap Wajib Pajak Yang Mempunyai Hubungan Istimewa yang selanjutnya disebut Pemeriksaan transfer pricing. Halaman 24 dari 60 halaman. Putusan Nomor PUT-009341.15/2021/PP/M.IVA Tahun 2025 PT NPR Manufactur...
796,126620,PT CJ LOGISTICS NUSANTARA,PUT-012625.15/2020/PP/M.VIA Tahun 2025 DEMI KEADILAN BERDASARKAN KETUHANAN YANG ,2017,Pajak Penghasilan,Mengabulkan seluruhnya,transfer pricing,9,"7,11,12,16,18,19,22,28",8,44,"...Pemohon Banding terdiri dari beberapa jenis, yaitu : (Sumber: CJ Korea Express Corporation, Global Transfer Pricing Policy, 2014) bahwa secara fungsi, Jasa Manajemen yang dilakukan oleh RHQ (Kantor Pusat Regional) d..."
797,126621,PT NISSIN FOODS INDONESIA,PUT-014402.15/2021/PP/M.IVA Tahun 2025 DEMI KEADILAN BERDASARKAN KETUHANAN YANG ,2018,Pajak Penghasilan,Mengabulkan sebagian,transfer pricing,18,"11,18,22,102,106,131,143,144,146,147",10,163,"...m) Pemohon Banding di luar Indonesia, yaitu Nissin Foods Holdings, Co. Ltd.; bahwa berdasarkan OECD Transfer Pricing Guidelines Chapter VI Section D ""Marketing Activities Undertaken By Enterprises not owning trademar..."
798,126625,PT SEKAR BENGAWAN,PUT-015762.15/2020/PP/M.IVB Tahun 2025 DEMI KEADILAN BERDASARKAN KETUHANAN YANG ,2016,Pajak Penghasilan,Mengabulkan seluruhnya,transfer pricing,8,"59,66,67,72,145,148,167",7,175,...roduksi bukan atas dasar perjanjian dengan Direktur Jenderal Pajak untuk penentuan harga transfer (‘transfer pricing’) antar pihak afiliasi yang berada di Negara yang berbeda tarif pajaknya; • bahwa perusahaan afilia...
799,126628,PT KIMBERLY-CLARK INDONESIA,PUT-015804.15/2020/PP/M.VIA Tahun 2025,2017,Pajak Penghasilan,Mengabulkan sebagian,transfer pricing,4,"9,15,21,27",4,38,...dari pihak-pihak yang memiliki hubungan istimewa tidak merugikan Pemohon Banding dari sudut pandang Transfer Pricing Indonesia; Halaman 9 dari 38 halaman Putusan Nomor PUT-015804.15/2020/PP/M.VI A Tahun 2025 PT Kimbe...
800,126629,PT REHAU INDONESIA,PUT-016196.15/2020/PP/M.VIA Tahun 2025 DEMI KEADILAN BERDASARKAN KETUHANAN YANG ,2017,Pajak Penghasilan,Mengabulkan sebagian,transfer pricing,8,"11,18,24,64,82,84,87",7,96,"...na dimaksud dalam Pasal 18 ayat 3 UU PPh dan membuktikannya sebagaimana diuraikan dalam dokumentasi Transfer Pricing. Berdasarkan dokumentasi Transfer Pricing tersebut, Pemohon Banding telah menerapkan metode Compara..."
801,126644,PT.. Colorobbia Indonesia,PUT-002812.15/2024/PP/M.VB Tahun 2025 DEMI KEADILAN BERDASARKAN KETUHANAN YANG M,2021,Pajak Penghasilan,Mengabulkan sebagian,transfer pricing,5,"19,20,40,42",4,54,...dak mempunyai hubungan istimewa yang menjadi pembanding. bahwa hal ini membenarkan bahwa peraturan transfer pricing di Indonesia dan pedoman yang terkait mengakui penggunaan interkuartil atau rentang harga wajar u...
802,126673,PT AJEIndonesia,PUT-004801.15/2024/PP/M.XIIA Tahun 2025 DEMI KEADILAN BERDASARKAN KETUHANAN YANG,2020,Pajak Penghasilan,Mengabulkan seluruhnya,transfer pricing,3,"10,35,41",3,49,"...functional analysis of the transactions. As a general rule, the tested party is the one to Which a transfer pricing method can be applied in the most reliable manner ond for which the most reliable comparables can b..."
803,126674,PT JFE STEEL GALVANIZING INDONESIA,PUT-006747.15/2023/PP/M.XA Tahun 2025 DEMI KEADILAN BERDASARKAN KETUHANAN YANG M,2020,Pajak Penghasilan,Menolak,transfer pricing,33,"10,11,15,17,18,19,22,23,25,27,49,50,54,61,70,74,83,84,90,91,95,96,99,100,101,105,106",27,110,...kesebandingan dalam Dokumen Lokal berdasarkan ketentuan Perpajakan Indonesia dan mengikuti panduan Transfer pricing OECD. bahwa Terbanding telah setuju dengan pendekatan Pemohon Banding yang menggunakan Transactiona...
804,126703,PT KONECRANES MATERIAL HANDLING INDONESIA d.h. PT MHE,PUT-013088.15/2021/PP/M.VIIIB Tahun 2025 DEMI KEADILAN BERDASARKAN KETUHANAN YAN,2018,Pajak Penghasilan,Menolak,transfer pricing,2,"23,35",2,39,...anggal 31 Desember 2018 dalam bahasa Inggris dan dalam bahasa Indonesia yang telah dimateraikan; 2. Transfer Pricing Dokumentation 2018 dalam bahasa Inggris dan Bahasa Indonesia yang dimateraikan (asli telah ditunjuk...
805,126732,PT AGRI INDOMAS,PUT-009630.15/2020/PP/M.VIIIA Tahun 2025 DEMI KEADILAN BERDASARKAN KETUHANAN YAN,2016,Pajak Penghasilan,Mengabulkan sebagian,transfer pricing,31,"15,18,19,26,32,42,44,56,57,60,72,74,82,83,87,98,99,105,106,122,123,125,126",23,129,...baikan fakta bahwa Pemohon Banding telah melakukan transaksi secara patut dan wajar serta telah ada Transfer Pricing Documents (TP Dokumen) yang membuktikan kewajaran transaksi pembelian impor dari pihak afiliasi; ba...
806,126777,BUT Deutsche Bank AG,PUT-004097.15/2022/PP/M.IB Tahun 2025 DEMI KEADILAN BERDASARKAN KETUHANAN YANG M,2016,Pajak Penghasilan,Mengabulkan sebagian,transfer pricing,3,"75,96,100",3,114,...; 4. Terkait dengan Liqudity Charges Pemohon Banding menyampaikan dokumen berupa sebagai berikut: - Transfer Pricing Report Treasury Funding Costs - Agreement for Allocation of Treasury Term Funding Costs - Liquidity...
807,126778,PT Shell Manufacturing Indonesia,puT-005445.15/2024/PP/M.IIIBTahun2025,2021,Pajak Penghasilan,-,transfer pricing,3,"64,73,82",3,87,...n kepada pihak afiliasi untuk menyelesaikan permasalahan hukum tersebut; 7) bahwa mengacu pada OECD Transfer Pricing Guidelines tahun 2010 par.7.6 yaitusalahsatupoinutamadalammenentukanapakahsuatuaktifitasjasayang di...
808,126868,PT Tanjungenim Lestari Pulp and Paper,PUT-000610.15/2021 /PP/M.XIVA Tahun 2024 DEMI KEADILAN BERDASARKAN KETUHANAN YAN,2017,-,Mengabulkan seluruhnya,transfer pricing,23,"8,9,10,11,12,17,18,25",8,36,"...sampaikan dalam analisis fungsi, aset dan risiko pihak-pihak hubungan istimewa di dalam Dokumentasi Transfer Pricing atau Dokumen Lokal, MCJ dan PT Ml menjalankan fungsi distributoryang menjual kembali (resale) produ..."
809,126869,PT JAKARTA PRIMA STEEL INDUSTRIES,PUT-005410.15/2024/PP/M.XIA Tahun 2025 DEMI KEADILAN BERDASARKAN KETUHANAN YANG ,2018,Pajak Penghasilan,Mengabulkan seluruhnya,transfer pricing,1,33,1,75,"...n Banding tidak dalam keadaan merugi, sehingga terutang bunga dengan tingkat bunga wajar (penerapan transfer pricing). Halaman 33 dari 75 halaman. Putusan Nomor PUT-005410.15/2024/PP /M.XIA Tahun 2025 PT. Jakarta Pri..."
810,126917,PT AGRI INDOMAS,PUT007717.1512024lppyMXIA Tahun 2025 PT AGRI INDOMAS,2021,Pajak Penghasilan,-,transfer pricing,25,"9,12,13,14,23,24,27,28,30,35,48,50,52",13,56,"...anding tersebut di atas adalah sebagai berikut : 1. Koreksi Peredaran Usaha atas Harga Jua[ terkait Transfer Pricing atas transal{si yang mempunyaj hubungan istimewa sebesar Rpl7.634.891.008,- Ivlen urut Terbandin Ba..."
811,126954,PT DETPAK INDONESIA,PUT-006760.15/2020/PP/M. XVIB Tahun 2025 PEMI KEADILAN BERDASARKAN KETUHANAN YAN,2016,-,Mengabulkan sebagian,transfer pricing,10,"10,17,18,29,30,31,33,48,50",9,54,"...50/PJ/2013, OECD TP Guidelines for Multinational Enterprises and Tax Administration 2010 Chapter II Transfer Pricing Method par 2.80 mengatur bahwa : “Non-operating items such as interest income and expenses and inc..."
812,126969,PT HUTAN HIJAU MAS,-,2019,Pajak Penghasilan,-,transfer pricing,1,28,1,100,"...Banding di dalam maupun luar negeri dengan harga pasar yang terbaik, Bahwa berdasarkan Dokumentasi transfer pricing halaman 23 pada kesimpulan, Pemohon Banding menjual sebagian besar hasil produksinya ke pihak-pihak..."
813,126994,PT KONECRANES MATERIAL HANDLING INDONESIA d.h. PT MHE,PUT-013088.15/2021/PP/M.VIIIB Tahun 2025 DEMI KEADILAN BERDASARKAN KETUHANAN YAN,2018,Pajak Penghasilan,Menolak,transfer pricing,2,"23,35",2,39,...anggal 31 Desember 2018 dalam bahasa Inggris dan dalam bahasa Indonesia yang telah dimateraikan; 2. Transfer Pricing Dokumentation 2018 dalam bahasa Inggris dan Bahasa Indonesia yang dimateraikan (asli telah ditunjuk...
814,127002,PT. SOFTWAREAG INDONESIA OPERATIONS,PUT-001563.15/2024/PP/M.Xll lA Tahun 2025 DEMI KEADILAN BERDASARKAN KETUHANAN YA,2020,Pajak Penghasilan,-,transfer pricing,2,13,1,70,...e. Meneliti apakah terdapat pembanding atas I.asa intra-grup seha mark-up-nya dan menerapkan metode transfer pricing yang paling sesuai dengan kondisi dan fakta. Berbagai paragraf dalam Pedoman OECD sebagaimana diura...
815,127024,PT APM LEAF SPRINGS INDONESIA,PUT-002690.15ra024lppMXVA Tahun 2025 PT APM LEAF SPRINGS INDONESIA 4,2018,Pajak Penghasilan,Mengabulkan seluruhnya,transfer pricing,3,"20,35,44",3,50,...keberatan adalah koreksi penyesuaian fiskal positif karena pengujian kewajaran transaksi afiliasi (Transfer Pricing); bahwa kegiatan usaha Pemohon Banding adalah bidang lndustri Komponen rein daun kendaraan roda emp...
816,127030,PT Usaha Inti Padang NPWP 01.800.732.8-201.000 beralamat di Kawasan,PUT-005215.15/2024/PP/M.XIVB Tahun 2025,2021,Pajak Penghasilan,Mengabulkan seluruhnya,transfer pricing,43,"6,9,10,13,15,16,17,18,20,21,22,41,47,49,50,53,55,58,61,64,65,68,69",23,73,"...a: (1) cuplikan dari Lampiran I Bab II Tahapan Pemeriksaan Transfer Pricing, butir 2 Memilih Metode Transfer Pricing antara lain: a. Mengidentifikasi ketersediaan pembanding Salah satu hal penting dalam memilih metod..."
817,127046,PT Usaha Inti Padang NPWP 01.800.732.8-201.000 beralamat di Kawasan,PUT-005476.15/2024/PP/M.XIVB Tahun 2025,2020,Pajak Penghasilan,Mengabulkan seluruhnya,transfer pricing,17,"7,9,10,11,33,34,37,40,41,42",10,45,"...yang mempunyai Hubungan Istimewa, diketahui bahwa : 1) bahwa Lampiran I Bab II Tahapan Pemeriksaan Transfer Pricing butir 3 Menerapkan Prinsip Kewajaran dan Kelaziman Usaha mengatur antara lain: a. Melakukan Analisi..."
818,127124,PT Usaha Inti Padang NPWP 01.800.732.8-201.000 beralamat di Kawasan,PUT-005500.15/2024/PP/M.XIVB Tahun 2025,2019,Pajak Penghasilan,Mengabulkan seluruhnya,transfer pricing,28,"7,9,10,11,12,40,53,54,61,64,65,67,70,73,74",15,77,"...yang mempunyai Hubungan Istimewa, diketahui bahwa : 1) bahwa Lampiran I Bab II Tahapan Pemeriksaan Transfer Pricing butir 3 Menerapkan Prinsip Kewajaran dan Kelaziman Usaha mengatur antara lain: a. Melakukan Analisi..."
819,127134,PT MITRA ABADI SELATAN,PUT-011078.15/2024/PP/M.XVIB Tahun 2025 DEMI KEADILAN BERDASARKAN KETUHANAN YANG,2019,Pajak Penghasilan,Menolak,transfer pricing,1,25,1,58,...rusahaan pada salah satu atau beberapa perusahaan yang berada dalam satu kelompok usaha dan terjadi transfer pricing dimana Wajib Pajak (PT Mitra Abadi Selatan) dikenakan tarif PPh 25% sedangkan PT Tradisi Bina Usaha...
820,127159,PT Luxasia Indonesia,PUT-002301.15/2022/PP/M.XIVB Tahun 2025,2018,Pajak Penghasilan,Mengabulkan sebagian,transfer pricing,4,"15,26,42,70",4,96,"...sebagai dasar untuk melakukan analisis pengujian transaksi. bahwa. ditambah, tidak terdapat aturan Transfer Pricing di Indonesia yang mengatur secara spesifik mengenai jumlah tahun yang dipakai dan metode statistik..."
821,127169,PT WEARSMART TEXTILES,PUT-002636.15/2023/PP/M.XA Tahun 2025 DEMI KEADILAN BERDASARKAN KETUHANAN YANG M,2017,Pajak Penghasilan,-,transfer pricing,14,"6,18,25,26,39,47,48",7,54,"...MOTc tersebut; - bahwa berdasarkan berdasakan OECD Guide Lines paragraph 3.55 menyatdkan ``Because Transfer Pricing is not an exact science, there will also be many occasions when the application Of the most appropr..."
822,127180,PT WEARSMART TEXTILES,PUT-002636.15/2023/PP/M.XA Tahun 2025 DEMI KEADILAN BERDASARKAN KETUHANAN YANG M,2017,Pajak Penghasilan,-,transfer pricing,14,"6,18,25,26,39,47,48",7,54,"...MOTc tersebut; - bahwa berdasarkan berdasakan OECD Guide Lines paragraph 3.55 menyatdkan ``Because Transfer Pricing is not an exact science, there will also be many occasions when the application Of the most appropr..."
823,127203,PT Usaha Inti Padang NPWP 01.800.732.8-201.000 beralamat di Kawasan,PUT-005500.15/2024/PP/M.XIVB Tahun 2025,2019,Pajak Penghasilan,Mengabulkan seluruhnya,transfer pricing,28,"7,9,10,11,12,40,53,54,61,64,65,67,70,73,74",15,77,"...yang mempunyai Hubungan Istimewa, diketahui bahwa : 1) bahwa Lampiran I Bab II Tahapan Pemeriksaan Transfer Pricing butir 3 Menerapkan Prinsip Kewajaran dan Kelaziman Usaha mengatur antara lain: a. Melakukan Analisi..."
824,127216,PT SUKSES SEJAHTERA SEJATI,PUT-008991.15/2023/PP/M.XIIIA Tahun 2025 DEMI KEADILAN BERDASARKAN KETUHANAN YAN,2019,Pajak Penghasilan,Mengabulkan sebagian,transfer pricing,17,"17,18,26,27,28,29,35,36,40,49,60,78",12,111,"Peraturan Kutipan Peraturan Dalam pemeriksaan transfer pricing, tahapan persiapan dilakukan sesuai dengan tata cara pemeriksaan yang berlaku. Hal yang perlu diper..."
825,127225,PT AGRO ABADI CEMERIANG,PUT-010845.15/2023/PP/M.IIIB Tahun 2025 PT Agro Abadi Cemerlang,2020,Pajak Penghasilan,Mengabulkan sebagian,transfer pricing,8,"44,49,61,70,110,120,158",7,168,Lampiran I Bab 11 Tahapan Pelaksanaan Pemeriksaan Transfer Pricing 3. Menerapkan Prinsip Kewajaran dan Kelaziman Usaha b. transaksi jasa-intra grup (intrai]roup servi...
826,127235,PT MITRA ABADI SELATAN,PUT-011078.15/2024/PP/M.XVIB Tahun 2025 DEMI KEADILAN BERDASARKAN KETUHANAN YANG,2019,Pajak Penghasilan,Menolak,transfer pricing,1,25,1,58,...rusahaan pada salah satu atau beberapa perusahaan yang berada dalam satu kelompok usaha dan terjadi transfer pricing dimana Wajib Pajak (PT Mitra Abadi Selatan) dikenakan tarif PPh 25% sedangkan PT Tradisi Bina Usaha...
827,127242,PT SOLUSI BANGUN BETON,PUT-011988.15/2021/PP/M.VIllB Tahun 2025 DEMI KEADILAN BERDASARKAN KETUHANAN YAN,2018,Pajak Penghasilan,-,transfer pricing,7,"34,36,61,62,63",5,77,"...es Of information that may not be disclosed to the taxpayer. However, it would be unfair to apply a transfer pricing method on the basis of such data unless the tax administration was able, within the limits Of its d..."
828,127293,PT FEDERAL NITTAN INDUSTRIES,PUT-010455.15/2019/PP/M.XB Tahun 2025 PT Federal Nittan Industries,-,Pajak Penghasilan,-,transfer pricing,5,"78,79,100,103",4,137,...pada NVLC telah memenuhi prinsip kewajaran dan kelaziman usaha sebagaimana tertuang didalam dokumen transfer pricing (TP Documentation) Pemohon Banding; h) Bahwa atas pengeluaran royalti pada pemeriksaan pajak tahun...
829,127338,PT OMRON ELECTRONICS,PUT-001314.15/2024/PP/M.XVA Tahun 2025 DEMI KEADILAN BERDASARKAN KETUHANAN YANG ,2020,Pajak Penghasilan,-,transfer pricing,2,"7,13",2,34,"...a saja, sehingga tidak memberikan hasil yang akurat terhadap OM yang telah disesuaikan; bahwa dalam Transfer Pricing Documentation (`TP Doc""), Pemohon Banding menggunakandatapembandingselama3tahunyangpervariasiantara..."
830,127346,PT FUJIFILM INDONESIA,PUT-003527.15/2024/PP/M.XVA Tahun 2025 DEMI KEADILAN BERDASARKAN KETUHANAN YANG ,2020,Pajak Penghasilan,-,transfer pricing,5,"25,30,48,54",4,91,"...rat Edaran Direktur Jenderal Pajak Nomor SE-50/PJ/2013 (SE-50) Bab II Bagian A: “Dalam Pemeriksaan Transfer pricing, tahapan persiapan dilakukan sesuai dengan Tata Cara Pemeriksaan yang berlaku. Hal yang-perlu diper..."
831,127355,PT Sampoerna Indonesia Sembilan,PUT-005372.15/2024/PP/M.XIVA Tahun 2025 DEMI KEADILAN BERDASARKAN KETUHANAN YANG,2021,-,-,transfer pricing,29,"11,24,26,33,36,38,39,50,77,83,85,86,89,100,106,116,120",17,130,"...n kriteria yang sesuai dengan fungsi contract manufacturer Pemohon Banding, sesuai dengan peraturan transfer pricing yang berlaku; bahwa Pasal 3 ayat (2) dari PER-43, yang kemudian disempurnakan dengan PER-32 mengatu..."
832,127384,PT DAESANG AGUNG INDONESIA (d/h PT. JICO AGUNG),PUT-011763.15/2021/PP/M.XIVA Tahun 2025 DEMI KEADILAN BERDASARKAN KETUHANAN YANG,2018,Pajak Penghasilan,-,transfer pricing,2,"10,32",2,37,...tip di bawah ini: (1) Peraturan Direkfur Jenderal Pajak ini berlaku untuk Penentuan Harga Transfer (Transfer Pricing) atas transaksi yang dilakukan Wajib Pajak Dalam Negeri atau Bentuk Usaha Tetap di Indonesia dengan...
833,127390,PT AGRO HARAPAN LESTARl,PUT-014196.15/2022/PP/M.XVB Tahun 2025 DEMI KEADILAN BERDASARKAN KETUHANAN YANG ,2019,-,Mengabulkan sebagian,transfer pricing,1,44,1,54,"...transaksi a quo:, bahwa dalam sidang tanggal 20 Juni 2023 Pemohon Banding menyampaikan bukti berupa Transfer Pricing Documentation tertanggal 23 Juli 2020; bahwa menuut Pemohon Banding TP Doc a quo telah disampaikan..."
834,127465,PT CENTRATAMA TELEKOMUNIKASI INDONESIA TBK,PUT-001877.15/2021/PP/M.XIB Tahun 2025 DEMI KEADILAN BERDASARKAN KETUHANAN YANG ,2014,Pajak Penghasilan,Mengabulkan sebagian,transfer pricing,1,54,1,70,"...ng dan COP) yang keduanya berada di dalam yuridiksi perpajakan Indonesia sehingga tidak ada praktik transfer pricing dalam rangka penghindaran pajak, bahwa sesuai dengan peraturan pelaksana Pasal 18 ayat (3) UU PPh y..."
835,127483,PT FEDERAL KARYATAMA,PUT-005328.15/2024/PP/M.XIIIB Tahun 2025 DEMI KEADILAN BERDASARKAN KETUHANAN YAN,2021,-,Mengabulkan seluruhnya,transfer pricing,27,"7,9,10,11,12,13,15,29,42,43,45,103,105,106,119",15,135,"...ten menghasilkan laba di atas perusahaan pembanding yang mengindikasikan bahwa tidak terdapat motif transfer pricing (penghindaran laba). Sementara itu, koreksi yang dilakukan oleh Terbanding menyebabkan margin yang..."
836,127489,PT Princeton Digital Group Data Centres,PUT-006268.15/2024/PP/M.XIVB Tahun 2025,2021,Pajak Penghasilan,-,transfer pricing,17,"8,11,14,33,34,36,37,38,39,40,41",11,46,"...a Tbk., karena hasil pemeriksaan pajak PT XL Axiata Tbk., telah membuktikan bahwa tidak ada risiko Transfer Pricing terkait transaksi dengan pihak afiliasi, khususnya transaksi dengan Pemohon Banding. Oleh karena i..."
837,127495,PT INDONESIA STEEL TUBE WORKS,PUT-007898.15/2024/PP/M.XVA Tahun 2025 DEMI KEADILAN BERDASARKAN KETUHANAN YANG ,2021,Pajak Penghasilan,Mengabulkan seluruhnya,transfer pricing,39,"6,11,15,16,17,18,19,20,21,24,25,26,31,32,33,34,35,41,53,54,59,61,63,64,65,69,70",27,76,"...ksi Terbanding. bahwa berdasarkan tabel di atas, maka sengketa yang diajukan banding adalah koreksi transfer pricing yang dialokasikan ke Harga Pokok Penjualan atau HPP (sebagai nilai pembelian) sebesar Rp26.354.889...."
838,127508,PT. AIR PRODUCTS INDONESIA,PUT-009842.15/2023/PP/M.XVIIB Tahun 2025 DEMI,2020,Pajak Penghasilan,Mengabulkan sebagian,transfer pricing,27,"20,29,30,31,32,37,69,87,92,107,108,110,113,119,146,153",16,159,"bahwa Pemohon, Banding telah menyusun Transfer Pricing Documentation (Local File) dengan menyampaikan mininum informasi yang dipersyaratkan oleh Peraturan..."
839,127510,PT PURIMAS SASMITA,PUT-010036.15/2023/PP/M.XIA Tahun 2025 DEMI KEADILAN BERDASARKAN KETUHANAN YANG ,2018,Pajak Penghasilan,-,transfer pricing,10,"16,28,41,46,48,56,64,65,73",9,76,"...a investasi, » bahwa Pemohon Banding telah membuat Dokumen Lokal Laporan Penetapan Harga Transier (Transfer Pricing. Document) dan berdasarkan suku bunga deposito yang. dikeluarkan oleh Bank Indonesia tersebut, dapa..."
840,127539,PT TELEN,PUT-002125.15/2021/PP/M.XIB Tahun 2025 DEMI KEADILAN BERDASARKAN KETUHANAN YANG ,2014,-,-,transfer pricing,1,113,1,126,...32/2011 ) Pasal 2 (1) Peraturan Direktur Jenderal Pajak ini berlaku untuk Penentuan Harga Transfer (Transfer Pricing) atas transakei yang dilakukan Wajib Pajak Dalam Negeri atau Bentuk Usaha Tetap di Indonesia dengan...
841,127543,PT FEDERAL KARYATAMA,PUT-007752.15/2023/PP/M.XlllB Tahun 2025 DEMI KEADILAN BERDASARKAN KETUHANAN YAN,2020,-,-,transfer pricing,42,"16,19,20,32,33,37,40,41,42,45,47,48,57,60,66,86,88,89,93,94,95,115",22,132,"...aha; Hal tersebut juga sesuai dengan Paragraf 3.69 OECD TPG 2022 ln some cases, taxpayers establish transfer pricing documentation to demonstrate that they have made reasonable efforts to comply with the arm's length..."
842,127544,PT Langgeng Kreasi Jayaprima,PUT-012124.15/2023/PP/M.XIVA Tahun 2025 DEM,2020,-,Mengabulkan sebagian,transfer pricing,6,"26,27,38,43,74,76",6,80,...tragroup Services yang disediakan oleh Diageo Great Britain Limited; e. Rincian akun/ledger koreksi transfer pricing sejumlah Rp8.580.074.688; bahwa dokumen pendukung yang telah Pemohon Banding sampaikan di atas dapa...
843,127598,PT C J LOGISTICS SERVICE INDONESIA,PUT-002983.15/2021/PP/M.XIA Tahun 2025 DEMI KEADILAN BERDASARRAN KETUHANAN YANG ,2017,Pajak Penghasilan,-,transfer pricing,4,"55,56,58,79",4,87,"...kelaziman atas pembebanan biaya tersebut, Terbanding memiliki kewenangan untuk melakukan pengujian Transfer Pricing sesuai dengan ketentuan Pasal 18 ayat (3) UU Pph beserta turunannya dalam PER43/2010 j.o. PER-32/20..."
844,127605,PT Agrajaya Baktitama,PUT-009749.15/2023/PP/M.XIB Tahun 2025 DEMI KEADILAN BERDASARKAN KETUHANAN YANG ,2017,Pajak Penghasilan,Mengabulkan sebagian,transfer pricing,4,"17,40,41,53",4,65,...sebut menentukan lawan transaksi dan harga transaksi Pasal 1 angka 17 Penentuan Harga Transfer atau Transfer Pricing yang selanjutnya disebut Penentuan Harga Transfer adalah penentuan harga dalam Transaksi yang dipen...
845,127610,PT Megmilk Snow Brand Indonesia,PUT-009760.15/2021/PP/M.XIB Tahun 2025 DEMI KEADILAN BERDASARKAN KETUHANAN YANG ,-,Pajak Penghasilan,Mengabulkan sebagian,transfer pricing,9,"8,17,18,19,20,29,35",7,49,"...yesuaian Fiskal Positif Sebesar Rp13.855.310.317,00 MENURUT TERBANDING: bahwa berdasarkan Pengujian Transfer Pricing atas transaksi yang dipengaruhi oleh Hubungan Istimewa, terdapat koreksi atas laba Pemohon Banding..."
846,127611,PT C J LOGISTICS SERVICE INDONESIA,PUT-011751.15/2021 /PP/M.XIA Tahun 2025 DEMI KEADILAN BERDASARKAN KETUHANAN YANG,2018,Pajak Penghasilan,Mengabulkan sebagian,transfer pricing,10,"20,22,38,46,47,49,55,71",8,81,"...tanyakan kewajaran nilai transaksi terkait biaya a quo, Pemohon Banding juga telah memi]iki dokumen Transfer Pricing yang menguraikan hasil Pengujian Kewajaran Transaksi yang Pemohon Banding lakukan dengan Pihak Afil..."
847,127635,PT C J LOGISTICS SERVICE INDONESIA,PUT-014748.15/2020fl,2016,Pajak Penghasilan,Mengabulkan sebagian,transfer pricing,2,117,1,150,...ang sudah diben.kan nomor referensi dokumen pendukung). (Buk[i -37) 8. Softcopy dan hardcopy Global Transfer Pricing Policy dan Teriemahan Bahasa Indonesia (yang merupakan rincian koreksi pemeriksa yang sudah diberik...
848,127637,PT KARIMUN SEMBAWANG SHIPYARD,PUT-002664.15/2024/PP/M.VB Tahun 2025 DEMI KEAD,2017,Pajak Penghasilan,Mengabulkan seluruhnya,transfer pricing,2,"20,27",2,33,...nding beserta lampirannya; h) Softcopy Audit Report Tahun 2017 Pemohon Banding; i) Softcopy Dokumen Transfer Pricing tahun 2017 Pemohon Banding; j) Softcopy General Ledger Tahun 2017 Pemohon Banding; k) Softcopy Stru...
849,127646,PT SOLUSI BANGUN BETON,PUT-004534.15/2021/PP/M.VIIIB Tahun 2025 DEMI KEADILAN BERDASARKAN KETUHANAN YAN,2017,Pajak Penghasilan,Mengabulkan sebagian,transfer pricing,2,"29,68",2,85,...j. Perjanjian Sub Royalti antara Pemohon Banding dengan PT HI tanggal 18 Desember 2015; k. Laporan Transfer Pricing Documentation Pemohon Banding (TP Doc) Tahun 2017; l. Trademark License Agreement antara Holcim IP...
850,127657,PT KIRANA PERMATA,PUT-004829.15/2024/PP/M.VIA Tahun 2025 DEMI KEADILAN BERDASARKAN KETUHANAN YANG ,2021,Pajak Penghasilan,Mengabulkan sebagian,transfer pricing,1,18,1,81,"...hwa Terbanding melakukan koreksi atas peredaran usaha karena berdasarkan hasil pengujian ke dokumen transfer pricing (TP-Dok), terdapat penjualan ekspor yang belum dilaporkan oleh Pemohon Banding; Penjualan Export ke..."
851,127712,PT INTIBENUA PERKASATAMA,PUT-009088.15/2023/PP/M.IB Tahun 2025 DEMI KEADILAN BERDASARKAN KETUHANAN YANG I,2020,Pajak Penghasilan,Mengabulkan sebagian,transfer pricing,36,"8,15,57,67,68,69,102,133,134,135,137,142,143,145,149,152,155,156,157,160,199,213,214,219,220",25,228,"...ding dalam menentukan harga jual produk komoditas yang dihasilkan; b. Bahwa dalam menentukan Metode transfer pricing yang akan digunakan, dilakukan dengan membandingkan harga dalam transaksi antara pihak-pihak yang m..."
852,127794,PT GRAHA “TRISAKA INDUSTRI,PUT-002120.15/2023/PP/M.VIIIA Tahun 2025 DEMI KEADILAN BERDASARKAN KETUHANAN YAN,2019,Pajak Penghasilan,Mengabulkan sebagian,transfer pricing,18,"6,9,12,26,35,48,49,62,74,89,106,107",12,138,"...usahaan pembanding yang dipilih oleh Pemohon Banding dalam Dokumen Lokal penentuan harga transfer (“Transfer Pricing Documen?""). Perusahaan pembanding yang dipilih oleh Pemohon Banding tersebut adalah: » Halaman 6..."
853,127804,PT INTIBENUA PERKASATAMA,PUT-009408.15/2024/PP/M.IB Tahun 2025 DEMI KEADILAN BERDASARKAN KETUHANAN YANG M,2019,Pajak Penghasilan,Mengabulkan sebagian,transfer pricing,46,"39,58,63,77,83,86,122,140,143,149,153,156,169,171,175,179,180,183,184,192,232,233,237,239,240,242,244,259,277,278,280,284,285,287,288,293,294",37,306,...rpajakan yang mengharuskan baik Terbanding maupun Pemohon Banding untuk menggunakan metode analisis transfer pricing tertentu untuk suatu transaksi tertentu: » Terbanding tidak melakukan analisis mendalam terhadap 5...
854,127809,PT..REHAU INDONESIA,PUT-013714.15/2021/PP/M.IVB Tahun 2025 DEMI KEADILAN BERDASARKAN KETUHANAN YANG ,2018,Pajak Penghasilan,Mengabulkan sebagian,transfer pricing,2,"46,61",2,67,"Bukti P-9. Bukti P-10. Bukti P-11. Bukti P-12. Dokumen transfer pricing, Surat nomor. 01/Pajak/8/2022 tanggal 18 Agustus 2022 tentang Tambahan Penjelasan atas Sengketa P..."
855,127816,PT SUSANTRI PERMAI,PUT-009753.15/2024/PP/M.IXA Tahun 2025 DEMI KEADILAN BERDASARKAN KETUHANAN yang ,2019,Pajak Penghasilan,Mengabulkan seluruhnya,transfer pricing,1,37,1,47,"...an bisnis (business valuation) atas transaksi sehubungan dengan restrukturisasi selaras dengan OECD Transfer Pricing Guideline 2017 artikel 6.27, 9.68, 9.69, dan 9.70. bahwa menurut Terbanding terhadap konversi utang..."
856,127817,PT .MASTERCARD INDONESIA,PUT-001249,-,Pajak Penghasilan,-,transfer pricing,3,"41,58,61",3,66,"...sar Rp307.523.843.200 (9) Dalam melakukan koreksi, Terbanding” telah mengabaikan pedoman analisis transfer pricing menurut ketentuan Pasal 18 ayat (3) UU Pajak Penghasilan dan PER-22/PJ/2013 karena Terbanding secar..."
857,127829,PT Letawa,PUT-004897.15/2021/PP/M.IIB Tahun 2025 DEMI KEADILAN BERDASARKAN KETUHANAN YANG ,2018,Pajak Penghasilan,Mengabulkan sebagian,transfer pricing,6,"27,105,106,107",4,115,...adalah transaksi yang dilakukan Wajib Pajak dengan Pihak Afiliasi. 5. Penentuan Harga Transfer atau Transfer Pricing yang selanjutnya disebut Penentuan Harga Transfer adalah penentuan harga dalam Transaksi Afiliasi....
858,127831,PT IPC INFORMATION SYSTEMS INDONESIA,PUT-005942.15/2021/PP/M.VIA Tahun 2025 DEMI KEADILAN BERDASARKAN KETUHANAN YANG ,2017,Pajak Penghasilan,Mengabulkan sebagian,transfer pricing,1,70,1,77,"...an usaha (arm’s length principle) sebagaimana diatur dalam UU PPh dan juga yang dipahami dalam OECD Transfer Pricing Guidelines, menghendaki agar transaksi antara pihak-pihak yang mempunyai hubungan istimewa dilakuka..."
859,127848,PT. EXXONMOBIL LUBRICANTS INDONESIA,PUT-012585.18/2020/PPIMIIIA Tahun 2025,2017,Pajak Penghasilan,-,transfer pricing,21,"11,13,14,23,36,37,38,51,55,87,90,96,97,101,126,129,133,149,167",19,192,"...ngan prinsip kewajaran dan kelaziman usaha bahwa sesuai dengan Dokumen Lokal (Local File) mengenai transfer pricing Pemohon Banding dan seluruh kontrak terkait, harga pembelian produk bahan bakar (fuels) jelas-jela..."
860,127857,-,PUT-003470.15/2024/PP/M.XVA Tahun 2025 DEMI KEADILAN BERDASARKAN KETUHANAN YANG ,2017,Pajak Penghasilan,-,transfer pricing,10,"10,11,38,44,47",5,58,"...g dipertahankan oleh Terbanding sebesar USD 3,684,282 dengan'alasan-alasan berikut ini: h Analisis transfer pricing yang terdapat dalam Dokumen Lokal Pemohon Banding untuk Tahun Pajak 2017 sudah sesuai dengan peratu..."
861,127975,PT. FUJI ELECTRIC INDONESIA,PUT-003461.15/2022/PP/M.IA Tahun 2025 DEMI KEADILAN BERDASARKAN KETUHANAN YANG M,2018,Pajak Penghasilan,Mengabulkan sebagian,transfer pricing,8,"28,42,46,50,54,61,62",7,68,...an dokumen PEB terdapat Penjualan yang belum dilaporkan oleh Wajib Pajak. bahwa berdasarkan dokumen Transfer Pricing diketahui bahwa terdapat skema Penjualan ke pihak afiliasi Luar Negeri. Dasar Hukum: - Pasal 4 ayat...
862,127976,PT. FUJI ELECTRIC INDONESIA,PUT-003462.16/2022/PP/M.IA Tahun 2025 DEMI KEADILAN BERDASARKAN KETUHANAN YANG M,-,PPN,Menolak,transfer pricing,1,27,1,33,...oran Keuangan Pemohon Banding dalam Bahasa Inggris 31 Maret 2019; 2. SPT Tahunan PPh Badan 2019; 3. Transfer Pricing Documentation 2018; 4. Daftar dokumen uji bukti; Menimbang bahwa berdasarkan pemeriksaan atas alat...
863,127977,PT. FUJI ELECTRIC INDONESIA,PUT-003463.16/2022/PP/M.IA Tahun 2025 DEMI KEADILAN BERDASARKAN KETUHANAN YANG M,-,PPN,Mengabulkan sebagian,transfer pricing,3,"17,36,40",3,45,"...g, Retur Pengembalian, dan dokumen pendukung lainnya. bahwa berdasarkan penelitian terhadap dokumen Transfer Pricing diketahui bahwa terdapat skema Penjualan ke pihak afiliasi Luar Negeri yaitu ke Fuji Halaman 17 dar..."
864,128015,PT STAR MAJU SENTOSA,PUT-005312.15/2024/PP/M.XIA Tahun 2025 DEMI KEADILAN BERDASARKAN KETUHANAN YANG ,2021,Pajak Penghasilan,Mengabulkan seluruhnya,transfer pricing,3,"13,15,90",3,115,...adan dan DPP PPh Pasal 4 ayat (2) jelas bertentangan dengan konsep koreksi dalam aturan dan prinsip transfer pricing; 2. bahwa dalam penjelasan Pasal 18 ayat (3) dinyatakan koreksi yang dapat dilakukan oleh Terbandin...
865,128031,PT COCA COLA INDONESIA,PUT-010143.15/2023/PP/M.XIIB Tahun 2025 DEMI KEADILAN BERDASARKAN KETUHANAN YANG,2020,-,Menolak,transfer pricing,4,"86,127",2,131,"...2021, dan 2022; Bukti P-24 Surat Pemberitahuan Hasil Pemeriksaan Tahun Pajak 2020 CCDI; Bukti P-25 Transfer Pricing Documentation Local File – Manufacturing Activities PT Coca-Cola Indonesia Tahun Pajak 2020; Bukti..."
866,128046,PT A.W. FABER-CASTELL INDONESIA,PUT-016192.15/2020/PP/M.XB Tahun 2025 DEMI KEADILAN BERDASARKAN KETUHANAN YANG M,2017,Pajak Penghasilan,Mengabulkan sebagian,transfer pricing,4,"24,30",2,81,"...ses sengketa di tingkat keberatan. Lantas, bagaimana dengan pembagian beban pembuktian pada konteks transfer pricing di Indonesia? Apakah Wajib Pajak ataukah otoritas pajak yang menanggung beban pembuktian dalam pene..."
867,128050,PT ASHLAND SPECIALTY CHEMICALS INDONESIA,PUT-011657.15/2019/PP/M.IIB Tahun 2025 DEMI KEADILAN BERDASARKAN KETUHANAN YANG ,2016,Pajak Penghasilan,Mengabulkan seluruhnya,transfer pricing,3,"10,27,60",3,69,...k (Tax services) - meliputi jasa konsultasi dan bantuan sebagai berikut: • Jasa bantuan dokumentasi transfer pricing; • Jasa bantuan pemeriksaan pajak; • Jasa bantuan isu pajak lainnya; dan • Jasa pemberian pelatihan...
868,128062,PT AUSTRALINDO GRAHA NUSA,PUT-004062.15/2024/PP/M.VIB Tahun 2025 DEMI KEADILAN BERDASARKAN KETUHANAN YANG ,2020,Pajak Penghasilan,Mengabulkan seluruhnya,transfer pricing,8,"29,42,45,67,84,90",6,93,...ewajaran dan kelaziman usaha pada transaksi afiliasi seharusnya dilakukan dengan menggunakan metode transfer pricing lainnya yang paling sesuai dengan fakta dan kondisi. bahwa Metode-metode yang dapat digunakan dalam...
869,128100,-,PUT-001279.15/2022/PP/M.XIIA Tahun 2025 DEMI KEADILAN BERDASARKAN KETUHANAN YANG,-,Pajak Penghasilan,Mengabulkan sebagian,transfer pricing,18,"11,13,16,18,58,59,63,70,76,80,91,103",12,130,"...Wajib Pajak Yang Mempunyai Hubungan Istimewa, diatur antara lain, “Tahapan pelaksanaan Pemeriksaan transfer pricing terdiri dari menentukan karakteristik usaha Wajib Pajak, memilih metode transfer pricing, dan mener..."
870,128106,PT BT COMMUNICATIONS INDONESIA,PUT-003798.15/2023/PP/M.XIIA Tahun 2025 DEMI KEADILAN BERDASARKAN KETUHANAN YANG,2017,Pajak Penghasilan,Menolak,transfer pricing,16,"11,12,13,15,17,53,59,69,84",9,101,"...ohon Banding Yang Mempunyai Hubungan Istimewa, diatur antara lain, “Tahapan pelaksanaan Pemeriksaan transfer pricing terdiri dari menentukan karakteristik usaha Wajib Pajak, memilih metode transfer pricing, dan mener..."
871,128116,PT BT COMMUNICATIONS INDONESIA,PUT-002215.15/2023/PP/M.XIIA Tahun 2025 DEMI KEADILAN BERDASARKAN KETUHANAN YANG,2019,Pajak Penghasilan,Mengabulkan sebagian,transfer pricing,15,"17,18,19,22,23,24,37,52,55,72,85",11,108,"...Wajib Pajak Yang Mempunyai Hubungan Istimewa, diatur antara lain, “Tahapan pelaksanaan Pemeriksaan transfer pricing terdiri dari menentukan karakteristik usaha Wajib Pajak, memilih metode Halaman 17 dari 108 halaman..."
872,128175,PT CITRA NUTRINDO LANGGENG,PUT-012115.15/2023/PP/M.XIVA Tahun 2025 DEMI KEADILAN BERDASARKAN KETUHANAN YANG,2020,Pajak Penghasilan,Mengabulkan sebagian,transfer pricing,5,"7,8,20,23,24",5,53,...t it is not a systematic requirement. Multiple year data should be used where they add value to the transfer pricing analysis. It would not be appropriate to set prescriptive guidance as to the number of years to be...
873,128185,PT CONSOLIDATED ELECTRIC POWER ASIA,PUT-008540.15/2023/PP/M.XIIA Tahun 2025 DEMI KEADILAN BERDASARKAN KETUHANAN YANG,2018,Pajak Penghasilan,Menolak,transfer pricing,2,"11,12",2,57,"...at (3) UU PPh; g. Lebih lanjut, jika Terbanding melakukan koreksi atas transaksi hubungan istimewa /Transfer Pricing, maka harus dilihat terlebih dahulu apakah terdapat penghindaran pajak akibat adanya transaksi yang..."
874,128211,PT ELECTROLUX INDONESIA,PUT-005042.15/2021/PP/M.XB Tahun 2025 DEMI KEADILAN BERDASARKAN KETUHANAN YANG M,2017,Pajak Penghasilan,Mengabulkan sebagian,transfer pricing,8,"26,27,36,56,62,68,102,104",8,115,...iperuntukkan untuk memberikan nilai tambah/ manfaat terhadap afiliasinya; bahwa Pasal 7.2 dari OECD Transfer Pricing Guidelines for Multinational Enterprises and Tax Administrations (“Pedoman OECD”) tertanggal 22 Jul...
875,128242,PT GRAND BEST INDONESIA,PUT-014493.15/2022/PP/M.XIIA Tahun 2025 DEMI KEADILAN BERDASARKAN KETUHANAN YANG,2019,Pajak Penghasilan,Mengabulkan sebagian,transfer pricing,4,"31,36,51",3,77,"...Limited (GBL) sebesar Rp.5.729.088.942,- 1) Pemohon Banding sepakat dengan Pemeriksa memakai metode Transfer Pricing TNMM dengan ROTC sebagai Profit Level Indicator (PLI) sehingga didapatkan perhitungan ROTC wajib pa..."
876,128301,PT SUCDEN COFFEE INDONESIA,PUT-011705.15/2022/PP/M.XVIIIA Tahun 2025 DEMI KEADILAN BERDASARKAN KETUHANAN YA,2019,Pajak Penghasilan,Mengabulkan seluruhnya,transfer pricing,5,"26,27,37,56,66",5,97,"...bungan/ berkontrak dengan Nedcoffe BV Amsterdam Belanda: 2) bahwa Skema Transaksi berdasarkan data Transfer Pricing Documentations 2019 sebagai berikut: Halaman, 26-dari:97|halaman. PutusaniNomor PUT-011705.15/2022..."
877,128307,PT INTIBENUA PERKASATAMA,PUT-007889.15/2024/PP/M.IB Tahun 2025 DEMI KEADILAN BERDASARKAN KETUHANAN YANG M,2021,Pajak Penghasilan,-,transfer pricing,19,"9,44,53,81,88,112,113,116,128,144,145,147,151,153",14,162,"...unyai hubungan istimewa sehubungan dengan transaksi ekspor ke lcoF Singapura. Berdasarkan pengujian Transfer Pricing dengan menggunakan metode TNMM (Transactional Net Margin Method) , terdapat koreksi atas Return on..."
878,128344,PT INCASI RAYA,PUT-012579.15/2022/PP/M.IIA Tahun 2025 DEMI KEADILAN BERDASARKAN KETUHANAN YANG ,2019,Pajak Penghasilan,Mengabulkan sebagian,transfer pricing,1,171,1,175,"...a (PKKU) atas penghasilan bunga terkait, yang diterima Pemohon Banding dari pihak afiliasi (koreksi transfer pricing); 11. Bahwa berdasarkan Pasal 18 ayat (3) UU PPh, Pengadilan Pajak berpendapat besaran penghasilan..."
879,128346,PT INGREDION INDONESIA,PUT-013228.15/2022/PP/M.IIIB Tahun 2025,2019,Pajak Penghasilan,Mengabulkan seluruhnya,transfer pricing,2,"16,39",2,75,"...e functional analysis of the transaction. As a general rule, the tested party is the one to which a transfer pricing method can be applied in the most reliable manner and for which the most reliable comparables can b..."
880,128404,PT HET WAREN HUIS,PUT-009268.15/2023/PP/M.IIB Tahun 2025 DEMI KEADILAN BERDASARKAN KETUHANAN YANG ,2018,Pajak Penghasilan,Mengabulkan sebagian,transfer pricing,19,"12,29,46,78,85,95,96,120,122,134,135,137,150,151",14,171,"...ntara pihak yang tidak mempunyai Hubungan Istimewa yang menjadi pembanding.” d. Memperhatikan, OECD Transfer Pricing Guidelines for Multinational Enterprises and Tax Administration 2010, pada Par 1.5, yaitu: “Tax adm..."
881,128416,PT HET WAREN HUIS,PUT-009280.15/2023/PP /M.IIB Tahun 2025 DEMI KEADILAN BERDASARKAN KETUHANAN YANG,2019,Pajak Penghasilan,Menolak,transfer pricing,19,"7,25,38,56,65,66,83,84,86,99,100,109,110,111",14,122,"...d dalam ketentuan peraturan perundang-undangan di bidang perpajakan.”; e. bahwa memperhatikan, OECD Transfer Pricing Guidelines for Multinational Enterprises and Tax Administration 2010, pada Par 1.5, yaitu: “Tax adm..."
882,128424,PT HET WAREN HUIS,PUT-009288.15/2023/PP/M.IIB Tahun 2025 DEMI KEADILAN BERDASARKAN KETUHANAN YANG ,2020,Pajak Penghasilan,Menolak,transfer pricing,12,"7,34,42,53,54,56",6,66,"...dimaksud dalam ketentuan peraturan perundang-undangan di bidang perpajakan.” e. Memperhatikan, OECD Transfer Pricing Guidelines for Multinational Enterprises and Tax Administration 2010, pada Par 1.5, yaitu: “Tax adm..."
883,128441,PT HITACHI ASTEMO BEKASI POWERTRAIN SYSTEMS,PUT-003859.15/2024/PP/M.VIB Tahun 2025 DEMI KEADILAN BERDASARKAN KETUHANAN YANG ,2020,Pajak Penghasilan,Mengabulkan seluruhnya,transfer pricing,20,"9,12,15,26,31,38,45,47,58,61,72,83,92,98,112,115,116",17,121,...ksi atas Penyesuaian Fiskal Positif sebesar Rp36.136.313.219 dengan uraian sebagai berikut: Koreksi Transfer Pricing atas transaksi khusus berupa Pemanfaatan Harta Tidak Berwujud sebesar Rp36.136.313.219 a. Lampiran...
884,128442,PT HURLEY INDONESIA,PUT-001729.15/2023/PP/M.XIIIA Tahun 2025 DEMI KEADILAN BERDASARKAN KETUHANAN YAN,2019,Pajak Penghasilan,Mengabulkan sebagian,transfer pricing,2,"12,18",2,79,...an - Meneliti apakah terdapat pembandingatasjasa intra-grup serta mark up nya dan menerapkan metode transfer pricing yang paling sesuai dengan kondisidan fakta. • Metode-metode yang dapat digunakan dalam penilaian ke...
885,128549,PT JATIM AUTOCOMP INDONESIA,PUT-000352.15/2023/PP/M.XIIIA Tahun 2025 DEMI KEADILAN BERDASARKAN KETUHANAN YAN,2016,Pajak Penghasilan,Menolak,transfer pricing,41,"9,44,63,67,74,75,85,92,93,94,99,101,107,108,112,113,115,147,153,162,163,164,175,179,189,191,192,203,205,208",30,215,...an hal tersebut maka atribusi koreksi penerapan prinsip kewajaran dan kelaziman usaha dengan metode Transfer Pricing dengan Profit Level indicator (PLI) berupa Margin on Total Cost (MTC) adalah pada Penjualan ekspor...
886,128552,PT DAESANG AGUNG INDONESIA (d/h PT. JICO AGUNG),PUT-011763.15/2021/PP/M.XIVA Tahun 2025 DEMI KEADILAN BERDASARKAN KETUHANAN YANG,2018,Pajak Penghasilan,-,transfer pricing,14,"10,11,15,16,31,32,33,34",8,37,...erikut: 1) Pemohon Banding tidak setuju dengan koreksi Terbanding karena mempertimbangkan peraturan transfer pricing yang berlaku bahwa transaksi Pemohon Banding dengan Miwon sudah dianggap wajar dan tidak diperlukan...
887,128555,PT KARIMUN SEMBAWANG SHIPYARD,PUT-002664.15/2024/PP/M.VB Tahun 2025 DEMI KEADILAN BERDASARKAN KETUHANAN YANG M,2017,Pajak Penghasilan,-,transfer pricing,2,"19,26",2,32,...nding beserta lampirannya; h) Softcopy Audit Report Tahun 2017 Pemohon Banding; i) Softcopy Dokumen Transfer Pricing tahun 2017 Pemohon Banding; j) Softcopy General Ledger Tahun 2017 Pemohon Banding; k) Softcopy Stru...
888,128556,PT Komatsu Undercarriage Indonesia,PUT-013548.15/2022/PP/M.VA Tahun 2025 DEMI KEADILAN BERDASARKAN KETUHANAN YANG M,2019,Pajak Penghasilan,Mengabulkan seluruhnya,transfer pricing,23,"13,16,18,19,20,22,28,34,54,56,61,64,66,70,71,73",16,77,"...213 di atas, Paragraf 3.69 juga menyatakan sebagai berikut: 3.69 In some cases, taxpayers establish transfer pricing Documentation to demonstrate that they have made reasonable efforts to comply with the arm’s length..."
889,128642,PT. BALI EXTRACT UTAMA,PUT-012999.15/2022/PP/M.XIIIA Tahun 2025 DEMI KEADILAN BERDASARKAN KETUHANAN YAN,2016,Pajak Penghasilan,Mengabulkan seluruhnya,transfer pricing,14,"12,21,31,32,39,64,71,73",8,77,"...Istimewa; bahwa selanjutnya pada BAB 7 Penggunaan Pembanding Internal dan Eksternal dalam Analisis Transfer Pricing (Halaman 160) dalam bukunya Transfer Pricing Ide, Strategi dan Panduan Praktis dalam Perspektif Paj..."
890,128651,PT. Siak Prima Sakti,PUT-004621.15/2024/PP/M.XXB Tahun 2025 PT. Siak Prima Sakti,2021,Pajak Penghasilan,Mengabulkan seluruhnya,transfer pricing,13,"11,14,17,18,19,34,35,59,60,61",10,66,"...Usaha.” Pasal 2 (1) ""Peraturan Direktur Jenderal Pajak ini berlaku untuk Penentuan Harga Transfer (Transfer Pricing) atas transaksi yang dilakukan Wajib Pajak Dalam Negeri atau Bentuk Usaha Tetap di Indonesia dengan..."
891,128654,PT TELEN,PUT-002125.15/2021/PP/M.XIB Tahun 2025 DEMI KEADILAN BERDASARKAN KETUHANAN YANG ,2014,-,Mengabulkan sebagian,transfer pricing,1,113,1,126,...-32/2011) Pasal 2 (1) Peraturan Direktur Jenderal Pajak ini berlaku untuk Penentuan Harga Transfer (Transfer Pricing) atas transaksi yang dilakukan Wajib Pajak Dalam Negeri atau Bentuk Usaha Tetap di Indonesia dengan...
892,128702,PT. FUJI ELECTRIC INDONESIA,PUT-003461.15/2022/PP/M.IA Tahun 2025 DEMI KEADILAN BERDASARKAN KETUHANAN YANG M,-,Pajak Penghasilan,Mengabulkan sebagian,transfer pricing,8,"28,42,46,50,54,61,62",7,68,...n dokumen PEB terdapat Penjualan yang belum dilaporkan oleh Wajib Pajak. bahwa berdasarkan dokumen Transfer Pricing diketahui bahwa-terdapat skema Penjualan ke pihak afiliasi Luar Negeri. Dasar Hukum: - Pasal 4 ayat...
893,128704,PT SCANCOM INDONESIA,PUT-003821.15/2021/PP/M.XA Tahun 2025 DEMI KEADILAN BERDASARKAN KETUHANAN YANG M,2017,Pajak Penghasilan,-,transfer pricing,17,"10,21,29,36,39,40,42,45,50,53,61,63,70",13,75,"...prinsip ex ante Terbanding menggunakan tahun 2014, 2015 dan 2016, Menurut Pemohon Banding: bahwa Transfer Pricing Document Pemohon Banding telah sesuai dengan ketentuan “ Pasal “3- ayat (2) Peraturan Menteri Keuan..."
894,128726,PT..BALARAJA BISCO PALOMA,PUT-004980.15/2024/PP/M.VIIIB Tahun 2025 DEMI KEADILAN BERDASARKAN KETUHANAN YAN,2021,Pajak Penghasilan,Mengabulkan seluruhnya,transfer pricing,4,"17,40,45",3,67,"...piran 3A terkait hubungan istimewa dan transaksinya. Pemohon Banding juga tidak melampirkan Dokumen Transfer Pricing. Berdasarkan ketentuan Pasal 2 PMK-213/PMK-03/2016, Pemohon Banding tidak termasuk yang berkewajiba..."
895,128758,PT INDO SAWIT KEKAL,PUT-009987.15/2022/PP/M.IVA Tahun 2025 DEMI KEADILAN BERDASARKAN KETUHANAN YANG ,2018,Pajak Penghasilan,Mengabulkan sebagian,transfer pricing,19,"23,25,26,31,34,38,40,46,56,63,71,75,77,95,102,105,124",17,230,...internal atau eksternal yang dianggap menguntungkan bagi Terbanding sebagaimana tercantum dalam UN Transfer Pricing Manual 2011 chapter 7 paragraf 3.9 dijelaskan sebagai berikut: “It is frequently not possible to ob...
896,128809,PT JOHAN SENTOSA,PUT-010040.15/2021/PP/M.XVIIIA Tahun 2025 DEMI KEADILAN BERDASARKAN KETUHANAN YA,2018,Pajak Penghasilan,Mengabulkan sebagian,transfer pricing,11,"20,28,35,48,77,81,90,92,93,114,116",11,131,...Hubungan Istimewa yang dijadikan sebagai pembanding. Pasal 1 ayat (5) Penentuan Harga Transfer atau Transfer Pricing yang selanjutnya disebut Penentuan Harga Transfer adalah penentuan harga dalam Transaksi Afiliasi....
897,128849,PT COCA COLA INDONESIA,PUT-010143.15/2023/PP/M.XIIB Tahun 2025 DEMI KEADILAN BERDASARKAN KETUHANAN YANG,2020,-,Menolak,transfer pricing,4,"86,127",2,131,"...2021, dan 2022; Bukti P-24 Surat Pemberitahuan Hasil Pemeriksaan Tahun Pajak 2020 CCDI; Bukti P-25 Transfer Pricing Documentation Local File – Manufacturing Activities PT Coca-Cola Indonesia Tahun Pajak 2020; Bukti..."
898,128903,PT HONDA TRADING INDONESIA,PUT-008030.15/2024/PP/M.XA Tahun 2025 DEMI KEADILAN BERDASARKAN KETUHANAN YANG M,2021,Pajak Penghasilan,Mengabulkan seluruhnya,transfer pricing,29,"8,9,10,13,28,30,37,49,50,51,54,56,57,59,61,62,64,67,71,72",20,78,"...peredaran usaha sebesar USD 1.663.772,- berasal dari pengujian kewajaran penentuan harga atau laba (Transfer Pricing) yang bersumber dari segmen sparepart (part-export); b. Pemeriksa melakukan pengujian laporan keuan..."
899,128910,PT Pradha Mas Hotel,PUT-008056.15/2024/PP/M.XIVA Tahun 2025 DEMI KEADILAN BERDASARKAN KETUHANAN YANG,2020,Pajak Penghasilan,-,transfer pricing,2,"30,31",2,43,...PPh. Pemohon Banding juga mengacu pada prinsip kewajaran (arm's length principle) dan pedoman OECD Transfer Pricing Guidelines. Hal ini menunjukkan adanya perbedaan interpretasi mengenai sifat transaksi dan bagaiman...
900,128918,PT. ANIXTER INDONESIA,PUT-008065.15/2024/PP/M.VA Tahun 2025 DEMI KEADILAN BERDASARKAN KETUHANAN YANG M,2021,Pajak Penghasilan,Mengabulkan seluruhnya,transfer pricing,2,15,1,36,"...kopi perjanjian “Business Licensing Agreement"" beserta terjemahan tersumpahnya Bukti P-20. Fotokopi Transfer Pricing Document (Local File) PT Anixter Indonesia tahun 2021 Bukti P-21. Fotokopi Transfer Pricing Documen..."
901,128926,PT. CHUHATSU INDONESIA,PUT-008077.15/2024/PP/M.XVB Tahun 2025 DEMI KEADILAN BERDASARKAN KETUHANAN YANG ,2021,Pajak Penghasilan,Mengabulkan sebagian,transfer pricing,21,"11,12,13,23,24,26,27,55,65,66,68,69,75,80,82",15,85,...n Terbanding dalam menjadi tidak tepat dan patut diragukan kebenarannya; bahwa dalam hal penelitian transfer pricing maka pemahaman atas fakta yang mendalam sangat diperlukan sehingga analisis yang diperoleh telah di...
902,128930,PT. CHUHATSU INDONESIA,PUT-008083.35/2024/PP/M.XVB Tahun 2025 DEMI KEADILAN BERDASARKAN KETUHANAN YANG ,-,Pajak Penghasilan,Mengabulkan sebagian,transfer pricing,18,"11,13,23,24,26,27,35,43,54,55,57,58,64",13,71,...njut perlu Pemohon Banding sampaikan kepada Majelis Hakim yang terhormat bahwa dalam hal penelitian transfer pricing maka pemahaman atas fakta yang mendalam sangat diperlukan sehingga analisis yang diperoleh telah di...
903,128944,PT ASPHALT BANGUN SARANA,PUT-008098.15/2024/PP/M.VA Tahun 2025 DEMI KEADILAN BERDASARKAN KETUHANAN YANG M,2021,Pajak Penghasilan,Mengabulkan seluruhnya,transfer pricing,31,"7,13,14,15,17,18,27,29,31,32,33,34,35,44,45,48,50,55,59",19,64,"...Afiliasi Pemohon Banding bahwa dalam melakukan analisis terkait dengan sengketa perpajakan mengenai transfer pricing, diperlukan pemahaman fakta dan kondisi yang mendalam untuk memperoleh data dan/atau informasi yang..."
904,128945,PT WILMAR BIOENERGI INDONESIA,PUT-008099.15/2020/PP/M.IIB Tahun 2025 DEMI KEADILAN BERDASARKAN KETUHANAN YANG ,2017,-,Mengabulkan sebagian,transfer pricing,14,"6,7,19,25,27,34,36,56,62",9,77,...yang dilakukan dengan perusahaan afiliasi di luar negeri. Sedangkan apabila benar terdapat/terjadi transfer pricing dalam transaksi yang dilakukan dengan perusahaan afiliasi dalam negeri pada dasarnya potensi kerugi...
905,128952,PT DAI-ICHI KIMIA RAYA,PUT-008144.15/2024/PP/M.IVA Tahun 2025,2021,Pajak Penghasilan,-,transfer pricing,8,"8,9,18,37,44,45,49",7,64,...ahwa tim Terbanding melakukan koreksi atas Peredaran Usaha sebesar $266.100 dengan adanya transaksi Transfer Pricing yang menurut Terbanding terdapat Penjualan Ekspor yang belum dilaporkan oleh Pemohon Banding; Dasar...
906,128967,PT Jatim Autocomp Indonesia,PUT-008159.15/2024/PP/M.XIVA Tahun 2025 DEMI KEADILAN BERDASARKAN KETUHANAN YANG,2021,Pajak Penghasilan,-,transfer pricing,17,"8,17,18,19,22,24,27,29,30,68",10,76,"...alam PER- 43/PJ/2010 s.t.d.t.d. PER-32/PJ/2011 serta panduan best practice internasional dalam OECD Transfer Pricing Guidelines 2022 (“OECD TPG 2022”); • Pasal 12 ayat (3) huruf b, c, d, dan e PMK-22/PMK.03/2020 menj..."
907,128971,PT MAVENIR SYSTEMS INDONESIA (D/H PT ACISION INDONESIA),PUT-008205.15/2023/PP/M.VIA Tahun 2025 DEMI KEADILAN BERDASARKAN KETUHANAN YANG ,2018,Pajak Penghasilan,Menolak,transfer pricing,5,"25,28,30,32",4,36,"...an bukti pembayaran/pengakuan hutang atas transaksi tersebut; bahwa koreksi HPP adalah koreksi atas Transfer Pricing Cost – Mavenir System Ltd (UK) sebesar Rp71.594.127.419,00 berdasarkan data transaksi pada buku bes..."
908,128994,PT HEVEA MK,PUT-008263.15/2023/PP/M.XB Tahun 2025 DEMI KEADILAN BERDASARKAN KETUHANAN YANG M,2020,Pajak Penghasilan,Mengabulkan sebagian,transfer pricing,26,"15,17,18,19,20,21,24,28,29,39,43,82,84,88,89,92,94",17,106,...n Istimewa Pasal 2 1) Peraturan Direktur Jenderal Pajak ini berlaku untuk Penentuan Harga Transfer (Transfer Pricing) atas transaksi yang dilakukan Wajib Pajak Dalam Negeri atau Bentuk Usaha Tetap di Indonesia dengan...
909,129085,PT 3M Indonesia,PUT-001041.15/2024/PP/M.XXB Tahun 2025,2020,Pajak Penghasilan,Mengabulkan sebagian,transfer pricing,7,"14,18,31,61,65,79",6,101,"...ukan evaluasi ketersediaan data pembanding yang andal: ""Salah satu hal penting dalam memilih metode transfer pricing adalah ketersediaan pembanding independen yang andal. Tujuan tahapan ini adalah untuk memastikan ke..."
910,129086,PT GIVAUDAN INDONESIA,PUT-007843.15/2024/PP/M.XVIIIA Tahun 2025 DEMI KEADILAN BERDASARKAN KETUHANAN YA,2021,-,-,transfer pricing,72,"13,45,49,50,58,60,61,62,66,79,81,85,88,100,102,127,169,178,189,197,201,204,207,220,224,227,229,232,233,234,237,239,240,241,246,247,251,252,253,254,255,256,262",43,266,"...rhasilan dalam lndustri F&F adalah pemahaman konsumen sebagaimana Pemohon Band.ing sampa.ikan dalam Transfer Pricing Master File Givaudan Tahun 2021 halaman 26: ""The F&F industry is a business to business (828) indus..."
911,129110,PT..BALARAJA BISCO PALOMA,PUT-004980.15/2024/PP/M.VIIIB Tahun 2025 DEMI KEADILAN BERDASARKAN KETUHANAN YAN,2021,Pajak Penghasilan,Mengabulkan seluruhnya,transfer pricing,4,"17,40,45",3,67,"...piran 3A terkait hubungan istimewa dan transaksinya. Pemohon Banding juga tidak melampirkan Dokumen Transfer Pricing. Berdasarkan ketentuan Pasal 2 PMK-213/PMK-03/2016, Pemohon Banding tidak termasuk yang berkewajiba..."
912,129139,PT ANEKA BUMI PRATAMA,PUT-007241.15/2024/PP/M.XVA Tahun 2025 DEMI KEADILAN BERDASARKAN KETUHANAN YANG ,2021,Pajak Penghasilan,Mengabulkan seluruhnya,transfer pricing,1,24,1,39,"...gan Istimewa yang dijadikan sebagai pembanding,” b) Pasal 1 angka 5: “Penentuan Harga Transfer atau Transfer Pricing yang selanjutnya disebut Penentuan Harga Transfer adalah penentuan harga dalam Transaksi Afiliasi”..."
913,129140,PT ANEKA BUMI PRATAMA,PUT-007241.15/2024/PP/M.XVA Tahun 2025 DEMI KEADILAN BERDASARKAN KETUHANAN YANG ,2021,Pajak Penghasilan,Mengabulkan seluruhnya,transfer pricing,1,24,1,39,"...gan Istimewa yang dijadikan sebagai pembanding,” b) Pasal 1 angka 5: “Penentuan Harga Transfer atau Transfer Pricing yang selanjutnya disebut Penentuan Harga Transfer adalah penentuan harga dalam Transaksi Afiliasi”..."
914,129347,PT YOSHINO INDONESIA,PUT-003996.15/2024/PP/M.XA Tahun 2025 DEMI KEADILAN BERDASARKAN KETUHANAN YANG M,2018,Pajak Penghasilan,Mengabulkan seluruhnya,transfer pricing,29,"6,7,8,9,12,13,41,45,50,52,56,60,61,62",14,67,...ahwa kinerja rasio Full Cost Mark Up (FCMU) perusahaan pembanding untuk Tahun 2015-2017 berdasarkan Transfer Pricing Document Pemohon Banding adalah sebagai berikut : bahwa dari tabel di atas dapat dilihat bahwa FCMU...
915,129360,PT Global Mitra Surya,PUT-004015.15/2024/PP/M.XIVA Tahun 2025 DEMI KEADILAN BERDASARKAN KETUHANAN YANG,2021,-,-,transfer pricing,4,"9,35",2,41,"...jib Pajak terkait hubungan istimewa dengan lawan transaksinya; Sumber: Bab II - Tahapan Pemeriksaan Transfer Pricing PER-22 d. Selanjutnya, jika benar terdapat hubungan istimewa, Terbanding seharusnya menentukan kara..."
916,129368,PT Mitsui Chemicals Polyurethanes Indonesia,PUT-004023.15/2024/PP/M.XIIA Tahun 2025 DEMI KEADILAN BERDASARKAN KETUHANAN YANG,2021,Pajak Penghasilan,Mengabulkan seluruhnya,transfer pricing,12,"7,8,9,12,13,16",6,43,"...tepat; bahwa Pemohon Banding mengacu kepada Bab II, poin B mengenai Tahapan Pelaksanaan Pemeriksaan Transfer Pricing, nomer 2 mengenai Memilih Metode Transfer Pricing, atas Surat Edaran Direktur Jenderal Pajak No. SE..."
917,129423,BUT Deutsche Bank AG,PUT-004097.15/2022/PP/M.IB Tahun 2025 DEMI KEADILAN BERDASARKAN KETUHANAN YANG M,2016,Pajak Penghasilan,Mengabulkan sebagian,transfer pricing,3,"75,96,100",3,114,...; 4. Terkait dengan Liqudity Charges Pemohon Banding menyampaikan dokumen berupa sebagai berikut: - Transfer Pricing Report Treasury Funding Costs - Agreement for Allocation of Treasury Term Funding Costs - Liquidity...
918,129426,BUT Deutsche Bank AG,PUT-004099.15/2022/PP/M.IB Tahun 2025 DEMI KEADILAN BERDASARKAN KETUHANAN YANG M,2019,Pajak Penghasilan,Mengabulkan seluruhnya,transfer pricing,2,"57,62",2,71,"..., rincian perhitungan alokasi biaya, sampel invoice biaya antar cabang, dokumentasi harga transfer (Transfer Pricing Documentation) Tahun Pajak 2019, serta laporan keuangan konsolidasi Deutsche Bank AG Frankfurt yang..."
919,129461,-,PUT-004152.15/2024/PP/M.IA Tahun 2025 DEMI KEADILAN BERDASARKAN KETUHANAN YANG M,2019,Pajak Penghasilan,Mengabulkan sebagian,transfer pricing,11,"21,42,45,46,47,59,87,90",8,99,"...yang maksimal serta menentukan pilihan yang paling menguntungkan. Hal tersebut dinyatakan oleh ahli transfer pricing Siddharth Parekh, The Concept of “Options Realistically Available” under the OECD Transfer Pricing..."
920,129494,PT Han Sung Electronics Indonesia,PUT-004187.15/2024/PP/M.XIB Tahun 2025 DEMI KEADILAN BERDASARKAN KETUHANAN YANG ,2021,Pajak Penghasilan,Mengabulkan sebagian,transfer pricing,4,"77,80",2,98,...ng tersedia pada saat transaksi dilakukan” bahwa istilah ex ante ditemukan dalam paragrap 3.69 OECD Transfer Pricing Guidelines for Multinational Enterprises amd Tax Administrations (TPG) 2017 yang tertulis dengan fr...
921,129495,PT YONG MA ELECTRONICS,PUT-004212.15/2023/PP/M.IIIB Tahun 2025,2017,Pajak Penghasilan,Mengabulkan seluruhnya,transfer pricing,46,"7,8,9,10,11,14,15,16,22,23,24,25,26,28,29,30,31,32,36,37,40,43,44,56,57,60,64",27,71,"...dasarkan surat perjanjian antara PT Yong Ma Electronics dengan Yong Ma Electronics Co. Ltd, dokumen Transfer Pricing, Analisa Fungsi, Aset dan Resiko adalah Biaya yang sebagian besar menjadi tanggung jawab Yong Ma El..."
922,129524,PT Sumalindo Hutani Jaya,PUT-004302.15/2024/PP/M.XIVB Tahun 2025,2021,Pajak Penghasilan,Mengabulkan seluruhnya,transfer pricing,2,29,1,32,...uan dari pengaturan Pasal 18 ayat (3) UU PPh adalah untuk mencegah penghindaran pajak melalui skema transfer pricing. Namun selama persidangan Terbanding tidak dapat membuktikan adanya penghindaran pajak atau setidak...
923,129527,PT DAIWABO SHEETEC INDONESIA,PUT-004314.15/2024/PP/M.XIIA Tahun 2025 DEMI KEADILAN BERDASARKAN KETUHANAN YANG,2021,-,Mengabulkan seluruhnya,transfer pricing,25,"7,21,47,48,51,53,56,57,58,59,61,62,63,65,69,70",16,72,...ng telah menyusun Laporan Penetapan Harga Transfer berupa Dokumen Lokal untuk tahun pajak 2021 atau Transfer Pricing Documentation (selanjutnya disebut sebagai “TP Doc”) sebagaimana diatur dalam Peraturan Menteri Keu...
924,129604,PT SAKAE RIKEN INDONESIA,PUT-008253.15/2021/PP/M.XVIIIB Tahun 2025,2018,Pajak Penghasilan,Mengabulkan seluruhnya,transfer pricing,2,"117,134",2,151,.... Analisa kesebandingan untuk menentukan penghasilan dan beban I dengan menggunakan berbagai metode Transfer Pricing; b. Pengaturan mengenai kemungkinan terdapat penyertaan modal secara terselubung. UU Pph memberikan...
925,129605,PT TOKYO ZAIRYO INDONESIA,PUT-014113.15/2020/PP/M.XIA Tahun 2025 DEMI KEADILAN BERDASARKAN KETUHANAN YANG ,2017,Pajak Penghasilan,Mengabulkan sebagian,transfer pricing,17,"11,13,43,46,47,52,53,67,68,77,85,89",12,95,"Dalam penerapan TNMM, OECD Transfer Pricing Guidelines paragraf 2.68 telah menyebutkan: ""net profit indicators (e.g. Return on assets, operatin..."
926,129607,PT HALLIBURTON DRILLING SYSTEMS INDONESIA,PUT000387.15/2022/PP,2018,Pajak Penghasilan,-,transfer pricing,7,"30,31,101,121",4,143,"...suatu transak§i afiliasi harus didasarkan pada pelaksanaan suatu analisis dengan menggunakan metode transfer pricing yaitu metode perbandingan harga antara pihak yang independen, metode harga penj.ualan kembali, meto..."
927,129613,PT INDORAMA VENTURES INDONESIA,PUT-000925.15/2022/PP/M.VlllB Tahun 2025 DEMI KEADILAN BERDASARKAN KETUHANAN YAN,2017,Pajak Penghasilan,-,transfer pricing,6,"6,15,26,30,73,80",6,90,...2 PER-32/PJrml 1 (1) Peraturan Direktur Jenderal Pajak ini beriaku untuk Penentuan Harga Transfer ITransfer pricing) atas transaksi yang dilakukan Wajib Paifak Dalam Negeri atau Bentuk Usaha Tetap di Indonesia denga...
928,129618,PT ELECTROLUX INDONESIA,PUT-006921.15/2022/PP/M.XB Tahun 2025 DEMI KEADILAN BERDASARKAN KETUHANAN YANG M,2018,Pajak Penghasilan,-,transfer pricing,1,17,1,107,"dalElm Paragrat 7.2 0EC;D Transfer Pricing Guidelines for Multinational Enterpn.ses and Tax Administrations (""OECD Gut.de/+.nes "") sebagai ber..."
929,129622,PT SAWIT JAMBI LESTARl,PUT-007614.15/2023/PP/M.VII IA Tahun 2025 DEMI KEADILAN BERDASARKAN KETUHANAN YA,2020,PPN,-,transfer pricing,6,"19,39,73,79",4,161,"...pertyualan kembali, metode biaya-plus, afau metede lainnya."" Lampiran I Bab 11, Tahapan Pemeriksaan Transfer Pricing: ""8. Tahapan Pelaksanaan Pemeriksaan Transfer Pricing 7. Apabila Wajib Pajak memilikj transaksi afi..."
930,129634,PT GLOBAL AMINES INDONESIA,PUT-007866.15/2024/PP/M.XB Tahun 2025 DEM,2021,Pajak Penghasilan,-,transfer pricing,2,"22,69",2,106,"...ansaksi yang diuji tersebut; Paragraf 3.55 dari Pedoman OECD 2017 menyatakan: . . .However, because transfer pricing is not an exact science, there will also be many occasions when the application of the most appropr..."
931,129641,PT HALLIBURTON DRILLING SYSTEM INDONESIA,-,2019,Pajak Penghasilan,Mengabulkan seluruhnya,transfer pricing,13,"23,24,94,96,97,101",6,146,"...Pemohon Banding Yang Mempunyai Hubungan lstimewa (PER-22). Pada Bab 11 tentang Tahapan Pemeriksaan Transfer Pricing, huruf a tentang Tahapan Pelaksanaan Pemeriksaan, angka 3 tentang Menerapkan Prinsip J Kewajaran da..."
932,129657,PT RESONAC MATERIALS INDONESIA (d.h PT SHOWA DENKO,PUT-005809.15/2022/PP/M.XVB Tahun 2025 DEMI KEADILAN BERDASARKAN KETUHANAN YANG ,2018,Pajak Penghasilan,Mengabulkan sebagian,transfer pricing,9,"11,12,23,24,57,68,70,89,98",9,107,*)Berdasarkan Transfer Pricing Dokumen halaman 64. Mengacu pada Pasal 4(1) PER-43 (sebagaimana diubah terakhir oleh PER-32) transa...
933,129674,PT LEADERS WORLD,PUT-005842.15/2023/PP/M.VB Tahun 2025 DEMI KEADILAN BERDASARKAN KETUHANAN YANG M,2020,Pajak Penghasilan,Mengabulkan sebagian,transfer pricing,34,"8,10,11,14,15,17,19,20,21,23,50,51,52,56,57,59,60,61",18,65,...itif atas kewajaran harga/laba Peredaran Usaha atas Penjualan Ekspor. Pengujian Transaksi Afiliasi (Transfer Pricing) Langkah pengujian sesuai yang dituangkan dalam SPHP- 00090/WPJ.07/KP.0504/RIK.SIS/2022 tanggal 1 M...
934,129704,PT IPC INFORMATION SYSTEMS INDONESIA,PUT-005942.15/2021/PP/M.VIA Tahun 2025 DEMI KEADILAN BERDASARKAN KETUHANAN YANG ,2017,Pajak Penghasilan,Mengabulkan sebagian,transfer pricing,1,70,1,77,"...an usaha (arm’s length principle) sebagaimana diatur dalam UU PPh dan juga yang dipahami dalam OECD Transfer Pricing Guidelines, menghendaki agar transaksi antara pihak-pihak yang mempunyai hubungan istimewa dilakuka..."
935,129707,PT Wyeth Nutrition Sduaenam,PUT-005961.15/2024/PP/M.XIB Tahun 2025 DEMI KEADILAN BERDASARKAN KETUHANAN YANG ,2019,Pajak Penghasilan,Mengabulkan sebagian,transfer pricing,8,"8,15,16,18",4,43,"...ikan bahwa sesuai dengan Perjanjian Distribusi serta analisa yang didokumentasikan pada Dokumentasi Transfer Pricing tahun pajak 2019, merupakan distributor dengan guaranteed margin untuk menjamin profitabilitas Pemo..."
936,129725,PT SCSK Global Indonesia,PUT-005980.15/2024/PP/M.VB Tahun 2025 DEMI KEADILAN BERDASARKAN KETUHANAN YANG M,2021,Pajak Penghasilan,-,transfer pricing,31,"10,11,12,13,14,15,16,17,20,22,26,32,33,45,50,51,52,65,68,69",20,73,...ngan total biaya) karena metode ini lebih tepat untuk perusahaan jasa; 3. bahwa berdasarkan Dokumen Transfer Pricing yang dibuat oleh KPMG diketahui rata-rata tertimbang tiga tahun NCPM yang Halaman 10 dari 73 halama...
937,129747,PT KHOTAI MAKMUR INSAN ABADI,PUT-004346.15/2023/PP/M.XVIIIA Tahun 2025 DEMI KEADILAN BERDASARKAN KETUHANAN YA,2020,-,Menolak,transfer pricing,1,27,1,42,"...ngkan dalam Surat Perjanjian dan Surat Perjanjian Utang tersebut pun menjadi lampiran dalam Dokumen Transfer Pricing (TP Doc), oleh karenanya hal ini bukanlah sesuatu yang disembunyikan oleh Pemohon Banding; 4) bahwa..."
938,129749,PT INTERVET INDONESIA,PUT-004364.15/2024/PP/M.XA Tahun 2025 DEMI KEADILAN BERDASARKAN KETUHANAN YANG M,2021,Pajak Penghasilan,Mengabulkan seluruhnya,transfer pricing,20,"17,19,26,28,37,41,42,50,54,57,58,59,60",13,65,"...n sebesar Rp2.465.394.893,00 b) Koreksi dilakukan dengan penjelasan: 1) Berdasarkan hasil pengujian Transfer Pricing transaksi afiliasi atas pembelian, diperoleh data pembelian yang berbeda dengan yang dilaporkan dal..."
939,129764,PT Misumi Indonesia,PUT-004378.15/2021/PP/M.XIVB Tahun 2025,2017,Pajak Penghasilan,Mengabulkan seluruhnya,transfer pricing,22,"6,7,8,9,10,23,27,28,29,30,39,40,45,46,48,51,53,54",18,74,...berapa tahun konsisten dengan peraturan Indonesia dan juga dengan pedoman yang digunakan dalam OECD Transfer Pricing Guidelines for Multinational Enterprises and Tax Administrations (“OECD Guidelines”). Halaman 6 dar...
940,129773,PT WAWASAN KEBUN NUSANTARA,PUT-004387.15/2024/PP/M.IVA Tahun 2025 DEMI KEADILAN BERDASARKAN KETUHANAN YANG ,2018,Pajak Penghasilan,Mengabulkan seluruhnya,transfer pricing,1,26,1,55,"...eriksaan Terhadap Wajib Pajak Yang Mempunyai Hubungan Istimewa yang selanjutnya disebut Pemeriksaan transfer pricing” Lampiran I, Bab IV huruf C “Penerapan Prinsip Kewajaran dan Kelaziman Usaha atas Transaksi Pembaya..."
941,129774,PT KIRANA MUSI PERSADA,PUT-004388.15/2024/PP/M.XVA Tahun 2025 DEMI KEADILAN BERDASARKAN KETUHANAN YANG ,2021,Pajak Penghasilan,Mengabulkan sebagian,transfer pricing,3,"14,25,98",3,130,...1. Pokok Sengketa Pokok Koreksi Peredaran Usaha bahwa Pemohon Banding tidak setuju terhadap koreksi transfer pricing pada Pos Peredaran Usaha atas Penjualan SIR-20 Pemohon Banding kepada Archipelago Rubber Trading Pt...
942,129792,PT INDONESIA TOPPAN PRINTING,PUT-004426.15/2022/PP/M.VA Tahun 2025 DEMI KEADILAN BERDASARKAN KETUHANAN YANG M,2018,Pajak Penghasilan,Mengabulkan sebagian,transfer pricing,11,"14,15,37,54,60,61,62",7,72,"...arkan Peraturan Menteri Keuangan PMK-213/2016, Pasal 3 ayat (1) menyatakan sebagai berikut: Dokumen Transfer Pricing sebagaimana disebutkan dalam Pasal 2 ayat (1) huruf a dan huruf b, wajib diselenggarakan berdasarka..."
943,130275,PT CLADTEK BI METAL MANUFACTURING,PUT-008707.15/2024/PP/M.XXA Tahun 2025 DEMI KEADILAN BERDASARKAN KETUHANAN YANG ,2021,Pajak Penghasilan,Mengabulkan sebagian,transfer pricing,6,"28,47,48,82,83,99",6,107,"...s rentang interkuartil perusahaan pembanding sehingga tidak menimbulkan kerugian dari sudut pandang transfer pricing di Indonesia. Berdasarkan penjelasan di atas, dalam penyusunan laporan keuangan tersegmentasi, Pemo..."
944,130278,PT TOKAI TEXPRINT INDONESIA,PUT-008711.15/2023/PP/M.VA Tahun 2025 DEMI KEADILAN BERDASARKAN KETUHANAN YANG M,2020,Pajak Penghasilan,Mengabulkan sebagian,transfer pricing,9,"5,6,30,38,40,45,47",7,61,...a rincian koreksi dari Terbanding adalah terdiri dari poin-poin koreksi sebagai berikut: 1. Koreksi Transfer Pricing metode CUP dengan nilai sebesar Rp4.389.756.172; 2. Koreksi atas pengujian arus piutang sebesar Rp1...
945,130288,PT AT INDONESIA,PUT-008723.15/2023/PP/M.XIIIB Tahun 2025 DEMI KEADILAN BERDASARKAN KETUHANAN YAN,2020,-,Mengabulkan seluruhnya,transfer pricing,42,"44,45,46,47,48,49,51,52,57,61,62,63,65,66,67",15,97,"...wa (selanjutnya disebut dengan “SE-50/2013”): “Pada praktiknya, penyelesaian atas kasus pemeriksaan transfer pricing sangat tergantung dengan fakta dan kondisi Halaman 44 dari 97 halaman. Putusan Nomor PUT-008723.15/..."
946,130289,PT AT INDONESIA,PUT-008724.13/2023/PP/M.XIIIB Tahun 2025 DEMI KEADILAN BERDASARKAN KETUHANAN YAN,-,Pajak Penghasilan,Mengabulkan seluruhnya,transfer pricing,42,"45,46,47,48,49,51,52,58,61,62,63,64,65,66,67,68",16,92,"...wa (selanjutnya disebut dengan “SE-50/2013”): “Pada praktiknya, penyelesaian atas kasus pemeriksaan transfer pricing sangat tergantung dengan fakta dan kondisi yang ada di lapangan. Oleh karena itu, Pemeriksa Pajak h..."
947,130291,PT CASTROL MANUFACTURING INDONESIA,PUT-008737.15/2024/PP/M.VB Tahun 2025 DEMI KEADILAN BERDASARKAN KETUHANAN YANG M,2021,Pajak Penghasilan,-,transfer pricing,9,"7,12,17,23,27,28,29,30",8,34,"...nesia (CI) yang menjadi objek sengketa ini, hal tersebut sebagaimana yang tertuang di dalam laporan Transfer Pricing Documentation yang dibuat oleh konsultan external yang memiliki reputasi internasional yaitu Ernst..."
948,130295,PT YAMAHA MOTOR PARTS MANUFACTURING INDONESIA,PUT-008743.15/2024/PP/M.IXA Tahun 2025 DEMI KEADILAN BERDASARKAN KETUHANAN YANG ,2018,Pajak Penghasilan,Menolak,transfer pricing,29,"11,15,17,20,21,24,34,49,68,71,83,87,89,92,95,105,119",17,164,"...J/2013 g) Surat Direktur Pemeriksaan dan Penagihan Nomor S-153/PJ.04/ 2010 h) SE-50/PJ/2013 i) OECD Transfer Pricing Guidelines Chapter VI: Intangible Property bahwa berdasarkan Pasal 12 ayat (3), Pasal 29 ayat (1),..."
949,130296,PT Smelting,PUT-008746.15/2023/PP/M.IA Tahun 2025 DEMI KEADILAN BERDASARKAN KETUHANAN YANG M,2017,Pajak Penghasilan,Mengabulkan sebagian,transfer pricing,25,"11,84,92,96,168,194,269,271,285,296,299,301,305,306,331,335,342",17,348,"...apan Ltd 0,00 905.640,00 905.640,00 Jx Nippon Mining & Metal Corporation 0,00 251.723,00 251.723,00 Transfer Pricing SelngComm/AGENCY COST 0,00 2.935.692,00 2.935.692,00 Mistsubishi Materials Corporation SrvcContr/OF..."
950,130337,PT Duta Indah Abadi,PUT-008792.15/2023/PP/M.IA Tahun 2025 DEMI KEADILAN BERDASARKAN KETUHANAN YANG M,2018,Pajak Penghasilan,Menolak,transfer pricing,1,34,1,75,...an koreksi kelaziman usaha yang disampaikan oleh pemeriksa tidak dilengkapi dengan dokumen analisis transfer pricing terkait kelaziman usaha serta tidak dapat dibuktikan terdapat hubungan istimewa antara Pemohon Band...
951,130364,-,PUT-008826.15/2023/PP/M.IIIA Tahun 2025 DEMI KEADILAN BERDASARKAN KETUHANAN YANG,2020,Pajak Penghasilan,Mengabulkan seluruhnya,transfer pricing,4,"50,53,70",3,82,Bukti P-54. Transfer Pricing review of IT Service cost charged by Hunting U.S. Holding Inc. Bukti P-55. Terjemahan atas Transfer...
952,130372,-,PUT-008845.15/2023/PP/M.IIIA Tahun 2025 DEMI KEADILAN BERDASARKAN KETUHANAN YANG,2017,Pajak Penghasilan,Mengabulkan sebagian,transfer pricing,4,"72,75,76",3,99,"...aknai bahwa Peraturan Direktur Jenderal Pajak ini hanya berlaku dalam hal penentuan Harga Transfer (Transfer Pricing) atas transaksi untuk memanfaatkan Halaman 72 dari 99 halaman, Putusan Nomor PUT-008845.15/2023/PP/..."
953,130398,PT TSUCHIYA MANUFACTURING INDONESIA,PUT-008874.15/2023/PP/M.IIA Tahun 2025,2020,Pajak Penghasilan,Mengabulkan sebagian,transfer pricing,20,"8,9,12,13,23,30,33,34,40,41,47,54,55,61,65,71",16,78,...ernyataan Standar Akuntansi Keuangan (PSAK) No. 7 tentang Pengungkapan Pihak-Pihak Berelasi; - OECD Transfer Pricing Guideline - PER-23/PJ/2013 jo. SE-65/PJ/2013 Menurut Pemohon Banding bahwa Pemohon Banding tidak se...
954,130404,PT. Sadhana Arifnusa,PUT-008877.15/2023/PP/M.XIVA Tahun 2025 DEMI KEADILAN BERDASARKAN KETUHANAN YANG,2020,-,-,transfer pricing,1,26,1,32,"...gketa ini melibatkan penilaian harta berwujud, khususnya sewa gudang, dalam konteks harga transfer (transfer pricing) antara pihak afiliasi; Menimbang, bahwa Pemohon Banding tidak menyetujui koreksi ini karena Pemoho..."
955,130406,BUT. STANDARD CHARTERED BANK,PUT-009267.15/2024/PP/M.XIA Tahun 2025 DEMI KEADILAN BERDASARKAN KETUHANAN YANG ,2018,Pajak Penghasilan,Mengabulkan sebagian,transfer pricing,7,"31,32,35,82,86,88",6,109,"...tnya, interpretasi mengenai biaya alokasi yang wajar atau reasonable juga dijelaskan di dalam “OECD Transfer Pricing Guidelines for Multinational Enterprises and Tax Administration” tahun 1975 yang berbunyi sebagai b..."
956,130413,PT. BINA GUNA KIMIA,PUT-006062.15/2020/PP/M.XB Tahun 2025 DEMI KEADILAN BERDASARKAN KETUHANAN YANG M,2014,Pajak Penghasilan,Mengabulkan seluruhnya,transfer pricing,28,"5,6,7,11,12,13,14,15,17,23,25,26,29,33,38,39",16,46,...sisinya; bahwa hal ini juga disebutkan dalam Organisation for Economic Co-operation and Development Transfer Pricing Guidelines for Multinational Enterprises and Tax Administrations (“Pedoman OECD”) paragraf 3.3 dan...
957,130449,PT SURYA RENGO CONTAINERS,PUT-006144.15/2024/PP/M.VB Tahun 2025 DEMI KEADILAN BERDASARKAN KETUHANAN YANG M,2018,Pajak Penghasilan,-,transfer pricing,13,"22,23,83,136,177,178,180,182,183",9,186,...bukti terkait dengan dasar penghitungan biaya jasa teknik sebagaimana dijelaskan diatas; bahwa OECD Transfer Pricing Guidelines for Multinational Enterprises and Tax Administration (2017) paragraf: 1.119 ... the tran...
958,130472,PT AJEIndonesia,PUT-004801.15/2024/PP/M.XIIA Tahun 2025 DEMI KEADILAN BERDASARKAN KETUHANAN YANG,2020,Pajak Penghasilan,Mengabulkan seluruhnya,transfer pricing,3,"10,35,41",3,49,"...functional analysis of the transactions. As a general rule, the tested party is the one to Which a transfer pricing method can be applied in the most reliable manner ond for which the most reliable comparables can b..."
959,130481,PT Taisho Pharmaceutical Indonesia Tbk.,PUT-004821.15/2022/PP/M.XIVB Tahun 2025,2016,Pajak Penghasilan,Mengabulkan seluruhnya,transfer pricing,36,"10,11,12,15,18,19,23,28,31,37,40,41,44,45,46,48,50,54,55,58",20,61,...UU PPh - Pasal 18 ayat (4) UU KUP - Pasal 28 dan 29 UU KUP - PER-22/PJ/2013 - SE-50/PJ/2013 - OECD Transfer Pricing Guidelines Menurut Pemohon Banding Pemohon Banding tidak setuju dengan koreksi yang dilakukan oleh...
960,130488,PT KIRANA PERMATA,PUT-004829.15/2024/PP/M.VIA Tahun 2025 DEMI KEADILAN BERDASARKAN KETUHANAN YANG ,2021,Pajak Penghasilan,Mengabulkan sebagian,transfer pricing,1,18,1,81,"...hwa Terbanding melakukan koreksi atas peredaran usaha karena berdasarkan hasil pengujian ke dokumen transfer pricing (TP-Dok), terdapat penjualan ekspor yang belum dilaporkan oleh Pemohon Banding; Penjualan Export ke..."
961,130527,PT Letawa,PUT-004897.15/2021/PP/M.IIB Tahun 2025 DEMI KEADILAN BERDASARKAN KETUHANAN YANG ,2018,Pajak Penghasilan,Mengabulkan sebagian,transfer pricing,6,"27,105,106,107",4,115,...adalah transaksi yang dilakukan Wajib Pajak dengan Pihak Afiliasi. 5. Penentuan Harga Transfer atau Transfer Pricing yang selanjutnya disebut Penentuan Harga Transfer adalah penentuan harga dalam Transaksi Afiliasi....
962,130551,PT Guhring Indonesia,PUT-004924.15/2024/PP/M.XXA Tahun 2025 DEMI KEADILAN BERDASARKAN KETUHANAN YANG ,2021,Pajak Penghasilan,Menolak,transfer pricing,27,"6,7,8,9,11,12,14,15,18,21,22,24,27,32",14,39,"...g-Undang Pengadilan Pajak; II. Mengenai Pokok Sengketa dan Alasan Banding 1. Pokok Sengketa Koreksi Transfer pricing yang Dialokasikan Sebagai Koreksi Harga Pokok Penjualan sebesar Rp10.292.936.569,00; bahwa Terbandi..."
963,130553,PT Indoprima Gemilang,PUT-004928.15/2024/PP/M.XIVA Tahun 2025 DEMI KEADILAN BERDASARKAN KETUHANAN YANG,2021,Pajak Penghasilan,-,transfer pricing,11,"11,24,26,33,39,40,48,50",8,55,"...hal ini dilakukan oleh Terbanding untuk semata-mata menguntungkan posisi Terbanding dalam analisis transfer pricing ini; bahwa berdasarkan dasar hukum, fakta-fakta dan argumen yang telah disampaikan diatas, maka Pem..."
964,130569,PT FUJIFILM INDONESIA,PUT-004996.15/2023/PP/M.XVA Tahun 2025 DEMI KEADILAN BERDASARKAN KETUHANAN YANG ,2019,Pajak Penghasilan,Mengabulkan sebagian,transfer pricing,4,"37,38,111,178",4,202,"...at membuktikan eksistensi pinjaman afiliasi tersebut. Lebih lanjut, berdasarkan panduan Pemeriksaan Transfer Pricing atas biaya bunga juga tidak mempersyaratkan Pemohon Banding harus memperlihatkan laporan ULN dari B..."
965,130570,-,PUT-004997.15/2023/PP/M.IIIA Tahun 2025 DEMI KEADILAN BERDASARKAN KETUHANAN YANG,2019,Pajak Penghasilan,Mengabulkan seluruhnya,transfer pricing,11,"16,17,35,39,44,87,88,93,96",9,105,"...ontoh dapat mencakup: a) beberapa kontrak jangka panjang untuk penyediaan komoditas atau jasa. “The transfer pricing analysis should ideally be made on a transaction- by-transaction basis. However, there are cases wh..."
966,130590,PT KT TRADING,PUT-005029.15/2024/PP/M.XIVA Tahun 2025 DEMI KEADILAN BERDASARKAN KETUHANAN YANG,2020,Pajak Penghasilan,Mengabulkan seluruhnya,transfer pricing,6,"7,9,30,41,44,45",6,48," bahwa Pemohon Banding telah menyampaikan dokumentasi Transfer Pricing dan Analisis Fungsi, Aset, Risiko (FAR) berdasarkan PER-22/PJ/2013 dimana berdasarkan kedua data te..."
967,130591,PT KT TRADING,PUT-005030.15/2024/PP/M.XIVA Tahun 2025 DEMI KEADILAN BERDASARKAN KETUHANAN YANG,2021,Pajak Penghasilan,Mengabulkan seluruhnya,transfer pricing,5,"7,9,39,41,42",5,46,"...ggi; 2.1 Karakteristik usaha Pemohon Banding  bahwa Pemohon Banding telah menyampaikan dokumentasi Transfer Pricing dan Analisis Fungsi, Aset, Risiko (FAR) berdasarkan PER-22/PJ/2013 dimana berdasarkan kedua data te..."
968,130596,PT CORELAB INDONESIA,PUT-005035.15/2024/PP/M.XIIIB Tahun 2025 DEMI KEADILAN BERDASARKAN KETUHANAN YAN,2021,Pajak Penghasilan,Menolak,transfer pricing,3,"30,31,34",3,73,...nding dapat menunjukkan dokumen yang menjadi dasar penerapan prinsip kewajaran dan kelaziman usaha (Transfer Pricing Documentation) maka permintaan keterangan/bukti dapat disesuaikan dengan data dan informasi yang te...
969,130602,PT TS TECH INDONESIA,PUT-001589.15/2021/PP/M.IIA Tahun 2025 DEMI KEADILAN BERDASARKAN KETUHANAN YANG ,2017,Pajak Penghasilan,Mengabulkan sebagian,transfer pricing,12,"20,27,43,45,50,53,64,78,89,90,95",11,118,"...ewa dengan lawan transaksinya” Selanjutnya bagian B menyebutkan: “..Dalam pelaksanaan pemeriksaan Transfer Pricing, Pemeriksa Pajak perlu memperhatikan dokumen yang menjadi dasar penerapan prinsip kewajaran dan k..."
970,130617,PT. MAHKOTA GROUP TBK,PUT-004559.15/2023/PP/M.IIA Tahun 2025,2020,Pajak Penghasilan,-,transfer pricing,1,50,1,62,"...0, 2021, dan 2022: Audit Report PT MAHKOTA GROUP TBK Tahun 2020: Dokumen Penentuan Harga Transfer (Transfer Pricing Report) 2020, Berita Acara Serah Terima'Pembangunan Refinery PT ISA: Penjelasan tertulis yang disam..."
971,130650,PT NISSHINBO INDONESIA,PUT-005104.15/2021/PP/M.IVB Tahun 2025 DEMI KEADILAN BERDASARKAN KETUHANAN YANG ,2014,-,-,transfer pricing,8,"24,32,39,40,41,46",6,51,"SSP pembayaran biaya komisi: Transfer Pricing Documentation Tahun Pajak 2014 yang telah diterjemahkan oleh Penerjemah Tersumpah, Bukti P-14 Sura..."
972,130665,PT OSI ELECTRONICS,PUT-008814.15/2024fl,2020,Pajak Penghasilan,Mengabulkan seluruhnya,transfer pricing,4,"11,14,16,55",4,68,"...2%, Q2 = 8,31%, Q3 = 9,340/o, sehingga diperlukan adanya pn.mary adjustment atas selisih pendapatan transfer pricing ke margin wajar senilai8,3|o/o. Halaman 11 dari 68 halaman. Putusan Nomor PUTrl08814.15/2024fl3P"".X..."
973,130668,PT DRAEGER MEDICAL INDONESIA,PUT-009866.15/2021/PP/M.IVB Tahun 2025 DEMI KEADILAN BERDASARKAN KETUHANAN YANG ,2018,Pajak Penghasilan,-,transfer pricing,4,"10,50,64",3,80,"...harus berdasarkan fakea dan kondisi yang ada (the most apprapr/.ate method)' ""... per;ilihan metede transfer pricing terdiri dari mengidentifkasi ketersediaan pembanding dan menentukan matode transfer pricing yang pa..."
974,130680,PT. HALLIBURTON DRILLING SYSTEM INDONESIA,PUT-011685.15/2023/PP/M.VIA Tahun 2025 DEMI.KEADILAN BERDASARKAN KETUHANAN YANG ,2020,Pajak Penghasilan,-,transfer pricing,11,"15,16,17,49,57,67,69",7,77,"...ahwa dalam menganalisis kewajaran transaksi sewa Pemohon Banding, Pemohon Banding menerapkan metode transfer pricing lainnya dengan menganalisis Retum on Investment (“ROI”), yaitu dengan membandingkan Intemal Rate of..."
975,130688,PT ISS INDONESIA NPVVP: 01.070.6802J)59.000,PUT014090.15/2022fl3P/M.XA Tahun 2025 DEAN KEADILAI,2018,Pajak Penghasilan,-,transfer pricing,5,"17,31,34,35",4,71,"..., namun latar belakang dan alasan kebutuhan jasa tersebut tidak secara jelas terutang dalam dokumen transfer pricing., bahwa untuk pembayaran royalty sesuai TP Doc dilakukan atas 2 hal: Brand ISS dan Service Excellen..."
976,130689,PT KANSAI PAINT INDONESIA,-,2018,Pajak Penghasilan,Mengabulkan seluruhnya,transfer pricing,31,"17,18,19,20,21,23,25,41,42,105",10,110,...gan memanfaatkan perbedaan tarif pajak juga disebutkan dalam beberapa literatur sebagai ben'kut: UN Transfer Pricing Manual paragraf 1.2.5 sebagai berikut: `The aim of nonrarm's length transfer pricing in such cases...
977,130690,PT -HALLIBURTON DRILLING SYSTEM INDONESIA,PUT-015144.15/2020/PP/M.IVB Tahun 2025 DEMI KEADILAN BERDASARKAN KETUHANAN YANG ,2017,Pajak Penghasilan,-,transfer pricing,19,"10,12,13,14,28,29,34,42,44,45,46",11,53,...u dengan pendekatan hurdle rate sehingga dalam sengketa ini tidak terdapat sengketa mengenai metode transfer pricing dimana Pemohon Banding dan Terbanding sepakat dengan penggunaan metode lainnya dalam menguji tran...
978,130741,PT Veolia Water Technologies Indonesia,PUT-009812.15/2020/PP/M.XIA Tahun 2025 DEMI KEADILAN BERDASARRAN KETUHANAN YANG ,2015,Pajak Penghasilan,Mengabulkan sebagian,transfer pricing,7,"48,50,56,62,64,66",6,112,"...ngkan dengan jenis kegiatan jasa yang diperjanjikan dalam Agreement. Berdasarkan paragraf 7.18 OECD Transfer Pricing Guidelines, adanya pembayaran tidak dapat menunjukkan bahwa eksistensi atau realisasi jasa telah te..."
979,130747,PT ACER MANUFACTURING INDONESIA,PUT-013403.15/2021/PP/M. XVIB Tahun 2025 DEMI KEADILAN BERDASARRAN KETUHANAN YAN,2018,-,-,transfer pricing,1,18,1,71,"...; bahwa Pemohon Banding menggunakan metode 7fansaof/.or}a/ Ivef Margin Method ITNMM) sehagat metode transfer pricing yang pdimg sesuai dengan alasan selain karena tersedia data yang handal. Selain itu, metode TNMM di..."
980,130756,PT KODECO AGROJAYA MANDIRI,PUT-010297.15/2023/PP/M.IIIA Tahun 2025 DEMI KEADILAN BERDASARKAN KETUHANAN YANG,2020,Pajak Penghasilan,Mengabulkan seluruhnya,transfer pricing,2,34,1,50,Pasal 2 ayat (1): Peraturan Direktur Jenderal Pajak ini berlaku untuk penentuan Harga Transfer (Transfer Pricing) atas transaksi yang dilakukan Wajib Pajak Dalam Negeri atau Bentuk Usaha Tetap di Indonesia dengan...
981,130759,PT KODECO AGROJAYA MANDIRI,PUT-010299.15/2023/PP/M.IIIA Tahun 2025 DEMI KEADILAN BERDASARKAN KETUHANAN YANG,2019,Pajak Penghasilan,Mengabulkan seluruhnya,transfer pricing,2,24,1,38,...in: Pasal 2 ayat (1): Peraturan Direktur Jenderal Pajak ini berlaku untuk penentuan Harga Transfer (Transfer Pricing) atas transaksi yang dilakukan Wajib Pajak Dalam Negeri atau Bentuk Usaha Tetap di Indonesia dengan...
982,130765,PT KANSAI PAINT INDONESIA,PUT-010312.15/2022/PP/M.XVB Tahun 2025 DEMI KEADILAN BERDASARKAN KETUHANAN YANG ,2019,Pajak Penghasilan,Mengabulkan seluruhnya,transfer pricing,34,"26,27,29,34,35,36,37,38,58,61,64,65",12,68,...t lagi diatur dalam Bab II Bagian B (1)(a)(4) Lampiran PER- 22/PJ/2013 mengenai tahapan pemeriksaan transfer pricing menyatakan sebagai berikut: Halaman 26 dari 68 halaman. Putusan Nomor PUT-010312.15/2022/PP/M.XVB T...
983,130809,PT INDO SAWIT KEKAL,PUT-010418.15/2023/PP/M.IVA Tahun 2025 DEMI KEADILAN BERDASARKAN KETUHANAN YANG ,2019,Pajak Penghasilan,Mengabulkan seluruhnya,transfer pricing,1,24,1,42,...Penggunaan Data Pembanding oleh Terbanding dan Pemohon Banding; Bukti P-8. Fotokopi Dokumen Lokal (Transfer Pricing Documentation) PT Indo Sawit Kekal Tahun Pajak 2019; Bukti P-9. Fotokopi Dokumen DISBUN Kalbar untu...
984,130829,PT PATIWARE,PUT-010475.15/2023/PP/M.XB Tahun 2025 DEMI KEADILAN BERDASARKAN KETUHANAN YANG M,2018,Pajak Penghasilan,Mengabulkan sebagian,transfer pricing,7,"9,44,49,56,101",5,107,"...asa Desember 2018; 2) bahwa dalam proses pemeriksaan, Pemohon Banding tidak memberikan/ meminjamkan Transfer Pricing Documentation (TP Doc) atas transaksi penjualan CPO dan Palm Kernel kepada Terbanding, sehingga Ter..."
985,130833,PT Sawit Inti Raya,PUT-010479.15/2024/PP/M.XXA Tahun 2025 DEMI KEADILAN BERDASARKAN KETUHANAN YANG ,2018,Pajak Penghasilan,Mengabulkan seluruhnya,transfer pricing,59,"8,9,12,15,16,34,38,39,43,45,47,49,51,52,53,60,62,63,64,66,67,68,70,71,72,73,74,75,76,77,78,82,83,95,100",35,105,...data pembanding internal. d. Bahwa Pemohon Banding tidak membuat dokumen Penentuan Harga Transfer (Transfer Pricing Documentation/TP Doc) sebagaimana ketentuan Peraturan Menteri Keuangan Nomor 213/PMK.03/2016 (PMK-2...
986,130866,PT. ROBERT BOSCH,PUT-010535.15/2019/PP/M.XVIIIB Tahun 2025,2016,-,Mengabulkan seluruhnya,transfer pricing,26,"10,18,25,66,68,75,82,88,97,98,202,203,236,239,250",15,291,"...n Fiskal Positif terkait koreksi Management Services and IT sebesar Rp33.739.822.000,00 seperti: a. Transfer Pricing Document; b. Rincian transaksi dengan pihak afiliasi; c. Perjanjian/ kontrak kerja dengan pihak afi..."
987,130983,PT SHELL MANUFACTURING INDONESIA,PUT-008927.15/2022/PP/M.IIIB Tahun 2025,2019,Pajak Penghasilan,Mengabulkan seluruhnya,transfer pricing,59,"23,26,30,31,36,47,50,79,80,81,84,85,87,91,92,100,110,111,114,116,129,133,162,165,170,178,180,189",28,206,"...ransaksi afiliasi dan telah mendokumentasikan dalam Kertas Kerja Pemeriksaan; Berdasarkan pengujian transfer pricing sebagaimana diuraikan diatas, Terbanding mempertahankan koreksi Terbanding berdasarkan atribusi Hal..."
988,131025,PT SUKSES SEJAHTERA SEJATI,PUT-008991.15/2023/PP/M.XIIIA Tahun 2025 DEMI KEADILAN BERDASARKAN KETUHANAN YAN,2019,Pajak Penghasilan,Mengabulkan sebagian,transfer pricing,17,"17,18,26,27,28,29,35,36,40,49,60,78",12,111,"Peraturan Kutipan Peraturan Dalam pemeriksaan transfer pricing, tahapan persiapan dilakukan sesuai dengan tata cara pemeriksaan yang berlaku. Hal yang perlu diper..."
989,131056,PT SAKAE RIKEN INDONESIA,PUT-009025.15/2024/PP/M.VB Tahun 2025 DEMI KEADILAN BERDASARKAN KETUHANAN YANG M,2021,-,Mengabulkan seluruhnya,transfer pricing,19,"6,15,17,23,24,40,52,55,66,68,70,71,72,77,78,80",16,85,...- 11.304.715.617 1 (Outsourcing) Koreksi HPP yang 2 berasal dari 12.417.540.582 - 12.417.540.582 2 Transfer Pricing Jumlah Koreksi 23.722.256.198 - 23.722.256.198 Fiskal Positif bahwa berikut ini adalah penjelasan l...
990,131079,PT. PAKARTI RIKEN INDONESIA,PUT-009109.15/2024/PP/M.VA Tahun 2025 DEMI KEADILAN BERDASARKAN KETUHANAN YANG M,2022,Pajak Penghasilan,Mengabulkan sebagian,transfer pricing,11,"7,14,15,18,19,29,39,40,44,48",10,55,"...n di dalam PMK-213, khususnya persyaratan yang dijelaskan di dalam bagian ‘1.3 Regulasi dan Pedoman Transfer pricing’ Dokumen Lokal Tahun Pajak 2022; bahwa dokumen lokal Tahun Pajak 2022, yang telah disampaikan terse..."
991,131085,PT DEAN SHOES,PUT-009118.15/2024/PP/M.XXA Tahun 2025 DEMI KEADILAN BERDASARKAN KETUHANAN YANG ,2019,Pajak Penghasilan,Mengabulkan sebagian,transfer pricing,29,"11,12,20,22,23,24,25,35,43,45,47,58,59,60,64",15,74,...ngambil 9 (sembilan) data perusahaan pembanding dari Local File (Dokumen Penentuan Harga Transfer / Transfer Pricing Documentation) Pemohon Banding dan menyusun ulang rentang kuartil indikator tingkat laba (ITL) Net...
992,131121,BUT. STANDARD CHARTERED BANK,PUT-009267.15/2024/PP/M.XIA Tahun 2025 DEMI KEADILAN BERDASARKAN KETUHANAN YANG ,2018,Pajak Penghasilan,Mengabulkan sebagian,transfer pricing,7,"31,32,35,82,86,88",6,109,"...tnya, interpretasi mengenai biaya alokasi yang wajar atau reasonable juga dijelaskan di dalam “OECD Transfer Pricing Guidelines for Multinational Enterprises and Tax Administration” tahun 1975 yang berbunyi sebagai b..."
993,131122,PT HET WAREN HUIS,PUT-009268.15/2023/PP/M.IIB Tahun 2025 DEMI KEADILAN BERDASARKAN KETUHANAN YANG ,2018,Pajak Penghasilan,Mengabulkan sebagian,transfer pricing,19,"12,29,46,78,85,95,96,120,122,134,135,137,150,151",14,171,"...ntara pihak yang tidak mempunyai Hubungan Istimewa yang menjadi pembanding.” d. Memperhatikan, OECD Transfer Pricing Guidelines for Multinational Enterprises and Tax Administration 2010, pada Par 1.5, yaitu: “Tax adm..."
994,131145,PT HET WAREN HUIS,PUT-009288.15/2023/PP/M.IIB Tahun 2025 DEMI KEADILAN BERDASARKAN KETUHANAN YANG ,2020,Pajak Penghasilan,Menolak,transfer pricing,12,"7,34,42,53,54,56",6,66,"...dimaksud dalam ketentuan peraturan perundang-undangan di bidang perpajakan.” e. Memperhatikan, OECD Transfer Pricing Guidelines for Multinational Enterprises and Tax Administration 2010, pada Par 1.5, yaitu: “Tax adm..."
995,131234,PT ASANO GEAR INDONESIA,PUT-008378.15/2020/PP/M.XA Tahun 2025 DEMI KEADILAN BERDASARKAN KETUHANAN YANG I,2013,Pajak Penghasilan,-,transfer pricing,2,"19,32",2,55,"...Banding Dengan Pihak Yang Mempunyai Hubungan lstimewa hanya berlaku untuk penentuan Harga Transfer ITransfer pricing) atas transaksi yang difakukan Wa""b Paiak Dalam Neaeri atau Bentuk Usaha TetaD di Indonesia dengan..."
996,131235,PT Toray lntemational Indonesia,PUT-009812.15/2024/PP/M.XXA Tahun 2025 DEM,-,-,-,transfer pricing,3,"8,19,20",3,39,"...duk sesuai dengan kebutuhan customer secara kontinu.; bahwa Transaksi tersebut telah tercakup dalam Transfer Pricing Documentation (TP Documentation) Tahun 2018 dimana Pemohon Banding memperoleh OM sebesar 9,08°/a. R..."
997,131293,PT Seger Agro Nusantara,PUT-005081.15/2024/PP/M.XIVA Tahun 2025 DEMI KEADILAN BERDASARKAN KETUHANAN YANG,2021,Pajak Penghasilan,-,transfer pricing,11,"8,33,34,36,37,40,48,51,80",9,94,...bandingan atas transaksi penjualan jagung basah kepada pihak afiliasi seperti yang dituangkan dalam Transfer Pricing Documentation Pemohon Banding tahun 2021 sub-seksi 6.2.1. Kajian Terhadap Faktor-faktor Analisis Ke...
998,131330,PT Liang Sawit Simalem NPWP 86.487.428.4-128.000,PUT-005126.15/2024/PP/M.XIVB Tahun 2025,2021,Pajak Penghasilan,Mengabulkan sebagian,transfer pricing,11,"10,54,55,56,58,59",6,68,...PPh sebesar Rp2.329.148.513 dikarenakan sesuai dengan transaksi sebenarnya dan berdasarkan analisa transfer pricing dokumen bahwa penjualan yang dilakukan oleh Pemohon Banding telah sesuai dengan keadaan yang sebena...
999,131362,PT SGS INDO ASSAY LABORATORIES,PUT-005158.15/2020/PP/M.IVB Tahun 2025,2017,Pajak Penghasilan,Mengabulkan seluruhnya,transfer pricing,8,"15,16,44,45,49,59",6,64,...i terlah sesuai dengan Prinsip Kewajaran dan Kelaziman Usaha a. bahwa Pemohon Banding telah membuat Transfer Pricing Documentation untuk menguji kewajaran dan kelaziman transaksi afiliasi berkaitan dengan transaksi i...
1000,131379,PT FUMAKILLA INDONESIA,PUT-005190.15/2024/PP/M.IVA Tahun 2025,2021,Pajak Penghasilan,-,transfer pricing,4,"25,27,42",3,57,"...elaras dengan Action Plan on Base Erosion and Profit Shifting (BEPS Action 8-10) yaitu ""Assure that transfer pricing outcomes are in line with value creation"" yang artinya memastikan bahwa hasil dari transfer pricing..."
1001,131405,PT NPR MANUFACTURING INDONESIA,PUT-009341.15/2021/PP/M.IVA Tahun 2025 DEMI KEADILAN BERDASARKAN KETUHANAN YANG ,2015,Pajak Penghasilan,Mengabulkan seluruhnya,transfer pricing,2,"24,54",2,60,...eriksaan Terhadap Wajib Pajak Yang Mempunyai Hubungan Istimewa yang selanjutnya disebut Pemeriksaan transfer pricing. Halaman 24 dari 60 halaman. Putusan Nomor PUT-009341.15/2021/PP/M.IVA Tahun 2025 PT NPR Manufactur...
1002,131477,PT KIA SERPIH MAS,PUT-009472.15/2022/PP/M.XIIB Tahun 2025 DEMI KEADILAN BERDASARKAN KETUHANAN YANG,2019,Pajak Penghasilan,Mengabulkan sebagian,transfer pricing,1,79,1,93,...diatur: Pasal 2: (1) Peraturan Direktur Jenderal Pajak ini berlaku untuk Penentuan Harga Transfer (Transfer Pricing) atas transaksi yang dilakukan Wajib Pajak Dalam Negeri atau Bentuk Usaha Tetap di Indonesia dengan...
1003,131490,PT GLOBAL TEKNOLOGI SERVISINDO,PUT-009556.15/2023/PP/M.XB Tahun 2025 DEMI KEADILAN BERDASARKAN KETUHANAN YANG M,2018,Pajak Penghasilan,Menolak,transfer pricing,2,"27,35",2,44,...ksud Pasal 2 ayat (1) Peraturan Direktur Jenderal Pajak ini berlaku untuk Penentuan Harga Transfer (Transfer Pricing) atas transaksi yang dilakukan Wajib Pajak Dalam Negeri atau Bentuk Usaha Tetap di Indonesia dengan...
1004,131502,PT GLOBAL TEKNOLOGI SERVISINDO,PUT-009604.15/2023/PP/M.XB Tahun 2025 DEMI KEADILAN BERDASARKAN KETUHANAN YANG M,2019,Pajak Penghasilan,Mengabulkan sebagian,transfer pricing,3,"17,41,48",3,69,...wa berdasarkan data Laporan Hasil Pemeriksaan serta data/informasi dari surat keberatan dan dokumen Transfer Pricing Dokumen yang diberikan oleh Pemohon Banding diketahui: 1) bahwa penerapan ketentuan PTK 007 oleh SK...
1005,131503,PT PLI INDONESIA,PUT-009605.15/2023/PP/M.IB Tahun 2025 DEMI KEADILAN BERDASARKAN KETUHANAN YANG M,2020,-,Mengabulkan seluruhnya,transfer pricing,6,"17,21,58,60,80,104",6,125,"...an sesuai dengan PSAK; bahwa bahkan, berdasarkan butir B. angka 3 Bab II SE-50 (Tahapan Pemeriksaan Transfer Pricing mengenai métode Harga Penjualan Kembali (Resale Price Method), dijelaskan bahwa dalam penerapan mét..."
1006,131506,PT Daya Kobelco Construction Machinery Indonesia NPWP,PUT-009607.15/2022/PP/M.XIVB Tahun 2025,2019,Pajak Penghasilan,Menolak,transfer pricing,12,"9,11,13,26,35,36,37,42,44,50",10,56,"...t it is not a systematic requirement. Multiple year data should be used where they add value to the transfer pricing analysis. ...” Dengan terjemahan bebas sebagai berikut: “Dalam praktiknya, memeriksa data beberapa..."
1007,131513,PT AGRI INDOMAS,PUT-009630.15/2020/PP/M.VIIIA Tahun 2025 DEMI KEADILAN BERDASARKAN KETUHANAN YAN,2016,Pajak Penghasilan,Mengabulkan sebagian,transfer pricing,31,"15,18,19,26,32,42,44,56,57,60,72,74,82,83,87,98,99,105,106,122,123,125,126",23,129,...baikan fakta bahwa Pemohon Banding telah melakukan transaksi secara patut dan wajar serta telah ada Transfer Pricing Documents (TP Dokumen) yang membuktikan kewajaran transaksi pembelian impor dari pihak afiliasi; ba...
1008,131546,PT. Bondi Syad Mulia,PUT-009680.15/2023/PP/M.IA Tahun 2025 DEMI KEADILAN BERDASARKAN KETUHANAN YANG M,2020,Pajak Penghasilan,Mengabulkan seluruhnya,transfer pricing,16,"20,28,36,37,40,41,46,47,48,51",10,55,...ggal 28 Februari 2024; Bukti T-7. Penjelasan tertulis tanpa nomor tanggal 27 Maret 2024; Bukti T-8. Transfer Pricing Document; Bukti T-9. Penjelasan Tertulis tanpa nomor tanggal 7 Agustus 2024; Bukti T-10. Penjelasan...
1009,131555,PT Wahana Grahamakmur,PUT-009702.15/2024/PP/M.XXA Tahun 2025 DEMI KEADILAN BERDASARKAN KETUHANAN YANG ,2020,Pajak Penghasilan,Mengabulkan seluruhnya,transfer pricing,10,"13,15,30,32,33,53,62",7,72,pihak yang berafiliasi melalui pengujian Transfer pricing menggunakan Metode Comparable Uncontrolled Price (CUP) Pemohon Banding tidak setuju karena: 1) Bahw...
1010,131626,PT MURINI SAMSAM,PUT-006198.15/2023/PP/M.XIIA Tahun 2025 DEMI KEADILAN BERDASARKAN KETUHANAN YANG,2020,Pajak Penghasilan,Mengabulkan sebagian,transfer pricing,26,"13,14,28,35,36,51,53,69,70,72,104,105,107,125,126,127",16,132,"...banding.” Pasal 2 1) ""Peraturan Direktur Jenderal Pajak ini berlaku untuk Penentuan Harga Transfer (Transfer Pricing) atas transaksi yang dilakukan Wajib Pajak Dalam Negeri atau Bentuk Usaha Tetap di Indonesia dengan..."
1011,131642,PT Agrajaya Baktitama,PUT-009749.15/2023/PP/M.XIB Tahun 2025 DEMI KEADILAN BERDASARKAN KETUHANAN YANG ,2017,Pajak Penghasilan,Mengabulkan sebagian,transfer pricing,4,"17,40,41,53",4,65,...sebut menentukan lawan transaksi dan harga transaksi Pasal 1 angka 17 Penentuan Harga Transfer atau Transfer Pricing yang selanjutnya disebut Penentuan Harga Transfer adalah penentuan harga dalam Transaksi yang dipen...
1012,131655,PT Megmilk Snow Brand Indonesia,PUT-009760.15/2021/PP/M.XIB Tahun 2025 DEMI KEADILAN BERDASARKAN KETUHANAN YANG ,-,Pajak Penghasilan,Mengabulkan sebagian,transfer pricing,9,"8,17,18,19,20,29,35",7,49,"...yesuaian Fiskal Positif Sebesar Rp13.855.310.317,00 MENURUT TERBANDING: bahwa berdasarkan Pengujian Transfer Pricing atas transaksi yang dipengaruhi oleh Hubungan Istimewa, terdapat koreksi atas laba Pemohon Banding..."
1013,131720,PT. Bintang Agung Persada NPWP 03.298.395.9-301.000 beralamat di,PUT-002785.15/2024/PP/M.XIVB Tahun 2025,2018,Pajak Penghasilan,Mengabulkan sebagian,transfer pricing,13,"5,14,41,67,87,101,124,127,129,132,135",11,153,"...reksi Peredaran Usaha yang belum dilaporkan 66.895.109.349 a (2. | Koreksi Penjualan Ekspor terkait Transfer Pricing 9.129.408.758 Ib ) | | Total 76.024.518.107 | k Halaman 5 dari 153 halaman, Putusan Nomor PUT-0027..."
1014,131722,PT NTT GLOBAL DATA CENTERS INDONESIA,PUT-002950.15/2024/PP/M.XIA Tahun 2025 PEMI KEADILAN BERDASARKAN KETUHANAN YANG ,2020,Pajak Penghasilan,Mengabulkan sebagian,transfer pricing,24,"8,11,23,31,33,37,39,41,42,43,44,57,79,84,117,121,169,179,190,191",20,203,"...an Metode yang Tepat untuk Menguji Penerapan Prinsip Kewajaran dan Kelaziman Usaha Pemilihan Metode Transfer Pricing Menurut Terbanding, terdapat 2 metode yang bisa diterapkan berdasarkan fakta dan kondisi yang ada:..."
1015,131729,PT Kyosha Indonesia,PUT-013498.15/2021/PP/M.XVIB Tahun 2025 DEMI KEADILAN BERDASARKAN KETUHANAN YANG,2018,Pajak Penghasilan,Mengabulkan sebagian,transfer pricing,16,"10,32,36,37,39,45,46,64,74",9,89,"...0 Menurut Terbanding USD 14,964,484,00 Koreksi USD 1,764,468.00 Koreksi atas HPP berdasarkan atas transfer pricing adjustment. Berikut adalah perinciannya: a. Metode Transfer Pricing Terbanding menggunakan metode..."
1016,131732,PT. Voestalpine Bohler Welding Asia Pacific,PUT-000969.15/2021/PP/M.XIB Tahun 2025 DEMI KEADILAN BERDASARKAN KETUHANAN YANG ,2015,Pajak Penghasilan,Mengabulkan sebagian,transfer pricing,14,"10,15,37,47,49,50,51,63,73,74,83,89,93",13,126,"...banding dengan'alasan dan penjelasan sebagai berikut: 1. Koreksi Peredaran Usaha sehubungan dengan Transfer Pricing sebesar USD677,262.19 Menurut Terbanding Koreksi.positif Peredaran Usaha sebesar USD677,262 seba..."
1017,131744,PT Omron Healthcare,PUT-003265.15/2024/PP/M.XIVB Tahun 2025,2019,Pajak Penghasilan,Mengabulkan seluruhnya,transfer pricing,7,"12,15,35,37,39",5,48,"...dan perusahaan pembanding di level laba kotor. PER-22 menyebutkan bahwa: ""Dalam penentuan metode transfer pricing, prinsip yang digunakan adalah metode yang paling sesuai dengan fakta dan kondisi dengan mempertimb..."
1018,131745,PT HOYU INDONESIA,PUT-004728.15/2023/PP/M.XIB Tahun 2025 DEMIKEADILAN BERDASARKAN KETUHANAN YANG M,2020,Pajak Penghasilan,Mengabulkan seluruhnya,transfer pricing,25,"8,9,10,17,20,21,22,26,30,31,36,37,38,42,43,46,48,51,52",19,69,2. Koreksi atas transfer pricing sebesar Rp2.629.746.863 ALP z Rp169.481.943.495 to (5434 x Rp169.481.943.495) ALP z Rp169.481.943.4...
1019,131748,PT. Omron Heaithcare Indonesia NPWP 31.595.490.9-015.000,PUT-006600.15/2024/PP/M.XIVB Tahun 2025,2020,Pajak Penghasilan,Mengabulkan seluruhnya,transfer pricing,16,"8,10,19,20,21,36,37,43,50,51,52",11,64,"...ertanyakan pemahaman Terbanding atas prosedur dan hal-hal yang mesti diperhatikan dalam pemeriksaan transfer pricing. Terbanding seharusnya konsisten, memahami.dan menerapkan prosedur pemeriksaan transfer pricing seb..."
1020,131749,PT. Voestalpine Bohler Welding Asia Pacific,PUT-007288.15/2021/PP/M.XIB Tahun 2025 DEMI KEADILAN BERDASARKAN KETUHANAN YANG ,2016,Pajak Penghasilan,-,transfer pricing,33,"9,11,15,27,39,44,45,47,55,56,58,64,65,67,72,73,75,81,84,85,93,104,110,111,117,121",26,153,"...banding dengan alasan dan penjelasan sebagai berikut: 1. Koreksi Peredaran Usaha sehubungan dengan Transfer Pricing sebesar USD226,748 bahwa Terbanding melakukan koreksi Peredaran Usaha sebesar USD226,748 dengan per..."
1021,131790,PT JEBSEN JESSEN INGREDIENTS INDONESIA,PUT-006393.15/2024/PP/M.XB Tahun 2025 DEMI KEADILAN BERDASARKAN KETUHANAN YANG M,2019,Pajak Penghasilan,Mengabulkan sebagian,transfer pricing,31,"7,8,12,13,14,15,16,18,19,49,55,56,80,84,107,115,126,127,134",19,173,"...kan merupakan penjualan yang utama; bahwa Bab II Lampiran I PER-22/2013 terkait Tahapan Pemeriksaan Transfer Pricing, khususnya dalam kaitannya terhadap penggunaan data pembanding internal, diatur sebagai berikut: “U..."
1022,131830,PT YKK ZIPCO INDONESIA,PUT-001912.15/2023/PP/M. XVIB Tahun 2025 DEMI KEADILAN BERDASARKAN KETUHANAN YAN,2019,Pajak Penghasilan,Mengabulkan seluruhnya,transfer pricing,37,"9,13,14,16,17,19,21,26,27,40,44,46,48,49,51,53,57,58,59,63,66,72,75,79,81,82,83",27,91,...kegiatan operasional Pemohon Banding; 2. bahwa asumsi Terbanding tidak tepat dalam pemilihan metode transfer pricing; 3. bahwa Metode Laba Bersih Transaksional (“TNMM”) merupakan metode yang paling sesuai dan paling...
1023,131835,PT SCSK Global Indonesia,PUT-005980.15/2024/PP/M.VB Tahun 2025 DEMI KEADILAN BERDASARKAN KETUHANAN YANG M,2021,Pajak Penghasilan,-,transfer pricing,31,"10,11,12,13,14,15,16,17,20,22,26,32,33,45,50,51,52,65,68,69",20,73,...ngan total biaya) karena metode ini lebih tepat untuk perusahaan jasa; 3. bahwa berdasarkan Dokumen Transfer Pricing yang dibuat oleh KPMG diketahui rata-rata tertimbang tiga tahun NCPM yang Halaman 10 dari 73 halama...
1024,131841,PT EGASUTI NASAKTI,PUT-007263.15/2021/PP/M.XVIIIA Tahun 2025 DEMI KEADILAN BERDASARKAN KETUHANAN YA,2018,Pajak Penghasilan,Mengabulkan seluruhnya,transfer pricing,6,"59,127,134,135,138,139",6,158,Pasal 1 ayat (5) Penentuan Harga Transfer atau Transfer Pricing yang selanjutnya disebut Penentuan Harga Transfer adalah penentuan harga dalam Transaksi Afiliasi....
1025,131844,PT SAKAE RIKEN INDONESIA,PUT-009025.15/2024/PP/M.VB Tahun 2025 DEMI KEADILAN BERDASARKAN KETUHANAN YANG M,2021,-,Mengabulkan seluruhnya,transfer pricing,19,"6,15,17,23,24,40,52,55,66,68,70,71,72,77,78,80",16,85,...- 11.304.715.617 1 (Outsourcing) Koreksi HPP yang 2 berasal dari 12.417.540.582 - 12.417.540.582 2 Transfer Pricing Jumlah Koreksi 23.722.256.198 - 23.722.256.198 Fiskal Positif bahwa berikut ini adalah penjelasan l...
1026,131847,PT GELAEL INDOTIM,PUT-009073.15/2023/PP/M. XVIB Tahun 2025 DEMI KEADILAN BERDASARKAN KETUHANAN YAN,2019,Pajak Penghasilan,Mengabulkan sebagian,transfer pricing,1,36,1,45,"...un 2016 maka Pemohon Banding wajib menyelenggarakan dan menyimpan Dokumen Penentuan Harga Transfer (Transfer Pricing Documentation/ TP Doc), namun faktanya Pemohon Banding tidak menyelenggarakan dan menyimpan TP Doc..."
1027,131859,PT Zeelandia Indonesia,PUT-010110.15/2022/PP/M.VA Tahun 2025 DEMI KEADILAN BERDASARKAN KETUHANAN YANG M,2019,Pajak Penghasilan,Mengabulkan seluruhnya,transfer pricing,7,"8,11,17,29,32,49,52",7,56,...ra Koninklije Zeelandia Group B.V. dengan Pemohon Banding sebagaimana disebutkan juga dalam Dokumen Transfer Pricing (TP Doc) Pemohon Banding; Halaman 8 dari 56 halaman. Putusan Nomor PUT-010110.15/2022/PP/M.VA Tahun...
1028,131866,PT SOUTH PACIFIC VISCOSE,PUT-012235.15/2023/PP/M.VA Tahun 2025 DEMI KEADILAN BERDASARKAN KETUHANAN YANG M,2020,Pajak Penghasilan,Mengabulkan sebagian,transfer pricing,21,"31,34,48,86,93,115,125,157,169,171,186,199,212,213,214,225,228,233,234,235,237",21,240,"...paling sesuai. bahwa berdasarkan benchmark data pembanding dan sesuai dengan persyaratan peraturan transfer pricing di Indonesia, rentang interkuartil rata- rata tertimbang tiga tahun NCPM dari 4 (empat) perusahaan..."
1029,131867,PT SEPATU BATA Tbk.,PUT-012455.15/2023/PP/M.XIIB Tahun 2025 DEMI KEADILAN BERDASARKAN KETUHANAN YANG,2017,Pajak Penghasilan,Mengabulkan seluruhnya,transfer pricing,6,"13,14,81,84,86",5,105,...Kelaziman Usaha; g. bahwa terdapat Putusan Pengadilan Pajak atas banding terkait koreksi yang sama (transfer pricing) untuk PPh Badan untuk tahun pajak 2016 Nomor PUT-000071.15/2020/PP/MXIIB tanggal 02 Maret 2022 yan...
1030,131875,PT ZEELANDIA INDONESIA,PUT-012537.15/2023/PP/M.VA Tahun 2025 DEMI KEADILAN BERDASARKAN KETUHANAN YANG M,2017,Pajak Penghasilan,Mengabulkan seluruhnya,transfer pricing,72,"5,6,7,8,9,10,11,13,14,15,16,19,20,21,22,23,25,26,28,31,32,37,38,41",24,45,...ta dan Alasan Banding bahwa yang menjadi pokok sengketa dalam permohonan banding ini adalah koreksi transfer pricing Terbanding yang tidak disetujui oleh Pemohon Banding dengan rincian sebagai berikut: 1. Menurut Ter...
1031,132134,PT Wahana Wirawan NPWP 01.060.215.9-038.000 beralamat di Wisma,PUT-005502.15/2024/PP/M.XIVB Tahun 2025,2021,Pajak Penghasilan,Mengabulkan seluruhnya,transfer pricing,2,"25,27",2,30,...i pemotongan PPh Pasal 23; - Bukti pembayaran termasuk di antaranya rekening koran; - Dokumen Lokal Transfer Pricing; - Contoh-contoh kegiatan konsultasi dengan bukti-bukti berupa email mengenai proses konsultasi dan...
1032,132148,PT NISSIN MANUFACTURING INDONESIA,PUT-007722.15/2022/PP/M.IIB Tahun 2025 DEMI KEADILAN BERDASARKAN KETUHANAN YANG ,2019,Pajak Penghasilan,Mengabulkan sebagian,transfer pricing,26,"6,8,13,15,20,37,57,75,79,80,81,82,85,120,121",15,128,...si dengan Pihak Afiliasi dengan Penjelasan sebagai berikut: 1. bahwa Pemohon Banding telah menyusun Transfer Pricing Documentation (“TP Doc”) sesuai dengan ketentuan dan peraturan perundang-undangan perpajakan yang b...
1033,132168,PT NS BLUESCOPE INDONESIA,PUT-009942.15/2022/PP/M.IIB Tahun 2025 DEMI KEADILAN BERDASARKAN KETUHANAN YANG ,2018,Pajak Penghasilan,Mengabulkan sebagian,transfer pricing,30,"14,15,17,18,19,49,70,89,106,110,111,115,122,123,151,152,153",17,158,"...rojects (including Commercial Project), dan Product Innovation Centre. Adapun sesuai dengan dokumen Transfer Pricing Pemohon Banding Tahun 2018 yang diterbitkan oleh konsultan independent menggunakan metode Transacti..."
1034,132181,PT. BALI EXTRACT UTAMA,PUT-012999.15/2022/PP/M.XIIIA Tahun 2025 DEMI KEADILAN BERDASARKAN KETUHANAN YAN,2016,Pajak Penghasilan,Mengabulkan seluruhnya,transfer pricing,14,"12,21,31,32,39,64,71,73",8,77,"...Istimewa; bahwa selanjutnya pada BAB 7 Penggunaan Pembanding Internal dan Eksternal dalam Analisis Transfer Pricing (Halaman 160) dalam bukunya Transfer Pricing Ide, Strategi dan Panduan Praktis dalam Perspektif Paj..."
1035,132203,PT. ESSENTRA,PUT-011160.15/2019/PP/M.XB Tahun 2025,2016,Pajak Penghasilan,-,transfer pricing,7,"14,23,56,69",4,85,"...Pemohon Banding tidak setuju dengan pendekatan who/e€nffty yang digunakan dalam melakukan analisis transfer pricing., 5) Terbanding telah melakukan pemilihan secara subjektif dalam menentukan perusahaan pembanding b..."
1036,132242,PT PLI INDONESIA,PUT-000018.15/2023/PP/M.IB Tahun 2025 DEMI KEADILAN BERDASARKAN KETUHANAN YANG M,2019,Pajak Penghasilan,Mengabulkan seluruhnya,transfer pricing,12,"19,42,45,48,50,58,67,69,83,99,100",11,122,"...isajikan sesuai dengan PSAK. Bahkan, berdasarkan butir B. angka 3 Bab II SE-50 (Tahapan Pemeriksaan Transfer Pricing mengenai métode Harga Penjualan Kembali (Resale Price Method), dijelaskan bahwa dalam penerapan mét..."
1037,132251,PT Bhirawa Steel,PUT-000025.15/2024/PP/M.XIVA Tahun 2025 DEMI KEADILAN BERDASARKAN KETUHANAN YANG,2020,Pajak Penghasilan,-,transfer pricing,3,"32,167",2,262,"...duk dimasing- masing bulan sangat tidak relevan dijadikan sebagai acuan harga wajar; e. Pemeriksaan transfer pricing seharusnya mempertimbangkan beberapa tahapan sesuai dengan SE-50/PJ/2013, diantaranya terdiri dari..."
1038,132261,PT DENSO SALES INDONESIA,PUT-000036.15/2020/PP/M. IIB Tahun 2025 DEMI KEADILAN BERDASARKAN KETUHANAN YANG,2016,Pajak Penghasilan,Mengabulkan sebagian,transfer pricing,46,"5,9,13,14,36,38,39,40,41,60,62,63,64,65,67,69,75,78,82,83,84,94,96",23,111,...perusahaan pembanding yang dilakukan oleh Pemohon Banding sudah tepat dan dapat dibuktikan melalui Transfer Pricing Documentation Pemohon Banding tahun 2016. Halaman 5 dari 111 halaman. Putusan Nomor PUT-000036.15/2...
1039,132272,PT VOESTALPINE BOHLER WELDING ASIA PACIFIC,PUT-000056.15/2023/PP/M.XA Tahun 2025 DEMI KEADILAN BERDASARKAN KETUHANAN YANG M,2019,Pajak Penghasilan,Menolak,transfer pricing,10,"6,10,31,40,41,45,58,65,76",9,85,"...n Banding sesuai pengujian transfer pricing pada pos Peredaran Usaha; bahwa sesuai dengan pengujian transfer pricing, Terbanding mengkoreksi seluruh transaksi Commission Paid karena menurut Terbanding tidak sesuai de..."
1040,132285,PT FSCM MANUFACTURING INDONESIA,PUT-004994.15/2024/PP/M.IXB Tahun 2025 DEMI KEADILAN BERDASARKAN KETUHANAN YANG ,2021,Pajak Penghasilan,Mengabulkan seluruhnya,transfer pricing,49,"7,11,12,16,18,21,26,27,30,33,34,36,83,89,90,93,103,112,119,121,128,131,135,137,139,140,156,157,165,174,175,180,181,185,186,189,199,201",38,209,...ing a) Bahwa Terbanding tidak sependapat dengan argumentasi Pemohon Banding yang menyatakan koreksi Transfer Pricing tidak dapat dilakukan oleh Terbanding karena bukan transaksi afiliasi yang terdapat indikasi penghi...
1041,132306,PT KIA SERPIH MAS,PUT-009472.15/2022/PP/M.XIIB Tahun 2025 DEMI KEADILAN BERDASARKAN KETUHANAN YANG,2019,Pajak Penghasilan,Mengabulkan sebagian,transfer pricing,1,79,1,93,...diatur: Pasal 2: (1) Peraturan Direktur Jenderal Pajak ini berlaku untuk Penentuan Harga Transfer (Transfer Pricing) atas transaksi yang dilakukan Wajib Pajak Dalam Negeri atau Bentuk Usaha Tetap di Indonesia dengan...
1042,132325,PT PURIMAS SASMITA,PUT-010036.15/2023/PP/M.XIA Tahun 2025 DEMI KEADILAN BERDASARKAN KETUHANAN YANG ,2018,Pajak Penghasilan,Mengabulkan sebagian,transfer pricing,13,"9,16,36,41,46,48,56,64,65,73",10,76,...dingan Harga antara Pihak yang Independen (Comparable Uncontrolled Price);  bahwa berdasarkan OECD Transfer Pricing Guidelines paragraph 2.14 menyebutkan bahwa: “…for purposes of the CUP method … reasonably accurate...
1043,132329,PT. SONY INDONESIA,PUT-010970.15/2023/PP/M.XXB Tahun 2025,2020,Pajak Penghasilan,Mengabulkan seluruhnya,transfer pricing,16,"9,14,19,24,31,34,36,37,40",9,74,...Terbanding Temuan awal berdasarkan SPHP dan hasil pemeriksaan pajak: Terbanding melakukan pengujian transfer pricing untuk menilai kewajaran transaksi-transaksi hubungan istimewa dan menemukan selisih kewajaran laba...
1044,132356,PT JVCKENWOOD INDONESIA,PUT-005261.15/2023/PP/M.XIIA Tahun 2025 DEMI KEADILAN BERDASARKAN KETUHANAN YANG,2016,Pajak Penghasilan,Mengabulkan sebagian,transfer pricing,6,"11,20,48,51,54,63",6,126,"...mohon Banding dianggap sebagai limited risk distributor oleh Terbanding; bahwa di dalam dokumentasi Transfer Pricing Tahun 2016 (Lampiran 7), Pemohon Banding tidak pernah menyatakan sebagai limited risk distributor...."
1045,132361,PT Meiji Indonesia,PUT-005299.15/2024/PP/M.XIB Tahun 2025 DEMI KEADILAN BERDASARKAN KETUHANAN YANG ,2021,Pajak Penghasilan,Mengabulkan sebagian,transfer pricing,7,"13,17,18,35,51,53,54",7,58,...B. Tahapan Pelaksanaan Pemeriksaan 1. Menentukan karakteristik usaha wajib pajak; 2. Memilih metode transfer pricing; 3. Menerapkan prinsip kewajaran dan kelaziman usaha; Halaman 13 dari 58 halaman. Putusan Nomor PUT...
1046,132372,PT Sampoerna Indonesia Sembilan,PUT-005372.15/2024/PP/M.XIVA Tahun 2025 DEMI KEADILAN BERDASARKAN KETUHANAN YANG,2021,-,-,transfer pricing,29,"11,24,26,33,36,38,39,50,77,83,85,86,89,100,106,116,120",17,130,"...n kriteria yang sesuai dengan fungsi contract manufacturer Pemohon Banding, sesuai dengan peraturan transfer pricing yang berlaku; bahwa Pasal 3 ayat (2) dari PER-43, yang kemudian disempurnakan dengan PER-32 mengatu..."
1047,132373,PT. Semen Tonasa,PUT-005373.15/2024/PP/M.XVIB Tahun 2025 DEMI KEADILAN BERDASARKAN KETUHANAN YANG,2021,Pajak Penghasilan,Tidak dapat diterima,transfer pricing,1,44,1,53,...Indonesia (Persero) Tbk dan Anak Perusahaan (termasuk Pemohon Banding) sehubungan dengan ketentuan transfer pricing maka suku bunga dropping kepada Anak Perusahaan (termasuk Pemohon Banding) ditetapkan menjadi BI 7...
1048,132397,PT JAKARTA PRIMA STEEL INDUSTRIES,PUT-005410.15/2024/PP/M.XIA Tahun 2025 DEMI KEADILAN BERDASARKAN KETUHANAN YANG ,2018,Pajak Penghasilan,Mengabulkan seluruhnya,transfer pricing,1,33,1,75,"...n Banding tidak dalam keadaan merugi, sehingga terutang bunga dengan tingkat bunga wajar (penerapan transfer pricing). Halaman 33 dari 75 halaman. Putusan Nomor PUT-005410.15/2024/PP /M.XIA Tahun 2025 PT. Jakarta Pri..."
1049,132411,PT JAKARTA PRIMA STEEL INDUSTRIES,PUT-005423.15/2024/PP/M.XIA Tahun 2025 DEMI KEADILAN BERDASARKAN KETUHANAN YANG ,2021,Pajak Penghasilan,Mengabulkan seluruhnya,transfer pricing,2,"29,35",2,76,...usaha yang belum dilaporkan oleh Pemohon Banding yaitu pendapatan bunga berdasarkan hasil pengujian transfer pricing. (Sumber indeks B-4-6) KERTAS KERJA PEMERIKSAAN Nama : PT JAKARTA PRIMA STEEL INDUSTRIES Pendapatan...
1050,132446,PT JASATAMA PETROINDO,PUT-006726.15/2023/PP/M.IB Tahun 2025 DEMI KEADILAN BERDASARKAN KETUHANAN YANG M,2020,Pajak Penghasilan,-,transfer pricing,33,"10,15,21,22,26,29,33,34,46,47,48,49,51,54,59,68,75,85,86,90,100,102,107",23,122,"...SD37,801,923. “dari total cost of sales sebesar USD102,720,072 atau sebesar 36,806: 2. Berdasarkan Transfer Pricing Documentation diketahui bahwa Pemohon Banding telah menguji kewajaran transaksi afiliasi dengan kes..."
1051,132467,PT GE TECHNOLOGY INDONESIA,PUT-000108.15/2021/PP/M.XVIA Tahun 2025 DEMI KEADILAN BERDASARKAN KETUHANAN YANG,2017,Pajak Penghasilan,Mengabulkan sebagian,transfer pricing,3,"4,20,53",3,80,"...ata dan dokumen pendukung atas peredaran usaha yang diperoleh oleh Tim Pemeriksa antara lain berupa Transfer Pricing Documentation, Global General Ledger, dan SPT Masa PPN. Saat pembahasan Akhir, Pemohon Banding memb..."
1052,132469,PT INDO LOG,PUT-000110.15/2021/PP/M.XA Tahun 2025 DEMI KEADILAN BERDASARKAN KETUHANAN YANG M,2017,Pajak Penghasilan,Menolak,transfer pricing,69,"6,7,8,14,15,16,18,21,26,32,34,35,36,42,46,47,48,49,51,52,53,61,62,63,79",25,87,"...oleh Kantor Akuntan Publik; - bahwa untuk tahun Pajak 2017, Pemohon Banding telah memiliki Laporan Transfer pricing (TP Report) - dimana disimpulkan bahwa tingkat suku bunga yang digunakan oleh Pemohon Banding berad..."
1053,132546,PT INDONESIA CHEMI-CON,PUT-000351.15/2021/PP/M.IVB Tahun 2025,2017,Pajak Penghasilan,Mengabulkan seluruhnya,transfer pricing,33,"6,8,9,10,11,18,23,24,29,30,31,33,34",13,37,"...erupakan kondisi yang wajar terjadi dalam setiap perusahaan dalam menjalankan bisnis. Lebih lanjut, transfer pricing juga memandang bahwa wajar terjadi kerugian pada suatu perusahaan karena faktor bisnis. Hal ini tel..."
1054,132587,-,PUT-000472.15/2024/PP/M.IIIA Tahun 2025 DEMI KEADILAN BERDASARKAN KETUHANAN YANG,2017,Pajak Penghasilan,Mengabulkan sebagian,transfer pricing,44,"11,13,14,17,27,41,42,43,52,53,61,62,63,66,75,88,89,90,98,99,101,105,109,110,111,115",26,117,"...ding Banding USD USD USD Koreksi atas Peredaran 1. 44.465.122,00 42.819.944,00 1.645.178,00 Usaha – Transfer Pricing Koreksi atas Peredaran 2. 71.815,00 - 71.815,00 Usaha – Arus Piutang TOTAL 44.536.937,00 42.819.944..."
1055,132588,PT JOYSON SAFETY SYSTEMS INDONESIA,PUT-000474.15/2024/PP/M.XIIIB Tahun 2025 DEMI KEADILAN BERDASARKAN KETUHANAN YAN,2020,Pajak Penghasilan,Mengabulkan seluruhnya,transfer pricing,91,"7,8,9,10,11,12,14,15,16,17,18,19,21,22,23,24,27,28,29,30,31,32,33,34,35,38,45,51,52,53,54,55,60,66,67,73,74,77,79,81,82,88,89,90,91,92,94,95,102",49,111,...Penjualan yang dihitung dari laporan laba rugi perusahaan- perusahaan pembanding dalam Dokumentasi Transfer Pricing Pemohon Banding yang telah disetujui Terbanding sebagai perusahaan-perusahaan pembanding Pemohon Ba...
1056,132608,PT HAMADEN INDONESIA MANUFACTURING,PUT-000545.15/2022/PP/M.XA Tahun 2025 DEMI KEADILAN BERDASARKAN KETUHANAN YANG M,2018,Pajak Penghasilan,Mengabulkan sebagian,transfer pricing,25,"18,32,36,42,67,68,69,102,111,114,116,117,159,178",14,184,"...(tested party), tingkat laba Return on Sales (“ROS”) digunakan sebagai acuan laba wajar, dan metode transfer pricing TNMM dipilih sebagai metode Halaman 18 dari 184 halaman. Putusan Nomor 000545.15/2022/PP/M.XA Tahun..."
1057,132646,PT Wyeth Nutrition Sduaenam,PUT-000677.15/2024/PP/M.XIB Tahun 2025 DEMI KEADILAN BERDASARKAN KETUHANAN YANG ,2018,Pajak Penghasilan,Mengabulkan sebagian,transfer pricing,10,"16,17,18,21,33",5,67,"...emohon Banding bahwa koreksi yang dilakukan oleh Terbanding tidaklah dihasilkan dari suatu analisis transfer pricing terhadap transaksi antara Pemohon Banding dan pihak afiliasi, melainkan atas transaksi independen y..."
1058,132672,-,PUT-000748.15/2024/PP/M.XXA Tahun 2025 DEMI KEADILAN BERDASARKAN KETUHANAN YANG ,2019,Pajak Penghasilan,Mengabulkan sebagian,transfer pricing,2,"33,55",2,106,"...ran SSC sebesar Rp. 2.779.406.582,00 Menurut Terbanding A. Tahap Pemeriksaan Koreksi atas pengujian Transfer Pricing/ Arm’s Length Principle atas pembayaran SSC/Shared Service Center sebesar Rp 2.779.406.582,00 1. Ri..."
1059,132673,PT HENKEL INDONESIEN,PUT-004565.15/2024/PP/M.XXA Tahun 2025 DEMI KEADILAN BERDASARKAN KETUHANAN YANG ,2018,-,Mengabulkan sebagian,transfer pricing,3,"35,39",2,79,"...A) 5,31% bahwa kemudian berdasarkan analisis TNMM yang Pemohon Banding sampaikan pada Dokumen Lokal Transfer Pricing Tahun Pajak 2018, ditemukan bahwa rentang kewajaran dan kelaziman usaha (rentang interkuartil perus..."
1060,132683,PT Kyosha Indonesia,PUT-014884.15/2020/PP/M.XVIB Tahun 2025 DEMI KEADILAN BERDASARKAN KETUHANAN YANG,2017,Pajak Penghasilan,Mengabulkan sebagian,transfer pricing,12,"10,12,28,44,45,47,48,65",8,76,...engajuan pemgembalian pajak.” bahwa berdasarkan pemahaman pada PMK-213/2016 dan penjelasa pada OECD Transfer Pricing Guidelines maka Pemohon Banding menggunakan pendekatan ex-ante dengan menjadikan target marjin (mar...
1061,132687,PT EVONIK SUMI ASIH,PUT-015625.15/2020/PP/M.XIB Tahun 2025 DEMI KEADILAN BERDASARKAN KETUHANAN YANG ,2017,Pajak Penghasilan,Mengabulkan seluruhnya,transfer pricing,6,"8,9,12,67",4,87,...k wilayah asia di kelola oleh Evonik (SEA) Pte Ltd dan Evonik Malaysia; bahwa berdasarkan 7.14 OECD Transfer Pricing Guidelines for Multinational Enterprises and Tax Administrations menyatakan: “the activities are ce...
1062,132688,PT SEKAR BENGAWAN,PUT-015762.15/2020/PP/M.IVB Tahun 2025 DEMI KEADILAN BERDASARKAN KETUHANAN YANG ,2016,Pajak Penghasilan,Mengabulkan seluruhnya,transfer pricing,8,"59,66,67,72,145,148,167",7,175,...roduksi bukan atas dasar perjanjian dengan Direktur Jenderal Pajak untuk penentuan harga transfer (‘transfer pricing’) antar pihak afiliasi yang berada di Negara yang berbeda tarif pajaknya; • bahwa perusahaan afilia...
1063,132691,PT KIMBERLY-CLARK INDONESIA,PUT-015804.15/2020/PP/M.VIA Tahun 2025,2017,Pajak Penghasilan,Mengabulkan sebagian,transfer pricing,4,"9,15,21,27",4,38,...dari pihak-pihak yang memiliki hubungan istimewa tidak merugikan Pemohon Banding dari sudut pandang Transfer Pricing Indonesia; Halaman 9 dari 38 halaman Putusan Nomor PUT-015804.15/2020/PP/M.VI A Tahun 2025 PT Kimbe...
1064,132692,PT REHAU INDONESIA,PUT-016196.15/2020/PP/M.VIA Tahun 2025 DEMI KEADILAN BERDASARKAN KETUHANAN YANG ,2017,Pajak Penghasilan,Mengabulkan sebagian,transfer pricing,8,"11,18,24,64,82,84,87",7,96,"...na dimaksud dalam Pasal 18 ayat 3 UU PPh dan membuktikannya sebagaimana diuraikan dalam dokumentasi Transfer Pricing. Berdasarkan dokumentasi Transfer Pricing tersebut, Pemohon Banding telah menerapkan metode Compara..."
1065,132743,PT SARI DUMAI OLEO,PUT-005442.15/2024/PP/M.XVA Tahun 2025 DEMI KEADILAN BERDASARKAN KETUHANAN YANG ,2021,Pajak Penghasilan,Mengabulkan seluruhnya,transfer pricing,18,"7,9,10,15,20,21,26,27,28,31,34,39",12,41,...Terbanding menyampaikan penjelasan yang pada intinya sebagai berikut. a. bahwa.berdasarkan analisis transfer pricing atas penjualan dilakukan koreksi atas transaksi harga transfer afiliasi dibawah harga pasar atas tr...
1066,132765,PT JASATAMA PETROINDO,PUT-004505.15/2024/PP/M.IB Tahun 2025 DEMI KEADILAN BERDASARKAN KETUHANAN YANG M,2021,Pajak Penghasilan,-,transfer pricing,11,"31,34,52,54,68,85,103,104,106,112",10,127,"...ies, Terbanding tidak melakukan evaluasi yang mendalam dan menyeluruh. Demikian pula setelah metode Transfer Pricing yang dipakai ditentukan, yaitu Metode Cost-Plus Terbanding tidak melakukan penyesuaian atas perbeda..."
1067,132792,PT Gyrodata Indonesia,PUT-007421.15/2024/PP/M.XXB Tahun 2025,2021,Pajak Penghasilan,-,transfer pricing,6,"25,30,33,66,73",5,83,"...kian Pemeriksa melakukan koreksi atas NPM pada nilai Median yaitu 0,33% dalam perhitungan pengujian transfer pricing; Halaman 25 dari halaman Putusan Nomor PUT-007421.15/2024/PPIM.XXB hun 2025 PT Gyroda ndonesia"
1068,132827,PT JVCKENWOOD INDONESIA,PUT-005261.15/2023/PP/M.XIIA Tahun 2025 DEMI KEADILAN BERDASARKAN KETUHANAN YANG,2016,Pajak Penghasilan,Mengabulkan sebagian,transfer pricing,6,"11,20,48,51,54,63",6,126,"...mohon Banding dianggap sebagai limited risk distributor oleh Terbanding; bahwa di dalam dokumentasi Transfer Pricing Tahun 2016 (Lampiran 7), Pemohon Banding tidak pernah menyatakan sebagai limited risk distributor...."
1069,132832,PT Meiji Indonesia,PUT-005299.15/2024/PP/M.XIB Tahun 2025 DEMI KEADILAN BERDASARKAN KETUHANAN YANG ,2021,Pajak Penghasilan,Mengabulkan sebagian,transfer pricing,7,"13,17,18,35,51,53,54",7,58,...B. Tahapan Pelaksanaan Pemeriksaan 1. Menentukan karakteristik usaha wajib pajak; 2. Memilih metode transfer pricing; 3. Menerapkan prinsip kewajaran dan kelaziman usaha; Halaman 13 dari 58 halaman. Putusan Nomor PUT...
1070,132843,PT Sampoerna Indonesia Sembilan,PUT-005372.15/2024/PP/M.XIVA Tahun 2025 DEMI KEADILAN BERDASARKAN KETUHANAN YANG,2021,-,-,transfer pricing,29,"11,24,26,33,36,38,39,50,77,83,85,86,89,100,106,116,120",17,130,"...n kriteria yang sesuai dengan fungsi contract manufacturer Pemohon Banding, sesuai dengan peraturan transfer pricing yang berlaku; bahwa Pasal 3 ayat (2) dari PER-43, yang kemudian disempurnakan dengan PER-32 mengatu..."
1071,132844,PT. Semen Tonasa,PUT-005373.15/2024/PP/M.XVIB Tahun 2025 DEMI KEADILAN BERDASARKAN KETUHANAN YANG,2021,Pajak Penghasilan,Tidak dapat diterima,transfer pricing,1,44,1,53,...Indonesia (Persero) Tbk dan Anak Perusahaan (termasuk Pemohon Banding) sehubungan dengan ketentuan transfer pricing maka suku bunga dropping kepada Anak Perusahaan (termasuk Pemohon Banding) ditetapkan menjadi BI 7...
1072,132867,PT JAKARTA PRIMA STEEL INDUSTRIES,PUT-005410.15/2024/PP/M.XIA Tahun 2025 DEMI KEADILAN BERDASARKAN KETUHANAN YANG ,2018,Pajak Penghasilan,Mengabulkan seluruhnya,transfer pricing,1,33,1,75,"...n Banding tidak dalam keadaan merugi, sehingga terutang bunga dengan tingkat bunga wajar (penerapan transfer pricing). Halaman 33 dari 75 halaman. Putusan Nomor PUT-005410.15/2024/PP /M.XIA Tahun 2025 PT. Jakarta Pri..."
1073,132880,PT JAKARTA PRIMA STEEL INDUSTRIES,PUT-005423.15/2024/PP/M.XIA Tahun 2025 DEMI KEADILAN BERDASARKAN KETUHANAN YANG ,2021,Pajak Penghasilan,Mengabulkan seluruhnya,transfer pricing,2,"29,35",2,76,...usaha yang belum dilaporkan oleh Pemohon Banding yaitu pendapatan bunga berdasarkan hasil pengujian transfer pricing. (Sumber indeks B-4-6) KERTAS KERJA PEMERIKSAAN Nama : PT JAKARTA PRIMA STEEL INDUSTRIES Pendapatan...
1074,132912,PT. JJLAPP CABLE WORKS INDONESIA,PUT-011350.15/2023/PP/M.XIIB Tahun 2025 DEMI KEADILAN BERDASARKAN KETUHANAN YANG,2020,Pajak Penghasilan,-,transfer pricing,44,"7,9,11,21,26,27,28,29,30,47,53,54,55,56,58,59,88,89,91,93,97,98,103,119,120,121,122,123,124,127,137,154,156,158,163,165",36,206,"...Rp. 2,997,492,928 Services Costs oo 22. 18.363, 552.269 Rp. 240.713.614 2) Koreksi atas pengujian transfer pricing terkait penerapan harga wajar sebesar Rp3.988.698.821,00 e bahwa Metode yang paling tepat menurut..."
1075,132932,PT NAGAMAS PALMOIL LESTARI,PUT-006470.15/2024/PP/M.XB Tahun 2025 DEMI KEADILAN BERDASARKAN KETUHANAN YANG M,2021,Pajak Penghasilan,Mengabulkan seluruhnya,transfer pricing,18,"11,14,24,45,55,61,68,78,83,84,85,90,91,92",14,110,...ngan yang handal ataupun penyesuaian yang diperlukan; bahwa faktanya Pemohon Banding dapat menyusun Transfer Pricing Document karena semua dokumen tersedia; bahwa berdasarkan penjelasan yang telah Pemohon Banding sam...
1076,132981,PT Usaha Inti Padang NPWP 01.800.732.8-201.000 beralamat di Kawasan,PUT-005476.15/2024/PP/M.XIVB Tahun 2025,2020,Pajak Penghasilan,Mengabulkan seluruhnya,transfer pricing,17,"7,9,10,11,33,34,37,40,41,42",10,45,"...yang mempunyai Hubungan Istimewa, diketahui bahwa : 1) bahwa Lampiran I Bab II Tahapan Pemeriksaan Transfer Pricing butir 3 Menerapkan Prinsip Kewajaran dan Kelaziman Usaha mengatur antara lain: a. Melakukan Analisi..."
1077,133008,PT Usaha Inti Padang NPWP 01.800.732.8-201.000 beralamat di Kawasan,PUT-005500.15/2024/PP/M.XIVB Tahun 2025,2019,Pajak Penghasilan,Mengabulkan seluruhnya,transfer pricing,28,"7,9,10,11,12,40,53,54,61,64,65,67,70,73,74",15,77,"...yang mempunyai Hubungan Istimewa, diketahui bahwa : 1) bahwa Lampiran I Bab II Tahapan Pemeriksaan Transfer Pricing butir 3 Menerapkan Prinsip Kewajaran dan Kelaziman Usaha mengatur antara lain: a. Melakukan Analisi..."
1078,133059,PT TECH DATA ADVANCED SOLUTIONS INDONESIA,PUT-005610.15/2020/PP/M.XIA Tahun 2025 DEMI KEADILAN BERDASARKAN KETUHANAN YANG ,2017,Pajak Penghasilan,Mengabulkan sebagian,transfer pricing,8,"15,37,38,39,62",5,74,"b. bahwa di dalam proses pemeriksaan pajak, Pemohon Banding telah memberikan Service Agreement, Transfer Pricing Documentation, invoice dan bukti pembayaran serta bukti eksistensi atas penyerahan jasa terkait den..."
1079,133063,PT KAO INDONESIA CHEMICALS,PUT-005668.15/2020/PP/M.IIA Tahun 2025,2016,Pajak Penghasilan,Mengabulkan seluruhnya,transfer pricing,85,"11,12,13,14,15,16,22,23,25,26,30,45,48,66,67,68,69,70,71,72,78,79,80,81,82,86,99,104,107,111,121,122,126",33,137,"...isa Kewajaran dan Kelaziman usaha harus dimulai dari harga lalu ke laba, dengan perhitungan kembali Transfer Pricing menurut Terbanding adalah sebagai berikut: bahwa setelah metode Harga Transfer ditentukan, selanjut..."
1080,133193,PT. Minebea Accessolutions Indonesia d.h. PT. Honda Lock,PUT-014145.15/2022/PP/M.XVIIIB Tahun 2025,2019,Pajak Penghasilan,Mengabulkan seluruhnya,transfer pricing,2,"60,62",2,66,...ai hubungan istimewa; bahwa PER-22/PJ/2013 sebagai pedoman bagi Terbanding dalam melakukan analisis transfer pricing mengatur bahwa pengujian kewajaran pembayaran yang dilakukan Wajib Pajak atas jasa dari pihak afili...
1081,133222,PT NISSIN FOODS INDONESIA,PUT-014402.15/2021/PP/M.IVA Tahun 2025 DEMI KEADILAN BERDASARKAN KETUHANAN YANG ,2018,Pajak Penghasilan,Mengabulkan sebagian,transfer pricing,18,"11,18,22,102,106,131,143,144,146,147",10,163,"...m) Pemohon Banding di luar Indonesia, yaitu Nissin Foods Holdings, Co. Ltd.; bahwa berdasarkan OECD Transfer Pricing Guidelines Chapter VI Section D ""Marketing Activities Undertaken By Enterprises not owning trademar..."
1082,133223,PT Sumitomo Indonesia,PUT-014476.15/2022/PP/M.XIVB Tahun 2025,2019,Pajak Penghasilan,Mengabulkan seluruhnya,transfer pricing,62,"6,8,15,17,18,19,20,21,22,23,24,25,26,27,28,31,33,34,35,36,37,38,43,44,45,46,47,52,53,67,68,70,72,75",34,80,...epat bagi usaha Pemohon Banding dan hasilnya menunjukkan tingkat laba kami wajar; c. bahwa Analisis transfer pricing yang dilakukan Terbanding keliru khususnya penyajian laporan keuangan secara segmentasi yang tidak...
1083,133225,PT CATUR PUTRAHARMONIS,PUT-014508.15/2022/PP/M.VIB Tahun 2025 DEMI KEADILAN BERDASARKAN KETUHANAN YANG ,2017,Pajak Penghasilan,Mengabulkan sebagian,transfer pricing,4,"56,59,79,80",4,289,...insip Kewajaran dan Kelaziman Usaha; 4) bahwa berdasarkan penelitian yang dibuat dalam kertas kerja transfer pricing diketahui bahwa terkait pemberian pinjaman ke karyawan yang adalah juga sebagai pemegang saham dan...
1084,133228,PT ISPAT INDO,PUT-014605.15/2022/PP/M.XIIA Tahun 2025 DEMI KEADILAN BERDASARKAN KETUHANAN YANG,2019,Pajak Penghasilan,Mengabulkan seluruhnya,transfer pricing,15,"16,24,32,46,68,69,70,81,83",9,87,"...018 sebesar Rp1.944.707.900,00 dan Tahun 2019 sebesar Rp3.138.999.521,00; 3) Pengujian atas Dokumen Transfer Pricing yang disampaikan oleh Pemohon Banding untuk Tahun 2018 dan Tahun 2019 a) Meskipun Koreksi yang dila..."
1085,133229,PT ASK TECHNICA INDONESIA,PUT-014610.15/2019/PP/M.IIA Tahun 2025,2016,Pajak Penghasilan,Mengabulkan sebagian,transfer pricing,51,"8,19,26,27,31,32,33,37,42,45,46,47,48,49,50,51,54,56,60,64,66,70,73,75,76,77,78,79,80,84,85,86,88,91,95",35,99,"...a) harus menggunakan data 1 tahun untuk menghitung nilai kesebandingan. Hal ini sejalan dengan OECD Transfer Pricing Guidelines yang menyebutkan, tidaklah tepat menentukan standar yang tetap dalam penggunaan jumlah t..."
1086,133232,PT GRAHA TRISAKA INDUSTRI,PUT-014686.15/2021/PP/M.VIIIA Tahun 2025 DEMI KEADILAN BERDASARKAN KETUHANAN YAN,2018,Pajak Penghasilan,Mengabulkan seluruhnya,transfer pricing,26,"8,9,10,12,26,32,35,39,46,47,69,72,73,75,76,83,86",17,114,...dang usaha perbaikan kapal; bahwa hal ini sudah dengan jelas tercantum dalam Dokumen Lokal (dokumen Transfer pricing) Pemohon Banding dan DWP yang juga telah diserahkan kepada Terbanding pada proses pemeriksaan dan k...
1087,133270,PT MITSUI CHEMICALS POLYURETHANES INDONESIA,PUT-006619.15/2023/PP/M.XIIA Tahun 2025 DEMI KEADILAN BERDASARKAN KETUHANAN YANG,2020,Pajak Penghasilan,Menolak,transfer pricing,14,"9,11,13,19,20,21,26,42,43",9,50,"...ices (ICIS), yang merupakan penyedia harga acuan untuk pasar petrochemical bahwa pada dokumen lokal transfer pricing 2020 (Bab 4.3.2), Pemohon Banding melakukan analisis kesebandingan dengan menggunakan metode CUP ek..."
1088,133367,PT FUJI ELECTRIC INDONESIA,PUT-004816.15/2023/PP/M.IA Tahun 2025 DEMI KEADILAN BERDASARKAN KETUHANAN YANG M,2019,-,Menolak,transfer pricing,6,"8,13,35,39,41",5,45,...dilakukan sudah memenuhi prinsip kewajaran dan kelaziman usaha. Hal •in.i juga sesuat dengan OE.CD Transfer Pricing Guidelines for Multinational Enterprises and Tax Administrations Version January 2022 (`Pedoman OEC...
1089,133370,PT HONDA PROSPECT MOTOR,PUT-007477.15/2024/PP/M.IIIA Tahun 2025 DEMI KEADILAN BERDASARKAN KETUHANAN YANG,2021,Pajak Penghasilan,Mengabulkan seluruhnya,transfer pricing,24,"12,13,14,33,37,52,54,55,57,59,67,80,81,82,85,87,90,91,102",19,108,"...yang mempunyai hubungan istimewa, yaitu pada Bab I Poin C disebutkan sebagai berikut: ``Pemeriksaan transfer pricing terhadap transaksi afiliasi pada hakikatnya adalah suatu pengujian atas penerapan prinsip kewajaran..."
1090,133374,PT Trane Indonesia,PUT-013333.15/2019/PP/M.IIB Tahun 2025 DEMI KEADILAN BERDASARKAN KETUHANAN YANG ,2016,Pajak Penghasilan,Mengabulkan sebagian,transfer pricing,19,"29,40,43,63,66,83,90,98,99,105,106,117",12,124,...bayaran jasa tidak relevan dan tidak berdasarkan ketentuan yang berlaku. Gambar 5: Pemilihan Metode Transfer Pricing Terbanding atas Management Fee dalam SPUH 11. Double Adjustment Dapat Pemohon Banding sampaikan bah...
1091,133393,PT.ADM INDONESIA TRADING AND LOGISTICS,PUT-011759.15/2023/PP/M.XB Tahun 2025 DEMI KEADILAN BERDASARKAN KETUHANAN YANG M,2020,Pajak Penghasilan,-,transfer pricing,38,"6,7,8,9,10,14,16,17,18,19,20,23,28,31,37,38,39,40,41,42,43,44,55,64,65,75",26,90,"...enggarakan dan mendokumentasikan analisis kewajaran atas transaksi afiliasi sesuai dengan peraturan Transfer Pricing yang berlaku (PMK-213/2016), serta menyampaikan dokumen tersebut kepada Terbanding pada proses peme..."
1092,133400,-,PUT-012489.15/2022/PP/M.IIIA Tahun 2025 DEMI KEADILAN BERDASARKAN KETUHANAN YANG,2019,Pajak Penghasilan,Mengabulkan sebagian,transfer pricing,22,"17,19,66,68,72,93,99,101,108,110,114,140,141,152,166,167",16,217,"...k rokok yang dijuak ke pihak afiliasi baik di dalam negeri maupun di luar negeri; Dalam pemeriksaan transfer pricing, terdapat situasi-situasi dimana pengujian transaksi afiliasi secara gabungan lebih tepat untuk dit..."
1093,133422,PT. Mowilex Indonesia,PUT-012944.15/2021/PP/M.XVIB Tahun 2025 DEMI KEADILAN BERDASARKAN KETUHANAN YANG,2018,Pajak Penghasilan,Mengabulkan sebagian,transfer pricing,15,"26,37,73,78,93,132,137,138",8,169,"...erhadap Pemohon Banding yang Mempunyai Hubungan Istimewa, bagian B. Tahapan Pelaksanaan Pemeriksaan Transfer Pricing, telah diuraikan terkait tahapan pelaksaan pemeriksaan transfer pricing pada transaksi harta tak be..."
1094,133432,PT KONECRANES MATERIAL HANDLING INDONESIA d.h. PT MHE,PUT-013088.15/2021/PP/M.VIIIB Tahun 2025 DEMI KEADILAN BERDASARKAN KETUHANAN YAN,2018,Pajak Penghasilan,Menolak,transfer pricing,2,"23,35",2,39,...anggal 31 Desember 2018 dalam bahasa Inggris dan dalam bahasa Indonesia yang telah dimateraikan; 2. Transfer Pricing Dokumentation 2018 dalam bahasa Inggris dan Bahasa Indonesia yang dimateraikan (asli telah ditunjuk...
1095,133444,PT Interpublic Group Of Companies Indonesia,PUT-013191.15/2019/PP/M.IIA Tahun 2025,2016,Pajak Penghasilan,Mengabulkan seluruhnya,transfer pricing,4,"10,13,24,43",4,49,"...eh Pemohon Banding, informasi mengenai kegiatan bisnis dari pihak afiliasi dapat diketahui di dalam Transfer Pricing Documentation, bahwa secara nyata Pemohon Banding mendapatkan manfaat ekonomis atas jasa yang diber..."
1096,133447,PT Trane Indonesia,PUT-013333.15/2019/PP/M.IIB Tahun 2025 DEMI KEADILAN BERDASARKAN KETUHANAN YANG ,2016,Pajak Penghasilan,Mengabulkan sebagian,transfer pricing,19,"29,40,43,63,66,83,90,98,99,105,106,117",12,124,...bayaran jasa tidak relevan dan tidak berdasarkan ketentuan yang berlaku. Gambar 5: Pemilihan Metode Transfer Pricing Terbanding atas Management Fee dalam SPUH 11. Double Adjustment Dapat Pemohon Banding sampaikan bah...
1097,133461,PT MITSUI CHEMICALS POLYURETHANES INDONESIA,PUT-006619.15/2023/PP/M.XIIA Tahun 2025 DEMI KEADILAN BERDASARKAN KETUHANAN YANG,2020,Pajak Penghasilan,Menolak,transfer pricing,14,"9,11,13,19,20,21,26,42,43",9,50,"...ices (ICIS), yang merupakan penyedia harga acuan untuk pasar petrochemical bahwa pada dokumen lokal transfer pricing 2020 (Bab 4.3.2), Pemohon Banding melakukan analisis kesebandingan dengan menggunakan metode CUP ek..."
1098,133507,PT JFE STEEL GALVANIZING INDONESIA,PUT-006747.15/2023/PP/M.XA Tahun 2025 DEMI KEADILAN BERDASARKAN KETUHANAN YANG M,2020,Pajak Penghasilan,Menolak,transfer pricing,33,"10,11,15,17,18,19,22,23,25,27,49,50,54,61,70,74,83,84,90,91,95,96,99,100,101,105,106",27,110,...kesebandingan dalam Dokumen Lokal berdasarkan ketentuan Perpajakan Indonesia dan mengikuti panduan Transfer pricing OECD. bahwa Terbanding telah setuju dengan pendekatan Pemohon Banding yang menggunakan Transactiona...
1099,133573,PT KOMATSU MARKETING AND SUPPORT INDONESIA,PUT-007318.15/2020/PP/M.IVB Tahun 2025 DEMI KEADILAN BERDASARKAN KETUHANAN YANG ,2016,Pajak Penghasilan,Mengabulkan seluruhnya,transfer pricing,10,"17,41,48,50,52,57,65",7,92,...Nomor PER- 43/PJ/2010 sebagaimana telah diubah terakhir dengan PER-32/PJ/2011; g. Pemilihan Metode Transfer Pricing bahwa dalam menentukan harga wajar transaksi pembelian antara Pemohon Banding dengan pihak yang mem...
1100,133578,PT TAMBANG RAYA USAHA TAMA,PUT-007341.15/2024/PP/M.XIIB Tahun 2025 DEMI KEADILAN BERDASARKAN KETUHANAN YANG,2021,Pajak Penghasilan,Mengabulkan seluruhnya,transfer pricing,19,"9,12,19,74,86,90,92,94,101,116,117,118,119,120",14,123,"...n pekerjaan. Pemeriksa melakukan perhitungan kembali jumlah peredaran usaha dengan menggunakan data Transfer Pricing Document (TP Doc) yang dibuat oleh Pemohon Banding; bahwa Dalam TP Doc, kewajaran nilai peredaran u..."
1101,133583,PT. Sadhana Arifnusa,PUT-008877.15/2023/PP/M.XIVA Tahun 2025 DEMI KEADILAN BERDASARKAN KETUHANAN YANG,2020,-,-,transfer pricing,1,26,1,32,"...gketa ini melibatkan penilaian harta berwujud, khususnya sewa gudang, dalam konteks harga transfer (transfer pricing) antara pihak afiliasi; Menimbang, bahwa Pemohon Banding tidak menyetujui koreksi ini karena Pemoho..."
1102,133584,PT DETPAK INDONESIA,PUT-006760.15/2020/PP/M. XVIB Tahun 2025 DEMI KEADILAN BERDASARKAN KETUHANAN YAN,2016,-,Mengabulkan sebagian,transfer pricing,10,"10,17,18,29,30,31,33,48,50",9,54,"...50/PJ/2013, OECD TP Guidelines for Multinational Enterprises and Tax Administration 2010 Chapter II Transfer Pricing Method par 2.80 mengatur bahwa : “Non-operating items such as interest income and expenses and inco..."
1103,133597,PT AMERTA INDAH OTSUKA,PUT-006777.15/2024/PP/M.VB Tahun 2025 DEMI KEADILAN BERDASARKAN KETUHANAN YANG M,2018,Pajak Penghasilan,-,transfer pricing,26,"15,16,21,22,23,25,69,75,80,81,84,87",12,101,"...a Pemohon Banding Dalam Negeri di dalam yurisdiksi perpajakan Indonesia sehingga, tidak ada praktik transfer pricing dalam rangka menghindari pajak; bahwa penerapan prinsip kewajaran dan kelaziman usaha yang terdapat..."
1104,133616,PT Indo Kordsa Tbk,PUT-006856.15/2024/PP/M.XXA Tahun 2025 DEMI KEADILAN BERDASARKAN KETUHANAN YANG ,2018,Pajak Penghasilan,Mengabulkan seluruhnya,transfer pricing,74,"17,21,22,23,27,33,34,37,39,50,51,53,76,80,83,84,86,94,108,109,110,112,113,114,116,117,118,121,127,130,132,143,144,145,150,151,152",37,166,"...Banding telah memenuhi prinsip kewajaran dan kelaziman usaha; bahwa selain itu, Paragraf 3.60 OECD Transfer Pricing Guidelines 2017 (OECD TP Guidelines) menyebutkan bahwa: “If the relevant condition of the controlle..."
1105,133636,-,PUT-006909.15/2023/PP/M.IIIA Tahun 2025 DEMI KEADILAN BERDASARKAN KETUHANAN YANG,2020,Pajak Penghasilan,Mengabulkan seluruhnya,transfer pricing,1,26,1,89,...Payable Intercompany 2020 (Penyampaian • Account Receivable Intercompany 2020 ulang) 8 18 Februari Transfer Pricing Document: 2022 • Master File • Local File • TP Appendices • CBCR Notice • Statement Letter 9 25 Feb...
1106,133646,PT SIN A SIXFIFTEEN,PUT-006965.15/2023/PP/M.VA Tahun 2025 DEMI KEADILAN BERDASARKAN KETUHANAN YANG M,2020,Pajak Penghasilan,Mengabulkan sebagian,transfer pricing,7,"18,21,30,31,33,36",6,43,...Pemusnahan; c. Pendapat Terbanding bahwa Terbanding (Pemeriksa) telah melakukan tahapan pemeriksaan Transfer Pricing; bahwa penggunaan metode TNMM dengan PLI adalah NCP atau ROTC pada Pemohon Banding dengan pencarian...
1107,133655,PT. SINAR AGRO RAYA,PUT-006994.15/2024/PP/M.XVIIIB Tahun 2025,2021,-,Mengabulkan sebagian,transfer pricing,10,"14,16,81,84,121,132,134,146,155,165",10,175,menyatakan: (1) Peraturan Direktur Jenderal Pajak ini berlaku untuk Penentuan Harga Transfer (transfer pricing) atas transaksi yang dilakukan Wajib Pajak Dalam Negeri atau Bentuk Usaha Tetap di Indonesia dengan...
1108,133701,PT Mitra Sinar Jaya,PUT-007087.15/2024/PP/M.XIVA Tahun 2025 DEMI KEADILAN BERDASARKAN KETUHANAN YANG,2018,-,-,transfer pricing,19,"26,36,53,59,61,63,68,78,80,82,86,91,107,111,112,113",16,117,"...ksi Ref. Deskripsi (Rupiah) A Koreksi Tambahan Harga Beli (FCR, Mortality) 22.126.302.208 B Koreksi Transfer Pricing 31.590.636.754 Jumlah 53.716.938.852 bahwa Pemohon Banding tidak setuju atas koreksi Harga Pokok Pe..."
1109,133710,PT Arisu Graphic Prima,PUT-007100.15/2024/PP/M.XIVA Tahun 2025 DEMI KEADILAN BERDASARKAN KETUHANAN YANG,2018,Pajak Penghasilan,-,transfer pricing,1,28,1,65,...ngkat suku bunga (Interest Rate) atau biaya lainnya terkait pinjaman intra-grup yang tertuang dalam Transfer Pricing Document Pemohon Banding Tahun Pajak 2018 dengan ringkasan sebagai berikut: bahwa Pemohon Banding m...
1110,133735,PT WILMAR CAHAYA INDONESIA Tbk,PUT-007128.15/2020/PP/M.IIA Tahun 2025,2017,Pajak Penghasilan,Menolak,transfer pricing,18,"9,13,18,19,24,25,32,35,42,44,47,52,55",13,68,1) bahwa penentuan Harga Transfer (transfer pricing) adalah penentuan harga dalam transaksi antara pihak-pihak yang mempunyai Hubungan Istimewa; 2) bah...
1111,133746,PT ECCO TANNERY INDONESIA,PUT-007358.15/2023/PP/M.IIIA Tahun 2025 DEMI KEADILAN BERDASARKAN KETUHANAN YANG,2020,Pajak Penghasilan,-,transfer pricing,36,"8,11,12,13,14,15,22,34,35,36,40,42,43,44,46,53,68,70,71,78,94,96,109,118,125,126",26,130,"...iskal Positif sebesar Rp63.480.785.949 dengan alasan sebagai berikut: ✓ bahwa berdasarkan pengujian transfer pricing atas transaksi afiliasi Pemohon Banding dengan PT KT Trading, Terbanding menyimpulkan bahwa harga j..."
1112,133780,PT Aktif Indonesia lndah,PUT-000109.15/2024/PP./M.IA Tahun 2025 DEMI KEADILAN BERDASARKAN KETUHANAN YANG ,2018,Pajak Penghasilan,Menolak,transfer pricing,13,"10,13,14,23,34,41,51,56,58",9,62,...eos Company Limited dan Taimei Chemicals Co Ltd.; 7. Terbanding menggunakan tesfed parry dan metode transfer pricing yang sama dengan yang digunakan oleh Pemohon Banding yaitu PT All sebagai fesfed party dan metode T...
1113,133783,BUT ANDRITZ HYDRO GMBH,PUT-001744.15/2024/PP/M.VIA Tahun 2025 DEMI KEADILAN BERDASARKAl,2018,Pajak Penghasilan,-,transfer pricing,1,33,1,63,"...ngan 1 ae Pembangkit Listrik Tenaga Air, Lot Ill Electromechanical works; bahwa berdasarkan dokumen Transfer Pricing PT Andritz Hydro (sesuai lampiran 3), dijelaskan: bahwapenjelasanmengenai""hubunganefektif'atau""Effe..."
1114,133805,-,PUT-007877.15/2024/PP/M.IIIA Tahun 2025 DEMI KEADILAN BERDASARKAN KETUHANAN YANG,2018,Pajak Penghasilan,Mengabulkan sebagian,transfer pricing,55,"13,15,19,20,21,22,23,26,30,31,33,34,39,61,62,63,74,78,80,81,85,86,90,91,95,102,108,112,113,122,124,126,130",33,141,"...uaian yang periu dilakukan untuk menghilangkan perbedaan material yang ada; 2.2. The selection of a transfer pricing method aivvays aims at finding the most appropriate method for a particular case. For this purpose,..."
1115,133828,PT FCC INDONESIA,PUT-007732.15/2024/PP/M.VB Tahun 2025 DEMI KEADILAN BERDASARKAN KETUHANAN YANG M,2021,-,-,transfer pricing,15,"11,23,29,37,39,44,45,46",8,51,...Banding perlu menjelaskan perjelasan tambahan tentang pendekatan analisis kesebandingan di Dokumen Transfer Pricing sehubungan dengan pengujian transaksi royalti pada metode CUP yakni dengan menambahkan hasil rentan...
1116,133834,PT FEDERAL KARYATAMA,PUT-005328.15/2024/PP/M.XIIIB Tahun 2025 DEMI KEADILAN BERDASARKAN KETUHANAN YAN,2021,-,Mengabulkan seluruhnya,transfer pricing,27,"7,9,10,11,12,13,15,29,42,43,45,103,105,106,119",15,135,"...ten menghasilkan laba di atas perusahaan pembanding yang mengindikasikan bahwa tidak terdapat motif transfer pricing (penghindaran laba). Sementara itu, koreksi yang dilakukan oleh Terbanding menyebabkan margin yang..."
1117,133867,PT YAMAHA MOTOR PARTS MANUFACTURING INDONESIA,PUT-007421.15/2023/PP/M.XIIIB Tahun 2025 DEMI KEADILAN BERDASARKAN KETUHANAN YAN,2020,-,Mengabulkan seluruhnya,transfer pricing,11,"9,11,14,15,16,29,40,45,86",9,101,...empunyai Hubungan Istimewa. (5) Perjanjian Penghindaran Pajak Berganda Indonesia – Jepang. (6) OECD Transfer Pricing Guidelines for Multinational Enterprises and Tax Administrations Juli 2017. (7) UN Practical Manual...
1118,134048,PT.NAIGAI SHIRTS INDONESIA,PUT-0053177.15/2024/PP/M.-XINB-Tahun 2025,2021,Pajak Penghasilan,Mengabulkan sebagian,transfer pricing,11,"8,9,36,40,46,47,60",7,64,"...engujian tahapan-tahapan yang dilakukan Pemohon Banding atas transaksi afiliasi yang tertuang dalam Transfer Pricing Documentation, namun dalam tahapan penetapan pembanding independen yang dipilih Terbanding-berbeda..."
1119,134057,-,PUT-009408.15/2023/PP/M.XIIIB Tahun 2025 DEMI KEADILAN BERDASARKAN KETUHANAN YAN,2029,Pajak Penghasilan,Mengabulkan seluruhnya,transfer pricing,1,24,1,32,...tan oleh Pemohon'Banding dengan prosentase bunga yang dikenakan (dari. dokumen perjanjian utang dan transfer pricing documentation dengan rincian perhitungan beban bunga sebagai berikut: e “iiabilitas jangka pendek...
1120,134098,PT MITRA ABADI SELATAN,PUT-011078.15/2024/PP/M.XVIB Tahun 2025 DEMI KEADILAN BERDASARKAN KETUHANAN YANG,2019,Pajak Penghasilan,Menolak,transfer pricing,1,25,1,58,...rusahaan pada salah satu atau beberapa perusahaan yang berada dalam satu kelompok usaha dan terjadi transfer pricing dimana Wajib Pajak (PT Mitra Abadi Selatan) dikenakan tarif PPh 25% sedangkan PT Tradisi Bina Usaha...
1121,134120,PT. Daido Metal Indonesia,PUT-011250.15/2021/PP/M.IA Tahun 2025 DEMI KEADILAN BERDASARKAN KETUHANAN YANG M,2018,Pajak Penghasilan,Menolak,transfer pricing,25,"10,22,33,35,36,38,42,45,46,48,51,55,56,57,72,73,82,84,85",19,90,"...rikut: Menurut Terbanding: bahwa Terbanding melakukan koreksi peredaran usaha berdasarkan pengujian transfer pricing sebesar Rp 1.662.824.689. Terbanding melakukan koreksi atas penjualan afiliasi sebesar 36,2% dari t..."
1122,134132,PT SULOTCO JAYA ABADI,PUT-000719.15/2024/PP/M.VA Tahun 2025 DEMI KEADILAN BERDASARKAN KETUHANAN YANG M,2018,Pajak Penghasilan,Mengabulkan seluruhnya,transfer pricing,11,"6,10,32,55,56,57,58",7,65,"...wa Pasal 2 ayat (1), “Peraturan Direktur Jenderal Pajak ini berlaku untuk Penentuan Harga Transfer (Transfer Pricing) atas transaksi yang dilakukan Wajib Pajak Dalam Negeri atau Bentuk Usaha Tetap di Indonesia dengan..."
1123,134155,PT MANGOLE TIMBER PRODUCERS,PUT-000814.15/2025/PP/M.XVIIIA Tahun 2025 DEMI KEADILAN BERDASARKAN KETUHANAN YA,2019,Pajak Penghasilan,-,transfer pricing,16,"24,32,33,53,55,60,75,81,83,91,103,105",12,154,...alkan. e. Pemohon Banding Tidak Memiliki Kewajiban Untuk Membuat Dokumen Penentuan Harga Transaksi (Transfer Pricing Documentations) Bahwa sebagaimana tercantum dalam Pemberitahuan Daftar Hasil Penelitian Keberatan y...
1124,134198,PT ARMADA GEMA NUSANTARA,PUT-011371.15/2022/PP/M.VIIIB Tahun 2025 DEMI KEADILAN BERDASARKAN KETUHANAN YAN,2018,Pajak Penghasilan,Mengabulkan seluruhnya,transfer pricing,1,37,1,72,"...erjanjian terkait Pinjaman • Surat Pengungkapan Ketidakbenaran PPN Tahun 2018 • Dokumentasi terkait Transfer Pricing (Dokumen Induk, Dokumen Lokal, dan rincian transaksi dengan pihak berelasi) • Kertas kerja ekualisa..."
1125,134226,PT KIA KERAMIK MAS,PUT-011450.15/2020/PP/M.XIB Tahun 2025 DEMI KEADILAN BERDASARKAN KETUHANAN YANG ,2017,Pajak Penghasilan,Mengabulkan seluruhnya,transfer pricing,45,"8,13,17,21,29,30,31,32,33,35,36,51,53,54,65,74,75,80,82,87,92,98,99,100,101,102,106",27,112,"...A No. 3, 4, dan 5 Lampiran Surat Edaran DJP No. 50 Tahun 2013 (SE-50), dalam melakukan pemeriksaan Transfer Pricing, langkah-langkah yang seharusnya dilakukan Terbanding, antara lain: 1. Apabila Pemeriksa Pajak mene..."
1126,134228,PT TETRA PAK INDONESIA,PUT-011463.15/2022/PP/M.XIA Tahun 2025 DEMI KEADILAN BERDASARKAN KETUHANAN YANG ,2019,Pajak Penghasilan,Mengabulkan sebagian,transfer pricing,30,"19,24,27,31,35,42,44,71,72,93,96,97,125,126,144,145",16,162,...ng menurut Terbanding: Pada dasarnya Terbanding menilai bahwa langkah-langkah pelaksanaan pengujian transfer pricing yang dilakukan telah memadai dan sesuai dengan aturan yang berlaku. Tetapi Terbanding melakukan pen...
1127,134293,PT. HALLIBURTON INDONESIA,PUT-011664.15/2023/PP/M.XVB Tahun 2025 DEMI KEADILAN BERDASARKAN KETUHANAN YANG ,2020,Pajak Penghasilan,-,transfer pricing,13,"16,18,44,52,69,73,76,88,95,100,106",11,114,"...rsebut tidaklah sebanding. Bahwa menganalisis keberadaan suatu Intangible Properties (TP”) di dalam Transfer Pricing tidaklah mutlak dilihat dari aspek kepemilikan hukum suatu IP, tapi perlu dianalisis melalui fungsi..."
1128,134316,PT. Teckno Dua Indonesia,PUT-002768.15/2023/PP /M.XVIIIB Tahun 2025,2018,Pajak Penghasilan,Menolak,transfer pricing,5,"17,18,37,39,49",5,71,...jaran transaksi yang dipengaruhi oleh hubungan istimewa.Bahwa berdasarkan Kertas. Kerja Pemeriksaan Transfer Pricing disampaikan hal-hal sebagai berikut: 1) Menentukan Karakteristik Usaha Pemohon Banding. bahwa PT....
1129,134320,PT NUSANTARA STEELMILLS INDONESIA,PUT-005269.15/2024/PP/M.XIIIB Tahun 2025 DEMI KEADILAN BERDASARKAN KETUHANAN YAN,2021,Pajak Penghasilan,-,transfer pricing,2,"34,40",2,57,"...an Umum dan Tata Cara Perpajakan, Saat Terutang PPh Pasal 26 dan Bunga Pinjaman, Hubungan Afiliasi (Transfer Pricing), dan Kewajiban Subordinasi (Penerapan Peraturan OJK Nomor 72/POJK.04/2017). Selain.itu terdapat as..."
1130,134324,PT AKASHI WAHANA INDONESIA,PUT-010919.15/2023/PP/M.XIIB Tahun 2025 DEMI KEADILAN BERDASARKAN KETUHANAN YANG,2020,Pajak Penghasilan,-,transfer pricing,52,"14,15,16,17,23,24,25,32,56,57,58,59,60,61,62,75,76,77,79,81,82,89,94,100,101,107,109",27,113,"...Laporan Keuangan Wajib Pajak menurut data Transfer Pricing adalah 2,775: 7) Berdasarkan..pengujian Transfer Pricing, Ouartile ROTC dari perusahaan pembanding adalah guartile 1 sebesar 3,257, guartile 2 sebesar 4,30Y..."
1131,134328,PT. HALLIBURTON INDONESIA,PUT-014144.15/2022/PP/M.XVB Tahun 2025 DEMI KEADILAN BERDASARKAN KETUHANAN YANG ,2019,-,Mengabulkan sebagian,transfer pricing,5,"29,102,103,119",4,127,...emuat rangkumanterkait analisis yang dilakukan oleh Pemohon Banding: Deskripsi Keterangan Metode Transfer Pricing | Transactional net margin method (TNMM) Pihak yang diuji Lawan transaksi: Penjual inventory (yait...
1132,134342,PT RAYOVAC BATTERY INDONESIA (d.h. PT FDK INDONESIA),PUT-000009.15/2021/PP/M.XA Tahun 2025 DEMI KEADILAN BERDASARKAN KETUHANAN YANG M,2017,Pajak Penghasilan,Mengabulkan seluruhnya,transfer pricing,15,"8,12,18,31,40,61,63,74,75,76,79",11,85,...emeriksa dalam melakukan koreksi seharusnya menggunakan data yang tersedia ketika pembuatan dokumen transfer pricing tersebut dibuat bukan ketika pemeriksa melakukan pemeriksaan terhadap Wajib Pajak; bahwa berdasarka...
1133,134353,PT BANK-PERMATA TBK,PUT-002293.15/2023/PP/M.XA Tahun 2025 DEMI KEADILAN BERDASARKAN KETUHANAN YANG M,2018,Pajak Penghasilan,-,transfer pricing,1,31,1,83,"...negara mitra yang dilakukan oleh otoritas pajak negara yang bersangkutan sehubungan dengan koreksi Transfer Pricing yang dilakukan oleh otoritas pajak negara mitra (primary adjustments), sehingga alokasi keuntungan..."
1134,134354,PT RAYOVAC BATTERY INDONESIA (d.h. PT FDK INDONESIA),PUT-002305.15/2022/PP/M.XA Tahun 2025 DEMI KEADILAN BERDASARKAN KETUHANAN YANG M,2015,Pajak Penghasilan,Mengabulkan seluruhnya,transfer pricing,60,"12,15,16,17,20,25,26,27,31,32,36,37,58,61,71,72,75,84,91,92,93,96,101,102,103,104,107,108,111,123,125",31,133,...tersebut di atas adalah sebagai berikut: bahwa koreksi atas Peredaran Usaha berasal dari Pengujian Transfer Pricing yang dilakukan terhadap Pemohon Banding atas transaksi kepada afiliasi dengan menggunakan metode La...
1135,134370,PT LEAPFROG INDONESIA,PUT-006981 .15/2023/PP/M.XIA Tahun 2025 DEMI KEADILAN BERDASARKAN KETUHANAN YANG,2020,Pajak Penghasilan,Mengabulkan sebagian,transfer pricing,11,"13,14,17,19,30,31,33,37,45,50",10,77,"...tentang Petunjuk Teknik Pemeriksaan Terhadap Wajib Pajak Yang Mempunyai Hubungan Istimewa, 5) OECD Transfer Pricing Guidelines 2017: Paragraf 1.107, terjemahan: Perbedaan dalam karakteristik khusus dari barang ata..."
1136,134371,-,PUT-007411.15/2023/PP/M.XIA Tahun 2025 DEMI KEADILAN BERDASARKAN KETUHANAN YANG ,2020,Pajak Penghasilan,-,transfer pricing,5,"12,13,14,49",4,52,Lampiran I Bab II Tahapan Pemeriksaan Transfer Pricing butir 1 Menentukan Karakteristik Wajib Pajak mengatur antara lain : 4) Rasio Finansial Dalam pemeri...
1137,134372,PT SUMI INDO WIRING SYSTEMS,PUT-008478.15/2024/PP/M.IB Tahun 2025 DEMI KEADILAN BERDASARKAN KETUHANAN YANG M,2021,Pajak Penghasilan,Mengabulkan sebagian,transfer pricing,16,"6,9,24,28,42,43,54,55,63,87,91,94",12,105,...pendukung atas koreksi Pembelian sebesar USD 7.791.128 diketahui: e Surat Perintah Kerja Pembuatan Transfer Pricing Document (TP Doc) ditandatangani pada tanggal 22 Juli 2022. e Pemohon Banding melakukan pencarian...
1138,134392,PT DMG MORIIINDONESIA,PUT-010114.15/2023/PP/M.XIA Tahun 2025 DEMI KEADILAN BERDASARKAN KETUHANAN YANG ,2020,Pajak Penghasilan,Mengabulkan sebagian,transfer pricing,3,"11,39,42",3,73,...paris & machinery) dan pendapatan jasa (Sales support service dan Maintenance service) Namun dalam Transfer Pricing Document (TP Doc)-nya Pomohon Banding tidak melakukan segmentasi usaha sebagaimana diatur dalam Pas...
1139,134445,PT Sri Trang Lingga Indonesia,PUT-001067.15/2024/PP/M.XXB Tahun 2025,2021,Pajak Penghasilan,Mengabulkan sebagian,transfer pricing,24,"10,11,12,21,24,25,31,49,54,63,87,106,112,113,120,124,131,172,177",19,196,...n barang tidak sesuai dengan fakta sebenarnya. Pemohon Banding tidak membedakan grade dalam dokumen Transfer Pricing-nya. Dimana penyerahan SIR/TSR mempunyai grade dan harga tergantung pada grade tersebut. Pembanding...
1140,134485,PT MASTERCARD INDONESIA,PUT-001249.15/2024/PP/M.VA Tahun 2025 DEMI KEADILAN BERDASARKAN KETUHANAN YANG M,2017,Pajak Penghasilan,Mengabulkan seluruhnya,transfer pricing,3,"41,58,61",3,66,"...ebesar Rp307.523.843.200 (i) Dalam melakukan koreksi, Terbanding telah mengabaikan pedoman analisis transfer pricing menurut ketentuan Pasal 18 ayat (3) UU Pajak Penghasilan dan PER-22/PJ/2013 karena Terbanding secar..."
1141,134534,PT SYNGENTA INDONESIA,PUT-001393.15/2024/PP/M.VA Tahun 2025 DEMI KEADILAN BERDASARKAN KETUHANAN YANG M,2017,Pajak Penghasilan,Mengabulkan sebagian,transfer pricing,7,"18,24,25,27,31,35,51",7,60,"...an perundang- undangan perpajakan domestik dan internasional yang berlaku serta telah sesuai dengan Transfer Pricing Guidelines Grup Syngenta AG bahwa tanpa mengesampingkan tanggapan kami di atas, Pemohon Banding ing..."
1142,134535,PT Wyeth Nutrition Sduaenam,PUT-001394.15/2024/PP/M.XIB Tahun 2025 DEMI KEADILAN BERDASARKAN KETUHANAN YANG ,2020,Pajak Penghasilan,Mengabulkan seluruhnya,transfer pricing,11,"7,14,22,23,24,27,44,45",8,72,...ihak afiliasi telah memenuhi uji eksistensi dan uji manfaat sebagaimana disyaratkan dalam peraturan transfer pricing yang berlaku dengan alasan-alasan sebagai berikut: bahwa Pemohon Banding menyampaikan bahwa pada ta...
1143,134548,PT GLOBAL TEKNOLOGI SERVISINDO,PUT-001451.15/2024/PP/M.XB Tahun 2025 DEMI KEADILAN BERDASARKAN KETUHANAN YANG M,2020,Pajak Penghasilan,Mengabulkan sebagian,transfer pricing,2,"31,38",2,56,...ksud Pasal 2 ayat (1) Peraturan Direktur Jenderal Pajak ini berlaku untuk Penentuan Harga Transfer (Transfer Pricing) atas transaksi yang dilakukan Wajib Pajak Dalam Negeri atau Bentuk Usaha Tetap di Indonesia dengan...
1144,134560,PT IVIERCK SHARP & DOHME INDONESIA,PUT-005528.15/2023fl,2020,Pajak Penghasilan,Mengabulkan seluruhnya,transfer pricing,7,"9,14,16,32,48",5,64,...filiasi yang dilakukannya sebagaimana tertuang dalam Dokumen Penentuan Harga Transfer/ Dokumen LokaITransfer Pricing Documentation (TP Doc); 2. Rentang laba (OM) wajar yang dijadikan dasar koreksi Terbanding (DJP) di...
1145,134565,PT EXEDY MANUFACTURING INDONESIA,PUT-009378.15/2023/PP/M.XIA Tahun 2025 DEMI KEADILAN BERDASARKAN KETUHANAN YANG ,2020,Pajak Penghasilan,-,transfer pricing,3,"10,20,47",3,61,"...si Positif atas Harga Pokok Penjualan sebesar Rp9.438.936.070,00 bahwa Terbanding melakukan koreksi transfer pricing atas Harga Pokok Penjualan (HPP) sebesar Rp9.438.936.070,00 dengan rincian dan alasan sebagai berik..."
1146,134705,PT Henkel Indonesien,PUT-010815.15/2024/PP/M.XXA Tahun 2025 DEMI KEADILAN BERDASARKAN KETUHANAN YANG ,2020,Pajak Penghasilan,Mengabulkan sebagian,transfer pricing,5,"33,38,72,77",4,82,"...n 11,35% bahwa kemudian berdasarkan analisis TNMM yang Pemohon Banding sampaikan pada Dokumen Lokal Transfer Pricing Tahun Pajak 2020, ditemukan bahwa rentang kewajaran dan kelaziman usaha (rentang interkuartil perus..."
1147,134858,PT Henkel Indonesien,PUT-010815.15/2024/PP/M.XXA Tahun 2025 DEMI KEADILAN BERDASARKAN KETUHANAN YANG ,2020,Pajak Penghasilan,Mengabulkan sebagian,transfer pricing,5,"33,38,72,77",4,82,"...n 11,35% bahwa kemudian berdasarkan analisis TNMM yang Pemohon Banding sampaikan pada Dokumen Lokal Transfer Pricing Tahun Pajak 2020, ditemukan bahwa rentang kewajaran dan kelaziman usaha (rentang interkuartil perus..."
1148,135180,PT. SOFTWAREAG INDONESIA OPERATIONS,PUT-001563.15/2024/PP/M.XIIIA Tahun 2025 DEMI KEADILAN BERDASARKAN KETUHANAN YAN,2020,Pajak Penghasilan,Mengabulkan sebagian,transfer pricing,5,"7,13,14,26",4,70,...ngan alasan sebagai berikut: 1. Pemohon Banding telah menyampaikan Dokumen Penentuan Harga Transfer/Transfer Pricing Documentation (“TPD”) yang terdiri dari Dokumen Induk dan Dokumen Lokal untuk Tahun Pajak 2020 yang...
1149,135220,PT SUPER STEEL KARAWANG,PUT-000242.15/2024/PP/M.IIIB Tahun 2025 DEMI KEADILAN BERDASARKAN KETUHANAN YANG,-,Pajak Penghasilan,Mengabulkan seluruhnya,transfer pricing,10,"8,31,51,77,78,81",6,87,"...hwa yang menjadi pokok sengketa dalam permohonan banding ini adalah koreksi Terbanding atas koreksi transfer pricing yang dialokasikan ke dalam Harga Pokok Penj.ualan (nilai pembelian) sebesar USD1,190,393.00: Alasan..."
1150,135222,PT JTEKT Indonesia NPWP 21.065.638.5-431.000 beralamat di Jln Surya,PUT-001297.15/2022/Ppm.XIVB Tahun 2025,2018,-,Mengabulkan seluruhnya,transfer pricing,36,"20,28,29,31,32,33,44,47,50,52,54,57,67,68,72,82,83,89,93,97,98",21,99,...elah mengakui keseluruhan pembayaran Initial PJ Expense kepada JTEKT Corporation. b. Koreksi primer Transfer Pricing (Fungsi Perdagangan) sebesar Rp6.934.364.155 Pemohon Banding tidak setuju atas koreksi yang dilakuk...
1151,135228,PT WAHANA WIRAWAN RIAU,-,2018,Pajak Penghasilan,-,transfer pricing,40,"28,39,41,54,57,59,64,67,68,69,70,75,77,84,101,103,105,106,107,108,117,126,130,133,134,150",26,160,"...nyai Hubungan lstimewa, Dan Tata Cara Pengelolaannya Pasal 1 avat (5) Penentuan Harga Transfer atau Transfer Pricing yang selartyutnya disebut Penentuan Harga Transifer adalah penentuan harga dalam Transaksi Afiliasi..."
1152,135240,PT KUTAI TIMBER INDONESIA,PUT-006311.15/2024/PP/M.XIB Tahun 2025 DEMI KEADILAN BERDASARKAN KETUHANAN YANG ,-,Pajak Penghasilan,-,transfer pricing,9,"9,17,21,24,25,35,36",7,48,"...sehingga jika berdasarkan rasio net margin ratio dan net markup ratio data pembanding dokumen lokal transfer pricing tahun pajak 2021, didapati bahwa Pemohon Banding berada dalam rentang kewajaran transaksi dengan pi..."
1153,135245,PT BRENNTAG,PUT-010055.15/2022/PP/M.XVB Tahun 2025 DEMI KEADILAN BERDASARRAN KETUHANAN YANG ,2019,-,-,transfer pricing,5,"24,72,77,95",4,118,...wajaran dari perusahaa n pem band ing berdasarkan a nal isis benchmacking; • Bahwa metode pengujian Transfer Pricing menggunakan TNMM ITransaction Net Margin Method). Hasil rentang interkuartil rata-rata tertimbang N...
1154,135296,PT. WAHANA WIRAWAN RIAU,PUT-011847.15/2022/PP/M.IIA Tahun 2025 DEMI KEADILAN BERDASARKAN KETUHANAN YANG ,2019,Pajak Penghasilan,Mengabulkan seluruhnya,transfer pricing,37,"25,36,43,47,53,56,63,72,74,75,76,77,84,85,94,97,103,108,127,129,146,147",22,156,"...i Hubungan Istimewa, Dan Tata Cara Pengelolaannya: Pasal 1 ayat (5) Penentuan Harga Transfer atau Transfer Pricing yang selanjutnya disebut Penentuan Harga Transfer adalah penentuan harga dalam Transaksi Afiliasi...."
1155,135390,PT FIRMENICH INDONESIA,PUT-002610.15/2022/PP/M.XA Tahun 2025 DEMI KEADILAN BERDASARKAN KETUHANAN YANG M,2017,-,-,transfer pricing,11,"25,32,38,49,52,56,80,81",8,101,"Givaudan Indonesia tidak sesuai dengan peraturan transfer pricing yang beriaku dan bersifat bias; bahwa berdasarkan fakta, penjelasan, dan peraturan perpajakan yang..."
1156,135391,PT CHANG SHIN INDONESIA,-,-,Pajak Penghasilan,-,transfer pricing,19,"6,7,8,9,10,16,21,27,28",9,36,...kukan analisa dan pengulian ke\ngjaran transaksi sebagaimama telah disampaikan di dalam Dokumentasi Transfer Pricing yang sudali disampaikan Pemohon Banding; bahwa perlu dipahami bah\^ra CSK dalam menjalankan usahany...
1157,135395,PT VVEATHERFORD INDONESIA,-,2018,Pajak Penghasilan,Mengabulkan seluruhnya,transfer pricing,2,"18,32",2,37,Bukti P-10 Transfer Pricing Documentation Tahun 2018; Bukti P-11 Laporan Keuangan Tahun 2018; Bukti P-12 Penjelasan Tertulis ta...
1158,135396,-,PUT-004729.15/2022/PP/M.XA Tahun 2025 DEMI KEADILAN BERDASARKAN KETUHANAN YANG M,2018,Pajak Penghasilan,-,transfer pricing,19,"16,29,30,48,56,71,73,92,93,94,104,115,121",13,127,"...etentuan Dirien Pajak No. PER-22/PJ/2013 -BAB 11 huruf B.3.b.4 menyatakan bahwa: ""Dalam Pemeriksaan transfer pricing, terdapat situasi-situasi dimana pengujian transaksi afiliasi secara gabungan lebih tepat untuk dit..."
1159,135441,PT INDONESIA CHEMI-CON,PUT-001704.15/2020/PP/M.IVB Tahun 2025,2016,Pajak Penghasilan,Mengabulkan sebagian,transfer pricing,17,"6,7,9,27,29,30,33,42,45,55,58,59",12,74,"...ksi atas Peredaran Usaha sebesar USD2,184,365.52 dengan alasan bahwa berdasarkan pengujian analisis Transfer Pricing yang dilakukan oleh Terbanding, terdapat koreksi peredaran usaha dengan rincian sebagai berikut: Me..."
1160,135442,PT Daya Kobelco Construction Machinery Indonesia NPWP 02.005.464.9-,PUT-001708.15/2022/PP/M.XIVB Tahun 2025,2018,Pajak Penghasilan,Mengabulkan sebagian,transfer pricing,21,"7,14,18,20,34,36,38,42,45,53,59,60,61,62,63,81,88",17,114,"...2, Poin B, “Tahapan Pelaksanaan Pemeriksaan”, yang menyatakan bahwa: “Dalam pelaksanaan pemeriksaan transfer pricing, Pemeriksa Pajak perlu memperhatikan dokumen yang menjadi dasar penerapan prinsip kewajaran dan kel..."
1161,135443,PT NEC INDONESIA,PUT-001737.15/2022/PP/M.IIIB Tahun 2025,2018,Pajak Penghasilan,Mengabulkan seluruhnya,transfer pricing,31,"9,10,12,15,17,18,19,20,32,33,35,36,37,51,53,55,57,58,66",19,84,"...nggarakan berdasarkan data dan informasi yang tersedia pada saat dilakukan transaksi afiliasi. Pada Transfer Pricing Documentation yang diserahkan oleh Pemohon Banding, tidak dapat diketahui data dan/atau informasi y..."
1162,135445,PT Wahana Tunas Utama Rucika,PUT-001758.15/2024/PP/M.XIVA Tahun 2025 DEMI KEADILAN BERDASARKAN KETUHANAN YANG,2017,Pajak Penghasilan,-,transfer pricing,1,35,1,49,...i pengurang penghasilan bruto sesuai dengan Surat Edaran Nomor SE-50/PJ/2013 dan panduan dalam OECD Transfer Pricing Guidelines. Tidak terdapat eksistensi dan manfaat ekonomi atas pemberian jasa manajemen tersebut ke...
1163,135447,PT SCHNEIDER INDONESIA,PUT-001777.15/2024/PP/M.IIIA Tahun 2025 DEMI KEADILAN BERDASARKAN KETUHANAN YANG,2017,Pajak Penghasilan,Mengabulkan seluruhnya,transfer pricing,31,"10,11,14,16,18,29,47,48,67,80,81,85,86,88,89,90,105,113,114,124,136,137,144",23,146,...alam OECD TP Guideline harus dianalisis dengan memperhatikan fakta dan kondisi yang meliputinya. 7. Transfer Pricing Guideline on Financial Transaction baru dipublikasikan oleh OECD pada tahun 2020 dan dimasukkan dal...
1164,135456,PT CENTRATAMA TELEKOMUNIKASI INDONESIA TBK,PUT-001877.15/2021/PP/M.XIB Tahun 2025 DEMI KEADILAN BERDASARKAN KETUHANAN YANG ,2014,Pajak Penghasilan,Mengabulkan sebagian,transfer pricing,1,54,1,70,...ng dan COP) yang keduanya berada di dalam yuridiksi perpajakan Indonesia sehingga tidak ada praktik transfer pricing dalam rangka penghindaran pajak; f. bahwa sesuai dengan peraturan pelaksana Pasal 18 ayat (3) UU PP...
1165,135457,PT TOTALENERGIES MARKETING INDONESIA d.h. PT TOTAL,PUT-001911.15/2023/PP/M.XIIIB Tahun 2025 DEMI KEADILAN BERDASARKAN KETUHANAN YAN,2019,-,Mengabulkan seluruhnya,transfer pricing,25,"16,21,37,46,47,51,53,54,56,58,61,63,70,78,80,81,82,83",18,86,"...sses while the MNE group as a whole is profitable, the facts could trigger some special scrutiny of transfer pricing issues. Of courses, associated enterprises like independent enterprises can sustauin genuine losses..."
1166,135461,PT NESIA PAN PACIFIC KNIT,PUT-001936.15/2021/PP/M.IVB Tahun 2025 DEMI KEADILAN BERDASARKAN KETUHANAN YANG ,2016,-,Mengabulkan sebagian,transfer pricing,1,57,1,99,...kunci/utama pembuatan pakaian dan fungsi pendukung pengiriman dan kontrol kualitas. (sesuai Dokumen Transfer Pricing yang dilampirkan dalam SPT Tahunan PPh Badan 2016); b. Koreksi atas Beban Claim sebesar Rp1.018.782...
1167,135482,PT DAMCO TRUCKING INDONESIA,PUT-001994.15/2023/PP/M.XIIA Tahun 2025 DEMI KEADILAN BERDASARKAN KETUHANAN YANG,2019,Pajak Penghasilan,Mengabulkan sebagian,transfer pricing,3,"24,30,67",3,69,"...rat Edaran Direktur Jenderal Pajak No. SE-50/PJ/2013 (“SE- 50”) Bab II Bagian A: “Dalam Pemeriksaan transfer pricing, tahapan persiapan dilakukan sesuai dengan Tata Cara Pemeriksaan yang berlaku. Hal yang perlu diper..."
1168,135488,PT PACIFIC INDOPALM INDUSTRIES,PUT-002041.15/2024/PP/M.XXA Tahun 2025 DEMI KEADILAN BERDASARKAN KETUHANAN YANG ,2017,Pajak Penghasilan,Mengabulkan seluruhnya,transfer pricing,10,"13,19,24,39,47,49,50,51,64,69",10,84,"...n tidak langsung sesuai ketentuan Pasal 18 ayat (4) huruf b UU PPh. Berdasarkan penelitian terhadap Transfer Pricing Documentation FY 2017, diperoleh fakta bahwa tidak terdapat informasi Penerapan Kewajaran dan Kelaz..."
1169,135498,PT PURATOS INDONESIA,PUT-002065.15/2024/PP/M.XIIB Tahun 2025 DEMI KEADILAN BERDASARKAN KETUHANAN YANG,2020,Pajak Penghasilan,Mengabulkan sebagian,transfer pricing,42,"6,9,10,13,15,16,18,19,21,24,27,32,35,41,45,46,54,58,59,61,74,82,83,90,94",25,99,"...n fiskal positif sebesar Rp6.353.577.066,00 terkait dengan pengujian kelaziman dan kewajaran usaha (transfer pricing) yang diatribusikan pada akun pembelian dari afiliasi, namun Terbanding pada tingkat permohonan keb..."
1170,135525,PT JJLAPP CABLE WORKS INDONESIA,PUT-005074.15/2024/PP/M.XllB Tahun 2025 DEIvll KEADILAN BERDASARKAN KETUHANAN YA,2021,Pajak Penghasilan,-,transfer pricing,46,"17,27,28,29,33,35,37,38,39,52,65,71,79,81,85,87,99,102,104,116,123,124,130",23,161,"...ketentuan di atas, terdapat aturan yang melindungi Pemohon Banding sebagai Wajib Pajak dart koreksi transfer pricing apabila Wajib Pajak telah memenuhi pn.nsip kewajaran dan kelaziman usaha. Lebih lanjut PER43/PJ/201..."
1171,135526,PT HEXPHARM JAYA LABORATORIES,PUT-005127.15/2023/PP/M.XA Tahun 2025,2017,Pajak Penghasilan,Mengabulkan seluruhnya,transfer pricing,18,"12,13,14,16,42,45,49,53,55,70,81,83,84",13,94,...sebagai berikut: (1) Peraturan Direktur Jenderal Paifak lni berlaku untuk Penentuan Harga Transfer (Transfer Pricing) atas transaksi yang dilakukan Wajib Pajak Dalam Negeri atau Bentuk Usaha Tetap di Indonesia dengan...
1172,135531,PT OBSIDIAN STAINLESS STEEL,PUT-009279.15/2024/PP/M.XA Tahun 2025 DEMI KEADILAN BERDASARKAN KETUHANAN YANG M,-,Pajak Penghasilan,-,transfer pricing,7,"18,45,108",3,168,"...haan pembanding. Dengan demikian, Terbanding tidak memiliki kewenangan lagi untuk melakukan koreksi transfer pricing sehingga telah berfentangan dengan ketentuan pajak yang beriaku dan seharusnya dibatalkan. 2) Trans..."
1173,135650,PT ZINKPOWER BATAM INDO,PUT-007702.15/2020/PP/M.XVIB Tahun 2025 DEMI KEADILAN BERDASARKAN KETUHANAN YANG,2017,Pajak Penghasilan,Mengabulkan sebagian,transfer pricing,16,"9,14,24,25,30,33,34,40,41,47",10,73,"...al 18 ayat (4) hrufa 8 Taka Semce Pernbayatan sasa 7,314.00 (Pasal 18 ayat (4) hruf a bahwa metode transfer pricing yang digunakan oleh Terbanding adalah Metode 'Laba.-Bersih Transaksional (Transacfional Net Margin..."
1174,135683,PT. BIOMIN INDONESIA,PUT-004090.15/2023/PP/M.XVB Tahun 2025 DEMI KEADILAN BERDASARKAN KETUHANAN YANG ,2020,Pajak Penghasilan,-,transfer pricing,13,"10,12,14,21,22,28,30,32,36,38,39",11,43,"...si dan pendapatan jasa teknik, berikut tanggapan Pemohon Banding: - Bahwa dalam. proses penyusunan Transfer Pricing Documentation, Pemohon Banding menggunakan metode Transacfional Net Margin Method (TNMM”) sebagai m..."
1175,135710,PT'BUMI.SAWIT KENCANA,PUT-010378.15/2022/PP/M.IIA Tahun 2025 DEMI KEADILAN BERDASARKAN KETUHANAN YANG ,2019,Pajak Penghasilan,-,transfer pricing,1,17,1,74,"...mproses keberatan meliputi: 1) Company Profile 2) Akta 3) SPT-Tahunan PPh Badan 4) Audit Report 5) Transfer Pricing Document a) BSK Dokumen Induk 2019 b) BSK Dokumen Lokal 2019 6) General Ledger, Trial Balance, Char..."
1176,135712,PT. BUMI MENA LESTARI,PUT-011021.15/2024/PP/M.IXB Tahun 2025 DEMI KEADILAN BERDASARKAN KETUHANAN YANG ,2018,Pajak Penghasilan,Mengabulkan sebagian,transfer pricing,2,"22,23",2,58,...husus 3A SPT Tahunan Pajak Penghasilan - Pemohon Banding tidak membuat Dokumentasi Harga Transfer (Transfer Pricing Documentation) - Terbanding telah melakukan tahapan pengujian terkait adanya transaksi Pemohon Ban...
1177,135717,PT SCAN-SHIPPING INDONESIA,PUT-002966.15/2024/PP/M.XIIA Tahun 2025 DEMI KEADILAN BERDASARKAN KETUHANAN YANG,2017,Pajak Penghasilan,-,transfer pricing,35,"11,12,13,14,15,16,17,23,24,71,74,75,76,77",14,80,"Beban Pembuktian Sengketa Penentuan Harga Transfer (Transfer Pricing) Berada di Pihak Otoritas Pajak (Terbanding): bahwa kewajiban untuk melakukan dokumentasi langkah,..."
1178,135718,PT SCAN-SHIPPING INDONESIA,PUT-004057.15/2024/PP/M.XIIA Tahun 2025 DEMI KEADILAN BERDASARKAN KETUHANAN YANG,2018,Pajak Penghasilan,Mengabulkan seluruhnya,transfer pricing,33,"10,11,12,13,15,16,17,20,23,24,34,36,39,41",14,63,"...enyimpang daripadanya dengan jalan penafsiran, Beban Pembuktian Sengketa Penentuan Harga Transfer (Transfer Pricing) Berada di Pihak Otoritas Pajak (Terbanding): bahwa kewajiban untuk melakukan dokumentasi langkah,..."
1179,135724,PT KIRIU.INDONESIA,PUT-009071.15/2021/PP/M.XIB Tahun 2025 DEMI KEADILAN BERDASARKAN KETUHANAN YANG ,2018,Pajak Penghasilan,Mengabulkan sebagian,transfer pricing,44,"7,9,10,11,14,15,29,30,35,38,39,40,41,43,44,48,56,57,59,62,63,70,71,72,73,78,81,83,84,90,97",31,101,...le of ihe comparables. Differences in business or product life cycles may have a material effect on transfer pricing conditions that needs.fo be assessed in determining comparability. The data rom earlier years - may...
1180,135733,PT BUMIRAYA UTAMA,PUT-002257.15/2025/PP/M.XVIIIA Tahun 2025 DEMI KEADILAN BERDASARKAN KETUHANAN YA,2018,Pajak Penghasilan,Tidak dapat diterima,transfer pricing,1,5,1,11,...tidak ada pengakuan pendapatan bunga maupun biaya bunga dengan demikian secara menyeluruh tidak ada transfer pricing yang terjadi atas transaksi ini; - bahwa 7 pihak dari 9 pihak pemberi pinjaman sebagaimana tertuang...
1181,135736,PT SIBELCO LAUTAN MINERALS,PUT-002294.15/2023/PP/M.XIIIB Tahun 2025 DEMI KEADILAN BERDASARKAN KETUHANAN YAN,2019,Pajak Penghasilan,Menolak,transfer pricing,8,"5,10,11,14,16,20,21,31",8,35,"..., koreksi dilakukan Pemeriksa atas pengujian kewajaran dan kelaziman usaha pada transaksi afiliasi (transfer pricing). Dimana Pemeriksa tetap mempertahankan pendapat sesuai dengan SPHP; Menurut Pemohon Banding: bahwa..."
1182,135737,PT Luxasia Indonesia,PUT-002301.15/2022/PP/M.XIVB Tahun 2025,2018,-,Mengabulkan sebagian,transfer pricing,3,"15,26,70",3,96,"...i sebagai dasar untuk melakukan analisis pengujian transaksi. bahwa ditambah, tidak terdapat aturan Transfer Pricing di Indonesia yang mengatur secara spesifik mengenai jumlah tahun yang dipakai dan metode statistik..."
1183,135744,PT KALTIM METHANOL INDUSTRI,PUT-002313.15/2024/PP/M.IB Tahun 2025 DEMI KEADILAN BERDASARKAN KETUHANAN YANG M,2018,Pajak Penghasilan,Mengabulkan sebagian,transfer pricing,38,"11,12,44,45,51,54,56,58,63,65,67,90,92,95,99,107,109,112,113,114,123,125,159,161,162,165,173,185,187,189,196,215",32,234,"...• bahwa berdasarkan penerapan Prinsip Kewajaran dan Kelaziman Usaha sebagaimana diuraikan dalam KKP Transfer Pricing terdapat koreksi atas harga jual kepada afiliasi sebesar $US6,466,377 dengan perincian sebagai beri..."
1184,135758,PT JST INDONESIA,PUT-002352.15/2022/PP/M.IIA Tahun 2025 DEMI KEADILAN BERDASARKAN KETUHANAN YANG ,2018,Pajak Penghasilan,Mengabulkan sebagian,transfer pricing,26,"9,11,12,16,20,32,34,35,41,42,43,45,79,81,85,88,89",17,96,"...ahwa Terbanding melakukan koreksi Peredaran Usaha sebesar USD 5.684.164 berdasarkan hasil pengujian Transfer Pricing, dengan alasan sebagai berikut: Penolakan 8 (delapan) Perusahaan Pembanding dalam TP Doc Pemohon Ba..."
1185,135831,PT GCB Cocoa Indonesia,PUT-001254.15/2024/PP/M.IIIB Tahun 2025 DEMI KEADILAN BERDASARKAN KETUHANAN YANG,2017,Pajak Penghasilan,-,transfer pricing,50,"11,16,32,44,53,56,57,59,64,66,68,69,70,73,75,80,82,89,90,91,92,94,95,96,101,104",26,109,"...fakta sebagaimana di atas, Tim Peneliti berpendapat bahwa koreksi Penyesuaian Fiskal Positif atas Transfer Pricing tidak tepat dalam pemilihan PLI namun untuk pemilihan perusahaan pembanding tetap dipertahankan s..."
1186,135840,PT Damco. Warehousing Indonesia,PUT-000757.15/2021/PP/M.IIB Tahun 2025 DEMI KEADILAN BERDASARKAN KETUHANAN YANG ,2017,Pajak Penghasilan,-,transfer pricing,18,"11,22,23,24,28,29,31,37,39,43,46,56,57,74",14,79,"...g-masing pihak yang bertransaksi, serta risiko terjadinya penghindaran pajak menggunakan transaksi transfer pricing” bahwa Pemohon Banding menyampaikan hal-hal berikut, antara lain, yang menunjukkan bahwa hasil ak..."
1187,135866,PT. Sinta Maju Abadi NPWP 01.360.449.1-031.000,PUT-005783.15/2024/PP/M.XIVB Tahun 2025,2021,Pajak Penghasilan,Mengabulkan seluruhnya,transfer pricing,6,"8,24,35,38,42,43",6,48,"...ndisi serupa, bahwa lebih lanjut. adanya intervensi Pemerintah diatur secara spesifik di dalam OECD Transfer Pricing Guidelines tahun 2020 bagian D.2 yang menyebutkan bahwa: ""1.136 Because independent enterprisesunig..."
1188,135869,PT.CITRA LAUTAN TEDUH,PUT-006070.15/2023/PP/M.XVB Tahun 2025 DEMI KEADILAN BERDASARKAN KETUHANAN YANG ,2020,Pajak Penghasilan,Mengabulkan seluruhnya,transfer pricing,7,"10,29,37,38,49,55",6,57,"...an kelaziman usaha Terbanding di atas, 1. Ringkasan pengujian kewajaran dan kelaziman usaha dalam Transfer Pricing Documentation Pemohon Banding a . Pemohon Banding adalah perusahaan yang bergerak di bidang peri..."
1189,135883,PT. LANDMARK CONCURRENT SOLUSI INDONESIA,PUT-013716.15/2021/PP/M.XVIIIB Tahun 2025,2018,Pajak Penghasilan,Mengabulkan seluruhnya,transfer pricing,25,"11,13,14,28,33,35,36,37,45,51,53,69,72,73,94,97,98,114,116",19,130,"...samping itu, beberapa biaya tersebut merupakan biaya afiliasi yang telah dilengkapi dengan dokumen Transfer Pricing, sehingga telah memenuhi ketentuan peraturan perundang-undangan perpajakan yang berlaku. Koreksi Te..."
1190,135890,PT DJAMBI WARAS,PUT-002602.15/2024/PP/M.IXA Tahun 2025 DEMI KEADILAN BERDASARKAN KETUHANAN YANG ,2021,Pajak Penghasilan,Mengabulkan seluruhnya,transfer pricing,33,"13,15,20,32,71,80,81,82,87,97,99,103,106,112,113,117,128,132,145,186,187,188,189,190",24,195,"...nsip PKKU atas penjualan ekspor crumb rubber SIR 20 dan SIR 10; bahwa berdasarkan hasil pemeriksaan Transfer Pricing dengan metode Comparable Uncontrolled Price (CUP) atas transaksi penjualan kepada pihak afiliasi, P..."
1191,135891,PT COVESTRO POLYMERS INDONESIA,PUT-002604.15/2024/PP/M.VA Tahun 2025 DEMI KEADILAN BERDASARKAN KETUHANAN YANG M,2017,Pajak Penghasilan,Mengabulkan sebagian,transfer pricing,1,21,1,59,...engikuti langkah-langkah atau tahapan pemeriksaan penentuan harga transfer dari transaksi afiliasi (transfer pricing) sesuai PER-22/PJ/2013; g) bahwa berdasarkan hal-hal tersebut di atas Tim Peneliti menolak keberata...
1192,135893,PT JST Indonesia,PUT-002625.15/2021/PP/M.IIA Tahun 2025 DEMI KEADILAN BERDASARKAN KETUHANAN YANG ,2017,Pajak Penghasilan,Mengabulkan sebagian,transfer pricing,22,"8,10,17,18,28,54,56,61,62,84,85,86,98,102,117,118,120,123,124",19,140,...melakukan koreksi atas Peredaran Usaha sebesar USD 1.363.145 berdasarkan hasil pengujian ulang atas Transfer Pricing oleh Terbanding; bahwa ringkasan perbedaan pengujian TNMM antara Terbanding dengan Pemohon Banding...
1193,135895,PT WEARSMART TEXTILES,PUT-002636.15/2023/PP/M.XA Tahun 2025 DEMI KEADILAN BERDASARKAN KETUHANAN YANG M,2017,Pajak Penghasilan,Mengabulkan seluruhnya,transfer pricing,21,"6,15,17,18,22,25,26,39,41,47,48",11,54,"...s MOTC tersebut; - bahwa berdasarkan berdasakan OECD Guide Lines paragraph 3.55 menyatakan “Because Transfer Pricing is not an exact science, there will also be many occasions when the application of the most appropr..."
1194,135903,PT KARIMUN SEMBAWANG SHIPYARD,PUT-002664.15/2024/PP/M.VB Tahun 2025 DEMI KEADILAN BERDASARKAN KETUHANAN YANG M,2017,Pajak Penghasilan,-,transfer pricing,2,"19,26",2,32,...nding beserta lampirannya; h) Softcopy Audit Report Tahun 2017 Pemohon Banding; i) Softcopy Dokumen Transfer Pricing tahun 2017 Pemohon Banding; j) Softcopy General Ledger Tahun 2017 Pemohon Banding; k) Softcopy Stru...
1195,135924,PT TECKNO DUA INDONESIA,PUT-002759.15/2023/PP/M.XVIIIB Tahun 2025 DEMI KEADILAN BERDASARKAN KETUHANAN YA,2017,Pajak Penghasilan,Mengabulkan seluruhnya,transfer pricing,6,"22,23,51,55,56,108",6,133,...ajaran transaksi yang dipengaruhi oleh hubungan istimewa.Bahwa berdasarkan Kertas Kerja Pemeriksaan Transfer Pricing disampaikan hal-hal sebagai berikut. 1) Menentukan Karakteristik Usaha Pemohon Banding bahwa Pemoho...
1196,135935,PT Andes Agro Investama,PUT-002773.15/2024/PP/M.XXB Tahun 2025 DEMI KEADILAN BERDASARKAN KETUHANAN YANG ,2020,Pajak Penghasilan,-,transfer pricing,7,"15,17,21,33,55,67",6,77,...faktor kesebandingan yang perlu diperhatikan sesuai dengan Pasal 11 ayat 9 dari PER-32/PJ/2011 dan Transfer Pricing Guidance on Financial Transactions paragraf 10.29 dan 10.28 yang menyatakan: Pasal 11 ayat 9 dari P...
1197,135962,PT. Colorobbia Indonesia,PUT-002812.15/2024/PP/M.VB Tahun 2025 DEMI KEADILAN BERDASARKAN KETUHANAN YANG M,2021,Pajak Penghasilan,-,transfer pricing,5,"19,20,40,42",4,54,...idak mempunyai hubungan istimewa yang menjadi pembanding. bahwa hal ini membenarkan bahwa peraturan transfer pricing di Indonesia dan pedoman yang terkait mengakui penggunaan interkuartil atau rentang harga wajar unt...
1198,135985,PT Rebinmas Jaya,PUT-002904.15/2023/PP/M.XB Tahun 2025,2019,Pajak Penghasilan,Mengabulkan sebagian,transfer pricing,1,31,1,64,...ksud Pasal 2 ayat (1) Peraturan Direktur Jenderal Pajak ini berlaku untuk Penentuan Harga Transfer (Transfer Pricing) atas transaksi yang dilakukan Wajib Pajak Dalam Negeri atau Bentuk Usaha Tetap di Indonesia dengan...
1199,136054,PT KYOKUTO INDOMOBIL DISTRIBUTOR INDONESIA,PUT-003054.15/2024/PP/M.IIIA Tahun 2025 DEMI KEADILAN BERDASARKAN KETUHANAN YANG,2019,Pajak Penghasilan,Mengabulkan seluruhnya,transfer pricing,7,"8,9,16,37,39,41,44",7,49,...ian yang dialami oleh Pemohon Banding di tahun pajak 2019 dikarenakan antara lain (bukan oleh motif transfer pricing): - Biaya start-up (fase start-up) yang berhubungan dengan biaya yang bersifat tetap (fixed costs)....
1200,136084,-,PUT-007786.15/2022/PP/M.XIB Tahun 2025 DEMI KEADILAN BERDASARKAN KETUHANAN YANG ,2018,Pajak Penghasilan,Mengabulkan sebagian,transfer pricing,12,"8,24,28,51,87,90,91,95,154,165",10,174,"...emal, dianggap tidak dapat diandalkan; OECD par 2.2 menyatakan sebagai berikut: `The selection Of a transfer pricing method always aims at finding the mos_I appropriate method for a particular case .... ""; ""...No one..."
1201,136093,PT-BAKER HUGHES ENERGY INDONESIA,PUT-000285.15/2023/PP/M.XIB Tahun 2025 DEMI KEADILAN BERDASARKAN KETUHANAN YANG ,2017,Pajak Penghasilan,Mengabulkan sebagian,transfer pricing,6,"14,34,43,62,66",5,70,...Pemohon Banding (termasuk pembayaran jasa intragrup) telah diuji dan didokumentasikan dalam Dokumen Transfer Pricing Tahun Pajak 2017 yang telah disusun sesuai dengan peraturan penentuan harga transfer yang berlaku d...
1202,136113,PT BULUNGAN CITRA AGRO PERSADA,PUT-012715.15/2022/PP/M.XVB Tahun 2025 DEMI KEADILAN BERDASARKAN KETUHANAN YANG ,2019,Pajak Penghasilan,Mengabulkan sebagian,transfer pricing,21,"12,13,14,15,16,26,31,72,74,76,89,101,127",13,136,"...ak Benar dan Tidak Berdasar, Karena Terbanding Nyata-Nyata Tidak Melakukan Pengujian atas Transaksi Transfer Pricing, sehingga Koreksi Terbanding Tidak Didasarkan pada Bukti yang Cukup dan Kompeten dari Hasil Penguj..."
1203,136148,PT. Amanda Arumdhani,PUT-003095.15/2024/PP/M.IA Tahun 2025 DEMI KEADILAN BERDASARKAN KETUHANAN YANG M,2018,Pajak Penghasilan,Mengabulkan sebagian,transfer pricing,3,73,1,97,"...negara mitra, yang dilakukan oleh otoritas pajak negara yang bersangkutan sehubungan dengan koreksi transfer pricing yang dilakukan oleh otoritas pajak negara mitra (primary adjustments), sehingga alokasi keuntungan..."
1204,136229,PT BOSTON CONSULTING INDONESIA,PUT-003305.15/2022/PP/M.IIIB Tahun 2025,2018,Pajak Penghasilan,Mengabulkan sebagian,transfer pricing,53,"9,11,15,23,24,27,28,54,55,58,59,67,70,71,72,79,91,93,97,104,107,108,109",23,143,"...1 Desember 2018 (“Tahun Pajak 2018”) beserta lampirannya, termasuk Dokumen Penentuan Harga Transfer/Transfer Pricing Document (“TPD”), yang disampaikan pada saat proses Pemeriksaan; - Laporan keuangan yang telah diau..."
1205,136238,PT. MINEBEA ACCESSSOLUTIONS INDONESIA (d.h. PT HONDA,PUT-003332.15/2022/PP/M.IIB Tahun 2025 DEMI KEADILAN BERDASARKAN KETUHANAN YANG ,2018,Pajak Penghasilan,Mengabulkan sebagian,transfer pricing,8,"13,96,100,107,113,114,115,122",8,127,"method (CUP) and another transfer pricing method can be applied in an equally reliable manner, the CUP method is to be preferred. See paragra..."
1206,136247,PT BMW INDONESIA,PUT-003348.15/2021/PP/M.IVA Tahun 2025 DEMI KEADILAN BERDASARKAN KETUHANAN YANG ,2015,Pajak Penghasilan,Mengabulkan sebagian,transfer pricing,2,"14,46",2,87,"...a selain itu, BMW Indonesia juga telah melakukan analisa kewajaran usaha seperti yang tertuang pada Transfer Pricing Documentation (“TP Doc”) BMW Indonesia halaman 12 yang menyatakan bahwa berdasarkan analisis CUP me..."
1207,136252,PT. Haw Par Healthcare NPWP 02.182.858.7-056.000,PUT-003356.15/2021/PP/M.XIVB Tahun 2025,2017,Pajak Penghasilan,Mengabulkan seluruhnya,transfer pricing,14,"9,11,23,29,32,42,49,50,51,53",10,69,...perhitungan kembali Laba Rugi PT Haw Par Healthcare yang dipengaruhi oleh adanya hubungan istimewa (transfer pricing) yaitu pembelian wajib pajak berasal dari pihak afiliasi wajib pajak di luar negeri (impor); 6. Bah...
1208,136257,PT SUPER STEEL KARAWANG,-,2019,Pajak Penghasilan,-,transfer pricing,23,"5,10,20,21,25,26,35,36,37,38,41,68,78",13,101,...i pokok sengketa adalah ketidaksetujuan Pemohon Banding atas koreksi Terbanding terkait; 1. Koreksi transfer pricing sebesar USD 6.247.722 yang dialokasikan ke Harga Pokok Penjualan (nilai pembelian) sebesar USD 6.24...
1209,136303,PT-BINTAN RESORT CAKRAWALA,PUT-000350.15/2021/PP/M.IIB Tahun 2025 DEMI KEADILAN BERDASARKAN KETUHANAN YANG ,2017,Pajak Penghasilan,-,transfer pricing,15,"10,11,13,20,22,61,64,66,68",9,87,"...merupakan fungsi perusahaan afiliasi: 10. Bahwa kewajaran iransaksi telah diuji dengan menggunakan Transfer Pricing Documentation di mana berdasarkan hasil pengujian, transaksi tersebut masuk dalam range kuartil 1 s..."
1210,136364,PT ARISU GRAPHIC PRIMA,PUT-003747.15/2023/PP/M.XIIIA Tahun 2025 DEMI KEADILAN BERDASARKAN KETUHANAN YAN,2017,-,Mengabulkan sebagian,transfer pricing,4,"28,35,39,91",4,116,...juga berlaku bagi penggantian biaya asuransi. 3) Memberikan Manfaat Ekonomis Mengacu ke OECD (2016) Transfer Pricing Guidelines for Multinational enterprises and Tax Administrations Point B.1 Angka 7.6 manfaat ekonom...
1211,136395,PT. Siak Prima Sakti,PUT-004621.15/2024/PP/M.XXB Tahun 2025,2021,Pajak Penghasilan,Mengabulkan seluruhnya,transfer pricing,10,"11,14,17,18,19,59,60,61",8,65,"...Usaha."" Pasal 2 (1) ""Peraturan Direktur Jenderal Pajak ini berlaku untuk Penentuan Harga Transfer (Transfer Pricing) atas transaksi yang dilakukanJi| Wajib Pajak Dalam Negeri atau Bentuk Usaha Tetap di Indonesia den..."
1212,136404,PT Bank Sumitomo Mitsui Indonesia,PUT-011572.15/2023/PP/M.XXB Tahun 2025,2017,Pajak Penghasilan,Mengabulkan seluruhnya,transfer pricing,43,"10,13,20,36,54,55,56,58,59,60,61,64,65,66,68,72,73,74,82,83,84,85,92,93",24,97,...kan variabel yang mempengaruhi penentuan nilai biaya SBLC sebagaimana tercantum dalam Dokumen Lokal Transfer Pricing beserta lampirannya serta Kertas Kerja Analisis Biaya SBLC yang disampaikan oleh Pemohon Banding da...
1213,136446,PT GOBEL DHARMA SARANA KARYA,PUT-003779.15/2024/PP/M.IXB Tahun 2025 DEMI KEADILAN BERDASARKAN KETUHANAN YANG ,2021,-,Mengabulkan sebagian,transfer pricing,1,8,1,68,"...tersebut Pemohon Banding tidak setuju dan berkeberatan atas koreksi kewajaran berdasarkan pengujian transfer pricing sebesar Rp156.223.373.857,00; Alasan dan Dasar Hukum Pengajuan Banding 1. Alasan ketidaksetujuan at..."
1214,136571,PT Bangun Nusa Mandiri NPWP 02.416.874.2-076.000 beralamat di,PUT-003938.15/2024/PP/M.XIVB Tahun 2025,2021,Pajak Penghasilan,Mengabulkan sebagian,transfer pricing,2,"66,71",2,79,"...ah sesuai dengan prinsip kewajaran dan kelaziman usaha, dan telah dilakukan pengujian dalam dokumen transfer pricing; 3. bahwa tidak terdapat indikasi penghindaran pajak atau kerugian negara; 4. bahwa atas pembayaran..."
1215,136593,PT SCHNEIDER ELECTRIC SYSTEMS INDONESIA,PUT-001125.15/2024/PP/M.XVIA Tahun 2025 DEMI KEADILAN BERDASARKAN KETUHANAN YANG,2020,Pajak Penghasilan,Mengabulkan sebagian,transfer pricing,10,"6,8,31,32,37,47,50,65,67",9,81,"...erdasarkan hasil Pengujian Penerapan Prinsip Kewajaran dan Kelaziman Usaha pada transaksi Afiliasi (Transfer Pricingh., bahwa koreksi positif tersebut terjadi karena Terbanding melakukan analisis kesebandingan yang b..."
1216,136594,PT. Siak Prima Sakti,PUT-004621.15/2024/PP/M.XXB Tahun 2025,2021,Pajak Penghasilan,Mengabulkan seluruhnya,transfer pricing,10,"11,14,17,18,19,59,60,61",8,65,"...Usaha."" Pasal 2 (1) ""Peraturan Direktur Jenderal Pajak ini berlaku untuk Penentuan Harga Transfer (Transfer Pricing) atas transaksi yang dilakukanJi| Wajib Pajak Dalam Negeri atau Bentuk Usaha Tetap di Indonesia den..."
1217,136616,PT. SCHNEIDER ELECTRIC ' SYSTEMS INDONESIA,PUT-001402.15/2023/PP/M.XVIA Tahun 2025 PT Schneider Electric Systems Indonesia ,2019,Pajak Penghasilan,Menolak,transfer pricing,15,"6,8,9,10,14,22,23,25,46,48,56",11,88,"...sar USD1,303,760.00 dan USD132,942.00.-adalah koreksi Pemeriksa sehubungan dengan pengujian dokumen transfer pricing Wajib Pajak untuk mengetahui kewajaran dan kelaziman usahanya, bahwa hasillpengujian dokumen transf..."
1218,136637,PT ADVANTA SEEDS INDONESIA,PUT-012435.15/2023/PP /M.XVB Tahun 2026 DEMI KEADILAN BERDASARKAN KETUHANAN YANG,2017,Pajak Penghasilan,-,transfer pricing,9,"14,15,16,32,39,42",6,54,"...vanta Holding B.V. tidak memiliki hubungan-langsung dengan pemegang saham: Bahwa laporan pengujian transfer pricing yang: dilakukan oleh Emst & Young untuk periode 2017/2018 juga-secarajelas, bahwa atas management f..."
1219,136639,-,PUT-012854.15/2022/PP/M. XVB Tahun 2026 DEMI KEADILAN BERDASARKAN KETUHANAN YANG,2019,Pajak Penghasilan,-,transfer pricing,5,"11,18,40",3,55,...r Jenderal Pajak nomor PER-22/PJ/2013. Contohnya. Terbanding tidak melaksanakan tahapan pemeriksaan transfer pricing sebagaimana diwajibkan dalam Bab II antara lain: A. Tahapan.Persiapan Pemeriksaan Transiter Pricin...
1220,136658,PT INDO-LYSAGHT,PUT-001527.15/2024/PP/M.XVB Tahun 2026 PAN f DEMI KEADILAN BERDASARKAN KETUHANAN,2017,Pajak Penghasilan,Mengabulkan seluruhnya,transfer pricing,22,"32,33,35,47,58,66,67,70,103,104,154,155,157,169,170",15,263,"...mbuktian Menurut Ketentuan Pasal 18 Ayat (3) UU PPh, Kewenangan Terbanding Untuk Melakukan Koreksi Transfer Pricing Hanya Dapat Dilakukan Dalam Hal Pemohon Banding Melakukan Transaksi Hubungan Istimewa dan Tidak Ses..."
1221,136672,-,PUT-003249.15/2024/PP/M.IIIB Tahun 2026,2019,Pajak Penghasilan,-,transfer pricing,8,"19,39,51,52,53,59",6,67,"...bagaimana telah diubah terakhir dengan PER-32/PJ/2011: PER-22/PJ/2013: dan SE- 50/PJ/2013) dan OECD Transfer Pricing Guidelines (“OECD TP Guidelines"") yang berlaku pada saat Dokumen Lokal. Tahun 2019 disusun dan sele..."
1222,136674,PT Meiji Food Indonesia,PUT-011464.15/2022/PP/M.IB Tahun 2026 DEMI KEADILAN BERDASARKAN KETUHANAN YANG M,2019,-,-,transfer pricing,21,"8,11,14,18,29,32,41,43,44,46,51,54,63,75,79,86,87",17,94,"...Banding tersebut tidak sesuai dengan peraturan pemeriksaan yang berlaku, khususnya pemeriksaan atas transfer pricing. Pemohon Banding berpendapat bahwa dalam menetapkan koreksi dan jumlah pajak yang terhutang, Pemoho..."
1223,136679,-,PUT-000002.15/2022/PP/M.IVA Tahun 2026 DEMI KEADILAN BERDASARKAN KETUHANAN YANG ,2018,Pajak Penghasilan,-,transfer pricing,8,"9,28,33,68,80,82,83,87",8,109,"...osei Co. Lid., dalam kegiatan usaha Pemohon Banding: 5 : Kesimpulan-Tim Pemeriksa atas pemeriksaan Transfer Pricing 1 bahwa dalam Pasal 17 Peraturan Direktur Jenderal Pajak nomor PER-43/PJ/2010 sebagaimana telah di..."
1224,136686,-,PUT-006460.15/2020/PP/M.IIA Tahun 2026 DEMI KEADILAN BERDASARKAN KETUHANAN YANG ,2016,Pajak Penghasilan,-,transfer pricing,62,"11,12,13,14,15,16,17,19,23,28,29,30,31,45,48,51,52,58,60,65,69,73,74,76,77,80,86,91,92,93,94,105,106,107,111,116,123,124,127,136,147,148,149,157,164",45,167,...ng ditetapkan oleh Terbanding dengan'alasan sebagai berikut: a. PemohonBanding telah menyampaikan Transfer Pricing Documentation (TP Doc) dengan analisis kesebandingan sesuai dengan peraturan yang berlaku bahwa lan...
1225,136805,PT. SANKIN INDONESIA,PUT-009631.15/2020/PP/M.IIA Tahun 2026 DEMI KEADILAN BERDASARKAN KETUHANAN YANG ,2017,Pajak Penghasilan,Mengabulkan sebagian,transfer pricing,69,"5,7,14,18,20,21,22,23,24,25,26,27,29,30,31,42,51,56,57,63,64,67,68,72,82,86,91,92,100,104,108,112,114,115,116,117,118,119,120,121,122,123,124,125,126,128,129,130,131,132,133,148",52,152,"...menurut Terbanding, atas koreksi tersebut terdiri dari: bahwa berdasarkan hasil penelitian dokumen Transfer Pricing Document (TP Doc) yang diserahkan Pemohon Banding pada saat proses Keberatan. Dalam TP Doc tersebu..."
1226,136806,PT PROSERV,PUT-009820.15/2024/PP/M.XA Tahun 2026 DEMI KEADILAN BERDASARKAN KETUHANAN YANG M,2018,Pajak Penghasilan,-,transfer pricing,1,37,1,45,"...xplanation June25-CIT tanggal 22 Juni 2025: Bukti P-48. Dokumen bukti berupa invoice, Bukti P-49. Transfer Pricing Policy, Bukti P-50. Matriks persandingan terkait sengketa, Bukti P-51. Dokumen/bukti pendukung te..."
1227,136824,PT RAYOVAC BATTERY INDONESIA (d.h. PT FDK INDONESIA),PUT-000009.15/2021/PP/M.XA Tahun 2025 DEMI KEADILAN BERDASARKAN KETUHANAN YANG M,2017,Pajak Penghasilan,Mengabulkan seluruhnya,transfer pricing,15,"8,12,18,31,40,61,63,74,75,76,79",11,85,...emeriksa dalam melakukan koreksi seharusnya menggunakan data yang tersedia ketika pembuatan dokumen transfer pricing tersebut dibuat bukan ketika pemeriksa melakukan pemeriksaan terhadap Wajib Pajak; bahwa berdasarka...
1228,136827,PT Bintang Agung Persada NPWP 03.298.395.9-301.000 beralamat di,PUT-002785.15/2024/PP/M.XIVB Tahun 2025,2018,Pajak Penghasilan,Mengabulkan sebagian,transfer pricing,15,"5,14,41,67,78,87,101,124,127,129,132,135",12,153,...1 Koreksi Peredaran Usaha yang belum dilaporkan 66.895.109.349 a 2 Koreksi Penjualan Ekspor terkait Transfer Pricing 9.129.408.758 b Total 76.024.518.107 Halaman 5 dari 153 halaman. Putusan Nomor PUT-002785.15/2024/P...
1229,136836,PT Omron Healthcare Indonesia NPWP 31.595.490.9-015.000,PUT-003265.15/2024/PP/M.XIVB Tahun 2025,2019,-,Mengabulkan seluruhnya,transfer pricing,7,"12,15,35,37,39",5,48,"...ng dan perusahaan pembanding di level laba kotor. PER-22 menyebutkan bahwa: ""Dalam penentuan metode transfer pricing, prinsip yang digunakan adalah metode yang paling sesuai dengan fakta dan kondisi dengan mempertimb..."
1230,136841,PT Omron Healthcare Indonesia NPWP 31.595.490.9-015.000,PUT-006600.15/2024/PP/M.XIVB Tahun 2025,2020,Pajak Penghasilan,Mengabulkan seluruhnya,transfer pricing,16,"8,10,19,20,21,36,37,43,50,51,52",11,64,"...ertanyakan pemahaman Terbanding atas prosedur dan hal-hal yang mesti diperhatikan dalam pemeriksaan transfer pricing. Terbanding seharusnya konsisten, memahami dan menerapkan prosedur pemeriksaan transfer pricing seb..."
1231,136867,PT AKASHI WAHANA INDONESIA,PUT-010919.15/2023//PP/M.XIIB Tahun 2025 DEMI KEADILAN BERDASARKAN KETUHANAN YAN,2020,Pajak Penghasilan,Mengabulkan seluruhnya,transfer pricing,54,"14,15,16,17,23,24,25,32,56,57,58,59,60,61,62,75,76,77,79,81,82,89,94,100,101,107",26,113,"...C Laporan Keuangan Wajib Pajak menurut data Transfer Pricing adalah 2,77%; 7) Berdasarkan pengujian Transfer Pricing, Quartile ROTC dari perusahaan pembanding adalah quartile 1 sebesar 3,25%, quartile 2 sebesar 4,30%..."
1232,136868,PT Aktif Indonesia Indah,PUT-000109.15/2024/PP/M.IA Tahun 2025 DEMI KEADILAN BERDASARKAN KETUHANAN YANG M,2018,Pajak Penghasilan,Menolak,transfer pricing,16,"10,13,14,15,16,23,34,41,42,51,56,58",12,62,...eos Company Limited dan Taimei Chemicals Co Ltd.; 7. Terbanding menggunakan tested party dan metode transfer pricing yang sama dengan yang digunakan oleh Pemohon Banding yaitu PT AII sebagai tested party dan metode T...
1233,136889,PT ELECTROLUX INDONESIA,PUT-006921.15/2022/PP/M.XB Tahun 2025 DEMI KEADILAN BERDASARKAN KETUHANAN YANG M,2018,Pajak Penghasilan,Mengabulkan sebagian,transfer pricing,11,"17,29,35,40,45,47,55,65,78,98,100",11,107,dalam Paragraf 7.2 OECD Transfer Pricing Guidelines for Multinational Enterprises and Tax Administrations (“OECD Guidelines ”) sebagai berik...
1234,136910,PT NIPPISUN INDONESIA,PUT-009192.15/2023//PP/M.XIIB Tahun 2025 DEMI KEADILAN BERDASARKAN KETUHANAN YAN,2020,Pajak Penghasilan,Mengabulkan sebagian,transfer pricing,33,"14,16,20,21,28,29,34,50,51,65,66,68,69,78,79,80,81,86,88,94,144,146,148,153,190",25,206,"...terpengaruh atas terjadinya pandemi Covid-19 ini, berdasarkan Paragraf 12 OECD 2020 Guidance on The Transfer Pricing Implications of the COVID-19 Pandemic: [Terjemahan Bebas:] “Pendekatan potensial lain yang dapat di..."
1235,136914,PT WAHANA WIRAWAN RIAU,PUT-011847.15/2022/PP/M.IIA Tahun 2025 DEMI KEADILAN BERDASARKAN KETUHANAN YANG ,2019,Pajak Penghasilan,Mengabulkan seluruhnya,transfer pricing,39,"25,36,43,47,53,56,63,72,74,75,76,77,84,85,94,97,103,108,127,129,146,147",22,156,"...yai Hubungan Istimewa, Dan Tata Cara Pengelolaannya: Pasal 1 ayat (5) Penentuan Harga Transfer atau Transfer Pricing yang selanjutnya disebut Penentuan Harga Transfer adalah penentuan harga dalam Transaksi Afiliasi...."
1236,136916,PT KUTAI TIMBER INDONESIA,PUT-006311.15/2024/PP/M.XIB Tahun 2025 DEMI KEADILAN BERDASARKAN KETUHANAN YANG ,2021,Pajak Penghasilan,Tidak dapat diterima,transfer pricing,11,"9,10,17,21,24,25,35,36",8,48,"...sehingga jika berdasarkan rasio net margin ratio dan net markup ratio data pembanding dokumen lokal transfer pricing tahun pajak 2021, didapati bahwa Pemohon Banding berada dalam rentang kewajaran transaksi dengan pi..."
1237,136937,PT Cahya Nusantara Lestari,PUT-011035.15/2024/PP/M.XIVA Tahun 2026 DEMI KEADILAN BERDASARKAN KETUHANAN YANG,2020,-,Mengabulkan seluruhnya,transfer pricing,4,"6,12,13",3,31,...b Pajak tidak memberikan dokumen penentuan harga transaksi sehingga atas pembelian dilakukan metode transfer pricing dan penerapan prinsip kewajaran dan kelaziman usaha; Menurut Pemohon Banding: bahwa Pemohon Banding...
1238,136948,PT NAIGAI SHIRTS INDONESIA,PUT-000018.15/2025/PP/M.XIIIB Tahun 2025 DEMI KEADILAN BERDASARKAN KETUHANAN YAN,2018,Pajak Penghasilan,Mengabulkan seluruhnya,transfer pricing,3,"68,80",2,85,...ahun Pajak 2018; Bukti P-18. Salinan Laporan Keuangan Tahun Pajak 2018; Bukti P-19. Salinan Dokumen Transfer Pricing Tahun Pajak 2018; Bukti P-20. Perjanjian Pinjaman Nomor NSI-18-01 Tanggal 15 Januari 2018; Bukti P-...
1239,136967,PT SGMW MOTOR INDONESIA,PUT-000074.15/2025/PP/M.XXA Tahun 2025 DEMI KEADILAN BERDASARKAN KETUHANAN YANG ,2019,Pajak Penghasilan,Mengabulkan sebagian,transfer pricing,13,"9,10,18,33,53,54,62,63,65",9,75,"...erlu dipertimbangkan dalam pemilihan PLI adalah jenis usaha dan ketersediaan data. 2) Par 2.96 OECD Transfer Pricing Guidelines 2017 menyatakan ""A net profit indicator of net profit divided by sales, or net profit ma..."
1240,136976,PT Aktif Indonesia Indah,PUT-000109.15/2024/PP/M.IA Tahun 2025 DEMI KEADILAN BERDASARKAN KETUHANAN YANG M,2018,Pajak Penghasilan,Menolak,transfer pricing,16,"10,13,14,15,16,23,34,41,42,51,56,58",12,62,...eos Company Limited dan Taimei Chemicals Co Ltd.; 7. Terbanding menggunakan tested party dan metode transfer pricing yang sama dengan yang digunakan oleh Pemohon Banding yaitu PT AII sebagai tested party dan metode T...
1241,137010,PT NIRO CERAMIC NASIONAL INDONESIA,PUT-000162.15/2022/PP/M.IVB Tahun 2025 DEMI KEADILAN BERDASARKAN KETUHANAN YANG ,2018,Pajak Penghasilan,Mengabulkan seluruhnya,transfer pricing,6,"12,13,25,38,49",5,77,"...lah kuartil bawah 4,25%, Median 5,94%, dan kuartil atas 8,71%; bahwa oleh karena itu, nilai koreksi Transfer Pricing berdasarkan rekalkulasi dari Terbanding adalah sebagai berikut: Nilai setelah Nilai Setelah Deskrip..."
1242,64568,PT PUNGKOOK INDONESIA ONE,PUT-006831.15/2020/PP/M.VlllB Tahun 2022 DEMI KEADILAN BERDASARKAN KETUHANAN YAN,2014,Pajak Penghasilan,-,transfer pricing,7,"21,22,31,32",4,35,...n usaha sebesar Rpl 2.704.601.132 seharusnya juga menjadi batal demi huku|]±i b) Metode Pemeriksaan Transfer Pricing yang dilakukan oleh Pemeriksa tidak sesuai dengan Peraturan Djrektur Jenderal Pajak Nomor PER-22/PJ...
1243,64874,PT AQUA FARM NUSANTARA (d/h PT AQUAFARM NUSANTARA),PUT-007653.15/2020/PP/M.XllIB Tahun 2022 DEMI KEADILAN BERDASARKAN KETUHANAN YAN,2016,Pajak Penghasilan,Mengabulkan seluruhnya,transfer pricing,9,"24,27,68,91,93,111,114",7,117,...t: Pasal 2 ayat (1 ): Peraturan Direktur Jenderal Pajak ini berlaku untuk Penentuan Harga Transfer (Transfer Pricing) atas transaksi yang dilakukanA Halaman 24 dari 117 halaman. Putusan Nomor PUTJ)07653.15/2020/PF/M....
1244,65018,PT APTAR 8 & H INDONESIA,PUT-002939.15/2020/PP/M.XlllB Tahun 2022 DEMI KEADILAN BERDASARKAN KETUHANAN YAN,2016,Pajak Penghasilan,-,transfer pricing,13,"9,21,40,46,68,74,84,85,86,88,96,105",12,125,...ofit Level Indicator bahwa Terbanding melakukan penghitungan Prori.I Leve/ /ndt.cafor dengan Metode Transfer pricing TNMM dengan Profit Level Indicator FCMU (fu// Cost Mach Up). PLl yang disajikan oleh Pemohon Bandin...
1245,65024,PT TOTAL OIL INDONESIA,PUT-008820.15/2019/PP/M.XvlllA Tahun 2022 DEMI KEADILAN BERDASARKAN KETUHANAN YA,2016,-,-,transfer pricing,18,"13,14,16,23,24,28,30,39,40,57,58,68,95,104,118,133",16,151,"...g signifikan atas barang atau jasa yang diperjualbelikan. bahwa sebagaimana yang disebutkan didalam Transfer Pricing Documentation (Lampiran-14) mengenai pemilihan metode, RPM merupakan metode yang paling sesuai, kar..."
1246,65061,PT Agro Bukit,PUT-005164.15/2020/PP/M.IB Tahun 2022 DEMI KEADILAN BERDASARKAN KETUHANAN YANG M,2016,Pajak Penghasilan,Mengabulkan sebagian,transfer pricing,4,"24,65,67",3,81,"...an mengenai manfaat ekonomi. yang “diperoleh akibat adanya jasa. Sebagaimana disebutkan.dalam OECD Transfer Pricing Guidelines par 7.18, hanya agreement saja tidak cukup untuk menunjukkan bahwa jasatelah diberikan...."
1247,65159,PT JJLAPP CABLE WORKS INDONESIA d.h. PT JJ-LAPP,PUT-010010.15/2019/PP/M.XIA Tahun 2022 DEMI KEADILAN BERDASARKAN KETUHANAN YANG ,2016,Pajak Penghasilan,-,transfer pricing,18,"17,19,22,38,41,44,48,76,79,85,91,93",12,123,...tai transaksi di mana transaksi afiliasi Wajib Pajak menjadi bagian di dalamnya. 2. Memilih metode Transfer Pricing Dalam memilih metode Transfer Pricing harus dilihat ketersediaan data pembanding dengan mempehatika...
1248,65160,PT SURYA HUTANI JAYA,PUT-011835.15/2019/PP/M.XVIIIA Tahun 2022 DEMI KEADILAN BERDASARKAN KETUHANAN YA,2016,Pajak Penghasilan,Mengabulkan seluruhnya,transfer pricing,7,"7,12,34,51,53,59",6,64,...tifilkasi atas perbedaan kondisi dalam kedua jenis transaksi dimaksud. 8. Penentuan Harga Transfer (transfer pricing) adalah penentuan harga dalam transaksi antara pihak-pihak yang mempunyai Hubungan lstimewa. 8. bah...
1249,65164,PT HARAPAN SAWIT LESTARl,PUT-003650.15/2018/PP/M.VIIIA Tahun 2022 DEMI KEADILAN BERDASARKAN KETUHANAN YAN,2014,-,-,transfer pricing,11,"18,63,64,66,72,73,74,80,81,83",10,118,"...gan lawan transaksinya""; bahwa selanjutnya bagian 8 menyebutkan: ``...Dalam pelaksanaan pemeriksaan transfer pricing, Pemeriksa Pajak perlu memperhatikan dokumen yang menjadi dasar penerapan prinsip kewajaran dan kel..."
1250,65165,PT NS BLUESCOPE LYSAGHT INDONESIA,PUT-003749.15/2018/PP/M.VIllA Tahun 2022 DEMI KEADILAN BERDASARKAN KETUHANAN YAN,2014,Pajak Penghasilan,-,transfer pricing,4,"21,73",2,95,...ara pihak afiliasi yang mempunyai kondisi sebanding; bahwa Pemohon Banding telah memberikan laporan transfer pricing pada tanggal 29 September 2016 dan dan invoices regional charges terkait biaya tersebut pada tangga...
1251,65551,PT FUJI PRESIsl-TOOL INDONESIA,PUT-008235.15/2019/PP/M.XvlllA Tahun 2022 DEMI KEADILAN BERDASARKAN KETUHANAN YA,2016,Pajak Penghasilan,-,transfer pricing,10,"5,6,24,25,35,38,40,41,42,54",10,67,".... bahwa berdasarkan hasil penelitian keberatan, Terbanding berpendapat bahwa berdasarkan penelitian Transfer Pricing Documentation Pemohon Banding (TP Doc), Pemohon Banding tidak menyebutkan secara tegas karakteristi..."
1252,65552,PT KALTIM METHANOL INDUSTRl,PUT-008409.15/2019/PP/M.XVIIIA Tahun 2022 DEMI KEADILAN BERDASARKAN KETUHANAN YA,2016,Pajak Penghasilan,-,transfer pricing,3,"14,32,68",3,83,...apat mentolerir perbedaan karakteristik produk antara pihak yang diuji dengan data pembanding. OECD Transfer Pricing Guidelines 2017 pada paragraf 2.29 dan 2.30 menjelaskan sebagai berikut: 2.29 (. . .) In making com...
1253,65600,PT CAHAYA SAWIT LESTARl,PUT-013801.15/2019/PP/M.VIIIA Tahun 2022 DEMI KEADILAN BERDASARKAN KETUHANAN YAN,2015,Pajak Penghasilan,-,transfer pricing,2,26,1,46,"...kait dengan kebijakan penentuan harga transfer yang dilakukan perusahaan atau biasa disebut sebagai Transfer Pricing; bahwa berdasarkan Lampiran I huruf C Peraturan Direktur Jenderal Pajak Nomor PER-22/PJ/2013, menje..."
1254,65601,PT CAHAYA SAWIT LESTARl,PUT-013802.15/2019/PP/M.VIIIA Tahun 2022 DEMI KEADILAN BERDASARKAN KETUHANAN YAN,2014,Pajak Penghasilan,-,transfer pricing,2,28,1,51,"...kait dengan kebijakan penentuan harga transfer yang dilakukan perusahaan atau biasa disebut sebagai Transfer Pricing; bahwa berdasarkan Lampiran I Huruf C Peraturan Direktur Jenderal Pajak Nomor PER-22/PJ/2013, menje..."
1255,65636,PT TS TECH INDONESIA,PUT-000949.15/2019/PP/M.XIVA Tahun 2022 DEMI KEADILAN BERDASARKAN KETUHANAN YANG,2015,Pajak Penghasilan,-,transfer pricing,2,"15,17",2,63,"...utuhkan tingkat keterampilan teknis yang signifikan seperti inovasi produk, desain, dan a 1 Laporan Transfer Pricing TA2015, Bab 5, Bagian 5.4.3 (Production Process) Halaman 15 dari 60 halaman. Putusan Nomor PUTJ)009..."
1256,65673,PT UL TIMA ASIA TEKNOLOGI (d/h PT MICROS FIDELIO,PUT-006285.15/2020/PP/M.XIIIB Tahun 2022 PT Ultima Asia Teknologi,2016,Pajak Penghasilan,Mengabulkan sebagian,transfer pricing,9,"14,19,20,44,56,60,61",7,67,"...n pemeriksaan analisa TP dengan pendekatan transaksi per transaksi adalah telah sesuai dengar` OECD Transfer Pricing Guidelines Paragraph 3.9 (OECD Guidelines); Berdasarkan hal-hal tersebut, peneliti berpendapat bahw..."
1257,65737,PT Hl-LEX PARTS INDONESIA,PUT-007756.15/2020/PP/M.XIVB Tahun 2022,2017,Pajak Penghasilan,Menolak,transfer pricing,16,"7,10,13,20,21,39,47,52,56,60,62,65,66,76",14,97,...anding internal dengan mempertimbangkan 5 (lima) faktor kesebandingan batwa paragrat 2.46 pada OECD Transfer Pricing Guidelines 2017 memberikan panduan dalam menggunakan pembanding internal dalam menerapkan metode CP...
1258,65767,PT TANJUNGENIM LESTARI PULP AND PAPER,PUT-010789.15/2018/PP/M.XIVA Tahun 2022 DEMI KEADILAN BERDASARKAN KETUHANAN YANG,2015,Pajak Penghasilan,-,transfer pricing,8,"7,10,11,14,38,39",6,83,"...menguji kewajaran d/.scounf yang diberikan kepada pihak distributor, Pemohon Banding \elah membuat Transfer Pricing Documentation yang akan dijelaskan lebih lanjut dalam point no 2 di bawah; -bahwa sebagaimana disam..."
1259,65807,PT IQVIA SOLUTIONS INDONESIA,PUT-002620.15/2020/PP/M.XIVB Tahun 2022,2016,-,-,transfer pricing,8,"22,36,46,53,55,57,90",7,102,"...n adanya hubungan istimewa karena dasar penghitungan yang ada di dalam Pembukuan, Laporan Keuangan, Transfer Pricing Documentation, dokumen dan penjelasan yang diberikan oleh Pemohon Banding tidak memadai untuk dilak..."
1260,65828,PT Enkei Indonesia,PUT-005408.15/2019/PP/M.XVIA Tahun 2022 DEMI KEADILAN BERDASARKAN KETUHANAN YANG,2015,Pajak Penghasilan,Mengabulkan seluruhnya,transfer pricing,8,"24,30,32,33,70,76,79",7,105,...diatur dalam pedoman penerapan Prinsip Kewajaran dan Kelaziman Usaha yang diterima umum yaitu OECD Transfer Pricing Guidelines (OECD TPG). c. Sehingga dapat disampaikan bahwa Pemohon Banding telah memenuhi seluruh k...
1261,66042,-,PUT-006021.15/2020/PP/M.VIB Tahun 2022 DEMI KEADILAN BERDASARKAN KETUHANAN YANG ,2018,Pajak Penghasilan,-,transfer pricing,16,"17,19,26,28,30,31,34,39,48,62,65,66,68,71",14,77,"...a alasan Pemohon Banding mengeluarkan biaya yang tidak biasa tersebut sesuai dengan pasal pada OECD Transfer Pricing Guidelines paragraf 1.129 yang menyebutkan: « .associated enterprises, like independent enterprise..."
1262,66065,PT Exedy Manufacturing Indonesia,PUT-013628.15/2020/PP/M.VIB Tahun 2022 - DEMI KEADILAN BERDASARKAN KETUHANAN YAN,2017,Pajak Penghasilan,Mengabulkan seluruhnya,transfer pricing,17,"17,19,26,28,34,36,37,42,43,51,62,65,66,68,70",15,77,"...a alasan Pemohon Banding mengeluarkan biaya yang tidak biasa tersebut sesuai dengan pasal pada OECD Transfer Pricing Guidelines paragraf 1.129 yang menyebutkan: “..associated enterprises, like independent enterprise..."
1263,67291,PT Cahaya Pelita Andhika,PUT-000265.15/2019/PP/M.XVIA Tahun 2022 DEMI KEADILAN BERDASARKAN KETUHANAN YANG,2015,Pajak Penghasilan,Mengabulkan sebagian,transfer pricing,1,82,1,153,...terkait pengujian eksistensi transaksi utang Pemohon Banding dengan PT TR dalam kaitannya dengan transfer pricing adalah sebagai berikut: « bahwa kesimpulan-terkait analisis jumlah pokok utang dan jangka waktu p...
1264,67303,BUT Citibank N.A.,PUT-003979.15/2018/PP/M.XXA Tahun 2020,2011,Pajak Penghasilan,Mengabulkan sebagian,transfer pricing,1,44,1,203,"...penghasilan bruto oleh Wajib Pajak adalah biaya dengan jenis biaya atas jasa'desktop support, risk, transfer pricing, network, data center,” credit bureau,vehicle recoveries, product supply, antimoney. laundering, pa..."
1265,67304,PT SGS Indo Assay Laboratories,PUT-004606.15/2018/PP/M.XVIA Tahun 2022 DEMI KEADILAN BERDASARKAN KETUHANAN YANG,2015,-,Mengabulkan seluruhnya,transfer pricing,8,"32,40,41,75,76,126,127",7,142,...GM untuk meningkatkan kemampuan SGS Indo Assay Laboratories. bahwa. Pemohon Banding telah membuat Transfer Pricing Document untuk menguji kewajaran dan kelaziman transaksi afiliasi berkaitan dengan hal ini. Dokumen...
1266,67330,PT SC Hotels & Resorts Indonesia,PUT-010469.15/2018/PP/M. XVIA Tahun 2022 DEMI KEADILAN BERDASARKAN KETUHANAN YAN,2015,Pajak Penghasilan,Mengabulkan sebagian,transfer pricing,25,"13,27,30,34,37,38,39,40,42,89,125,139,141,145,157,161,164,198,199,200,209,214,215",23,225,...a dokumentasi yang dapat membuktikan nilai yang Pemohon Banding cantumkan di Lampiran B Dokumentasi Transfer Pricing. Namun Pemohon Banding tidak menunjukkan dokumentasi” yang dapat menunjukkan validitas/ “kebenaran...
1267,68640,PT MULTl lNTI PARAHIYANGAN,PUT-013591.15/2021/PP/M.VIA Tahun 2022,2018,Pajak Penghasilan,-,transfer pricing,1,16,1,34,...imewa yang menyatakan Peraturan Direktur Jenderal Pajak ini berlaku untuk Penentuan Harga Transfer (Transfer Pricing) atas transaksi yang dilakukan Wajib Pajak Dalam Negeri atau Bentuk Usaha Tetap di Indonesia dengan...
1268,68728,PT VISA WORLDWIDE INDONESIA,PUT-008317.15/2019/PP/M.VIB Tahun 2022 DEMI KEADllAN BERDASARKAI,2016,-,Mengabulkan sebagian,transfer pricing,3,"45,79,84",3,172,"...n nilai aktiva tak berwujudnya pada 30 September 2016 adalah 0; - Dalam PT VIisa WoHdwide lndonesla Transfer Pricing Report ldr the Financial Year Ended 30 September 2016 halaman 9 pe.in 2.1.3 Features of VisaNet, di..."
1269,68729,-,PUT-008379.15/2020/PP/M.VIB Tahun 2022,2015,Pajak Penghasilan,-,transfer pricing,4,"10,49,54,66",4,98,"...banding a.p 1 49.024.233.744,OQ Koreksi Rp 2.729.450.419,00 bahwa Koreksi berdasarkan hasil Analisa Transfer Pricing; bahwa dalam dekumen Transfer firofng yang disampaikan oleh Pemohon Banding dikefahui bahwa Pemohon..."
1270,68755,PT DWIMAKMUR PRIMATAMAS,PUT-001648.15/2020/PP/M.XlllB Tahun 2022 DEIvll KEADILAN BERDASARKAN KETUHANAN Y,2016,Pajak Penghasilan,-,transfer pricing,5,"30,36,50",3,122,"...ses sengketa di tingkat keberatan. Lantas, bagaimana dengan pembagian beban pembuktian pada konteks transfer pricing di Indonesia? Apakah Wajib Pajak ataukah otoritas pajak yang menanggung beban pembuktian dalam pene..."
1271,68874,PT.SARI DUMAI SEJATI,PUT-003993.15/2021/PP/M.VIB Tahun 2022 DEMI KEADILAN BERDASARKAN KETUHANAN YANG ,2017,Pajak Penghasilan,-,transfer pricing,1,6,1,30,"...2.219.266.542 - Koreksi USD 7.194.766 « Halaman 70: “ bahwa menurut Majelis, timbulnya sengketa. transfer pricing a guo disebabkan karena adanya perbedaan. dalam melakukan pengujian kewajaran atas penjualan kepada..."
1272,68918,PT. Alfa Laval Indonesia,PUT-008208.15/2018/PP M.XB Tahun 2022 DEMI KEADILAN BERDASARKAN KETUHANAN YANG M,2015,Pajak Penghasilan,Mengabulkan sebagian,transfer pricing,4,"18,19,23",3,52,"...sebagai berikut: bahwa terkait transaksi dengan related party, Pemohon Banding telah menyampaikan Transfer Pricing Documentafion (“TP Repor?) pada tanggal 1 Desember 2016: b. Koreksi Positif atas Biaya Usaha Lain..."
1273,69025,PT KARYA YASANTARA CAKTl,PUT-001900.15/2020/PP/PP/M.XA Tahun 2022 DEMI KEADILAN BERDASARKAN KETUHANAN YAN,2016,Pajak Penghasilan,Mengabulkan sebagian,transfer pricing,4,"16,69,70,71",4,82,"...memanfaatkan rechn/.ca/ Knowledge akeTu technical assistance tersedut, bahwa §esuai dengan dokumen Transfer Pricing tahun 2016 yang telah disampaikan kepada Terbanding, terdapat hasil analisa kesebandingan atas kewa..."
1274,69047,-,PUT-013820.15/2019/PP/M.VIB Tahun 2022,2015,Pajak Penghasilan,Mengabulkan seluruhnya,transfer pricing,29,"15,20,24,27,30,31,33,36,47,51,52,55,57,58,60,63,75,76,77,88,91,94,104,107,110,116,134",27,138,...banding dengan Pemohon Banding; 7. Pemilihan Q3 sebagai dasar koreksi tidak sesuai dengan ketentuan Transfer Pricing di Indonesia; 8. Kerugian Pemohon Banding bukan disebabkan oleh transaksi afiliasi dan bukan bertuj...
1275,69048,PT. PERDANA MULIA MAKMUR,PUT-016595.15/2020/PP/M.IA Tahun 2022 DEMI KEADILAN BERDASARKAN KETUHANAN YANG M,2016,Pajak Penghasilan,-,transfer pricing,2,"33,44",2,48,"...n di atas dan kondisi transaksi antara Pemohon Banding dan PT TMl tidak terdapat isu penyalahgunaan transfer pricing. Bahwa berdasarkan penjelasan dan aturan di atas, maka seharusnya koreksi positif atas Beban Manaje..."
1276,69129,PT NUTRICIA INDONESIA SEJAHTERA,PUT-003147.15/2020/PP/M.VIIIB Tahun 2022 DEMI KEADILAN BERDASARKAN KETUHANAN YAN,-,Pajak Penghasilan,Mengabulkan seluruhnya,transfer pricing,11,"26,64,65,84,102",5,107,"...sar milik Pemohon Banding, bukan bertujuan untuk memperkuat nilai merek.Perlu ditekankan bahwa OECD Transfer Pricing Guidelines for Multinational Enterprises and Tax Administrators Tahun 2010 (“Pedoman OECD”). Paragr..."
1277,69195,PT Millennium Sirih Jakarta Hotel,PUT-001370.15/2020/PP/M.XIVB Tahun 2022,2015,Pajak Penghasilan,Mengabulkan sebagian,transfer pricing,2,172,1,225,...bukti-bukti pelunasan pinjaman kepada Terbanding; (**) SE-50/PJ/2013: • Bab ll Tahapan pemeriksaan Transfer pricing • Huruf B Tahapan pelaksanaan pemeriksaan Transfer pricing • Angka 3 Menerapkan Prinsip Kewajaran d...
1278,69372,PT Sharp Semiconductor Indonesia,PUT-000361.15/2019/PP/M. XVIB Tahun 2022 DEMI KEADILAN BERDASARKAN KETUHANAN YAN,2015,Pajak Penghasilan,-,transfer pricing,61,"8,12,14,16,17,18,19,22,25,31,33,34,56,58,59,60,63,65,66,67,69,71,73,81,82,83,84,89,90,96,98,103,107,112,113,114",36,134,"...SD 5.030.011 Menurut Terbanding: 1) bahwa berdasarkan hasil Pemeriksaan dengan melakukan pengujian transfer pricing, Terbanding melakukan koreksi positif, atas Penyesuaian Fiskal Positif sebesar USD 5.030.011. Untuk..."
1279,69387,PT Agro Indomas,PUT-003569.15/2020/PP/M.IB Tahun 2022 DEMI KEADILAN BERDASARKAN KETUHANAN YANG M,2016,Pajak Penghasilan,Mengabulkan sebagian,transfer pricing,6,"9,11,24,42,43,44",6,64,"...18 ayat (3) UU PPh, PER-43/PJ/2010 s.d.t.d PER-32/PJ/2011, PER-22/PJ/2013, SE-50/PJ/2013, dan OECD Transfer Pricing Guidelines, Menurut Pemohon Banding bahwa Pemohon Banding tidak setuju atas koreksi atas atas Peng..."
1280,69444,PT Fumakilla Indonesia,PUT-013197.15/2020/PP/M.XVIA Tahun 2022 DEMI KEADILAN BERDASARKAN KETUHANAN YANG,2017,Pajak Penghasilan,-,transfer pricing,14,"9,13,19,20,21,26,61,75,76,78,92",11,95,...rasal dari Pengujian Penerapan Kewajaran dan Kelaziman Usaha: Terbanding “menguji kembali kewajaran Transfer Pricing. Pemohon Banding dengan menolak . beberapa perusahaan Apemkaridiya dengan ri rincian sebagai beriku...
1281,69515,PT. HONDA PRECISION PARTS MANUFACTURING,PUT-009079.15/2019/PP/M.IA Tahun 2022 DEIvll KEADILAN BERDASARKAN KETUHANAN YANG,2012,Pajak Penghasilan,Mengabulkan sebagian,transfer pricing,24,"7,9,10,11,12,14,17,22,28,31,32,49,55,57,85,86,95",17,108,"...yang telah disampaikan pada saat proses pemeriksaan dan keberatan (seperti SPT Lampiran 3A, dokumen Transfer Pricing) terdapat 17 (tujuh belas) Transaksi Penjualan antara Pemohon Banding dengan pihak yang memiliki hu..."
1282,69533,PT Mitsuba Indonesia,-,2013,Pajak Penghasilan,-,transfer pricing,8,"15,18,20,21,24,26,41",7,50,"...a dalam pemeriksaan ini, terdapat transaksi afiliasi berupa initial fee yang didokumentasikan dalam transfer pricing dokumentation yaitu atas transaksi sebesar Rpl4.524.242.825, namun dalam ledger WP adalah sebesar R..."
1283,69721,PT Sodexo Motivation Solutions Indonesia,PUT-007761.15/2020/PP/M.IB Tahun 2022 DEMI KEADILAN BERDASARKAN KETUHANAN YANG M,2017,Pajak Penghasilan,Mengabulkan seluruhnya,transfer pricing,25,"14,15,17,21,22,35,38,42,48,49,54,55,58,73",14,81,"...eksi penyesuaian fiskal positif sebesar Rp3.851.508.317,00 tidak dilakukan dalam rangka pemeriksaan Transfer Pricing karena TP Doc dari Wajib Pajak isinya adalah-uraian secara umum mengenai metode transfer pricing un..."
1284,69765,-,PUT-014180.15/2019/PP/M.VIB Tahun 2022,2013,Pajak Penghasilan,-,transfer pricing,7,"13,64,110,133,134,141,142",7,151,bertentangan dengan prinsip-prinsip Transfer Pricing karena tidak ada entitas yang akan menyediakan jasa tanpa memperoleh remunerasi atas jasa tersebut....
1285,70025,PT. HEWLETT-PACKARD INDONESIA,PUT-011090.15/2019/PP/M.VA Tahun 2022 DEMI KEADILAN BERDASARKAN KETUHANAN YANG M,2016,Pajak Penghasilan,Mengabulkan sebagian,transfer pricing,14,"16,18,20,22,35,36,43,46,50,51",10,67,...an usaha pada Transaksi Afiliasi: 1. Menentukan Karakteristik Usaha Wajib Pajak 2. Memilih Metode Transfer Pricing 3. Menerapkan Prinsip Kewajaran dan Kelaziman Usaha 4. Menerapkan Prinsip Kewajaran dan Kelaziman...
1286,70078,PT SONY INDONESIA,PUT-000904.15/2020/PP/M.VIB Tahun 2022 DEMI KEADILAN BERDASARKAN KETUHANAN YANG ,2016,Pajak Penghasilan,-,transfer pricing,5,"37,38,53,58,65",5,74,...g saat Penelitian Keberatan bahwa Terbanding saat Pemeriksaan telah menjalankan tahapan pemeriksaan Transfer Pricing sebagaimana diatur dalam Peraturan Direktur Jenderal Pajak Nomor PER-22/PJ/2013 langgal 30 Mei 2013...
1287,70128,PT VOLVO INDONESIA,PUT-002621.15/2020/PP/M.XIVA Tahun 2022 DEMI KEADILAN BERDASARKAN KETUHANAN YANG,2016,Pajak Penghasilan,-,transfer pricing,5,"22,32,59,100",4,103,"...klus produk. Hal ini juga diperkuat oleh Un/.ted Ival/.ons dalam United Nations Practical Manual on Transfer Pricing for Developing Countries, 2013 (`UN TP Manuar') paragrat 5.3.4.20 selanjutnya menetapkan bahwa: ""....."
1288,70142,PT PIAGGIO INDONESIA,PUT-011292.15/2020/PP/M.XIIIB Tahun 2022 DEMI KEADILAN BERDASARKAN KETUHANAN YAN,2017,-,-,transfer pricing,5,"9,10,23,24",4,44,"...apkan oleh Terbanding dengan alasan sebagai berikut: 1. Terbanding tidak melakukan tahapan analisis Transfer Pricing yang lengkap bahwa di dalam dokumen Surat Pemberitahuan Hasil Pemeriksaan (``SPHP""), Berita Acara P..."
1289,70143,PT PIAGGlo INDONESIA,PUT-011293.13/2020/PP/M.XlllB Tahun 2022 DEIVII KEADILAN BERDASARKAN KETUHANAN Y,-,Pajak Penghasilan,-,transfer pricing,6,"11,12,13,22,31,47",6,52,"...erundangan-undangan, dan tidak memiliki dasar hukum; b. Terbanding tidak melakukan tahapan analisis Transfer Pricing yang lengkap bahwa sebagaimana yang telah Pemohon Banding sampaikan di bagian sebelumnya, bahwa kor..."
1290,70167,PT KENCANA ANAL TANI,PUT-011918.15/2019fl,2016,Pajak Penghasilan,-,transfer pricing,4,"26,28,93",3,109,...kan manfaat ekonomi bagi Wajib Paifak. b. Melakukan penghitungan kewajaran pembayaran jasa; d. OECD Transfer pricing Guidelines paragraph 7.5 There are two issues in the analysis Of transfer pricing for intragroup se...
1291,70217,PT. Toba Pulp Lestari Tbk.,PUT-014258.15/2020/PP/M.XVA Tahun 2022 DEMI KEADILAN BERDASARKAN KETUHANAN YANG ,2017,Pajak Penghasilan,Mengabulkan sebagian,transfer pricing,34,"19,21,23,25,27,28,29,36,47,59,97,98",12,109,"...reksi adalah terkait penjualan produk pulp yang merupakan produk komoditas. Bahwa Paragraf 3.9 OECD Transfer Pricing Guidelines (TPG) 2017 menguraikan sebagai berikut. ""However, there are often situations where separ..."
1292,70360,PT Bekaert Indonesia,PUT-001281.15/2018/PP M.XB Tahun 2022 DEMI KEADILAN BERDASARKAN KETUHANAN YANG M,2014,Pajak Penghasilan,Mengabulkan sebagian,transfer pricing,4,"13,43,104,105",4,110,"...SA Belgium) yang langsung atau tidak langsung mempunyai hubungan istimewa, berdasarkan data pada Transfer Pricing Documentation (TP Documentfation) yang dibuat oleh Wajib Pajak diketahui bahwa group Bekaert mengu..."
1293,70539,PT MEIDEN ENGINEERING INDONESIA,PUT-013348.15/2019/PP/M.IA Tahun 2022 DEIVII KEADILAN BERDASARKAN KETUHANAN YANG,2016,Pajak Penghasilan,Mengabulkan seluruhnya,transfer pricing,7,"7,10,13,22,23,39,50",7,66,"...(oreksi atas rechn/.ca/ Support Fee dan Nlanagement Consultancy Fee,. bahwa sesuai dengan peraturan transfer pricing yang berlaku di Indonesia (PER-43, PER-32 dan PER-22), yang memberikan pedoman dalam melakukan peme..."
1294,70620,PT VISA WORLDWIDE INDONESIA,PUT005424.15/202On3P,2017,Pajak Penghasilan,-,transfer pricing,2,78,1,155,...ti P-17. Salinan Contoh C//.enf SeM.cos Agreement (Perjanjian Jasa Klien); 18. Bukti P-18. Fofckdyi Transfer Pricing Local File for the Financial Year Ended 30 September 2017 -PT VIsa Worldwide Indonesia; 19. Bukti P...
1295,70625,PT. Alfa Laval Indonesia,PUT006090.15/2019/PP/M.XB Tahun 2022 DEMI KEADILAN BERDASARKAN KETUHANAN YANG MA,2013,Pajak Penghasilan,-,transfer pricing,2,"18,19",2,83,"...PT Badan Pemohon Banding; bahwa selain itu, seperti yang juga sudah disebutkan dan dijelaskan dalam Transfer Pricing Report Tahun 2013 point 7.2 (halaman 27), SEA Shared Sewices Cost memi]iki manfaat ekonomis atau ko..."
1296,70650,-,PUT-008473.15/2018/PP/M.XB Tahun 2022 PT lndosafety Sentosa Industry,2015,Pajak Penghasilan,-,transfer pricing,13,"19,30,36,37,59,60,81",7,103,...perpajakan yang berlaku; c) bahwa Pemeriksa KPP Penanaman Modal Asing Dua telah meminta peminjaman Transfer Pricing Documentat.on serta Jawaban Perfanyaan atas Transfer Pn.cing Documentation dan transaksi yang memil...
1297,70685,PT. Alfa Laval Indonesia,PUT-010570.15/201 en3P/M.XB Tahun 2022 DEMI KEAD,2016,Pajak Penghasilan,-,transfer pricing,2,"8,21",2,51,"...p hasilan atau biaya yang dipengaruhi hubungan istimewa be saritan metode penentuan harga transfer (transfer pricing) } ng diperkenankan menunlt ketentuan tersebut; b. bahwa menurut Pasal 18 ayat (3) UU Pph, hanya bi..."
1298,70854,-,PUT-008442.15/2020/PP/M.XXA Tahun 2022 DEMI KEADILAN BERDASARKAN KETUHANAN YANG ,2014,Pajak Penghasilan,-,transfer pricing,1,72,1,92,"...iman usaha mulai dari melakukan analisis kesebandingan dan menentukan pembanding, menentukan metode transfer pricing yang tepat, menerapkan prinsip kewajaran dan kelaziman usaha berdasarkan hasil analisis kesebanding..."
1299,71087,PT BARENTZ,PUT-013289.15/2019/PP/M.VIIIA Tahun 2022 DEIVII KEADILAN BERDASARKAN KETUHANAN Y,2016,Pajak Penghasilan,Mengabulkan sebagian,transfer pricing,7,"14,17,25,48,59,60",6,85,...gi sehubungan dengan kemungkinan kerusakan produk karena kadaluarsa atau kontamjnasi (lihat dokumen transfer pricing bagian Resiko Persediaan). 0leh karena barang-barang rusak dan kadaluarsa tidak dapat dijual lagi k...
1300,71129,PT AQUAFARM NUSANTARA,PUT-000937.15/2021/PP/M.XllIB Tahun 2022 DEIVII KEADILAN BERDASARKAN KETUHANAN Y,2017,Pajak Penghasilan,Mengabulkan seluruhnya,transfer pricing,1,27,1,32,"...kerugian konsoljdasi RSAG tersebu{ hanya sebesar 2,28% saja telah membuktjkan bahwa tidak ada Totlf transfer pricing abuse torofit shifting) dan kerug.lan F.emohon Banding sebesar USD469,836 telah sesuai dengan profi..."
1301,71246,-,PUT-008322.15/2020/PP/M.VIB Tahun 2022 DEMI KEADILAN BERbASARKAN KETUHANAN YANG ,2014,Pajak Penghasilan,-,transfer pricing,11,"15,16,35,56,61,63,73,77",8,84,"...data pembandingnya bahwa seperti yang didokumentasikan dalam TPD Pemohon Banding, penerapan metode transfer pricing yang dipilih dilakukan dengan menggunakan pendekatan beberapa tahun. Penggunaan pendekatan beberapa..."
1302,71258,-,PUT-010680.15/2020/PP/M.VIB Tahun 2022 DEMI KEADILAN BERDASARKAN KETUHANAN YANG ,2017,Pajak Penghasilan,-,transfer pricing,4,"13,27,35",3,77,"...dalarr] oerusahaan"" (|3ab 11 huruf a nomor 3 angka 2 pada PER-22/PJre013); bahwa Paragraf 3.76 OECD Transfer Pricing (TP) Guidelines 2010 menyebutkan batwa ""In order to obtain a complete undestanding of the facts and..."
1303,71295,PT PROPERTINDO PRIMA,PUT-013871.15/2020/PP/M.XIllB Tahun 2022 DEMI KEADILAN BERDASARKAN KETUHANAN YAN,2017,Pajak Penghasilan,-,transfer pricing,1,27,1,55,...au Jasa Kena Pajak; e. bahwa Pemohon Banding tidak dapat menunjukkan dokumen (dalam hal ini dokumen transfer pricing) yang membuktikan bahwa harga pada invoice dan Faktur Pajak yang diterbitkan untuk perusahaan afili...
1304,71581,PT SHINDENGEN INDONESIA,PUT-011581.15/2019/PP/M.VIIIB Tahun 2022 DEMI KEADILAN BERDASARKAN KETUHANAN YAN,2016,Pajak Penghasilan,Mengabulkan sebagian,transfer pricing,7,"15,21,28,29,31",5,37,"...ngka untuk mendapatkan, menagih dan memelihara penghasilan, Pemohon Banding Telah Melakukan Analisa Transfer Pricing bahwa Pemohon-Banding telah melakukan analisa kewajaran harga atas transaksi yang dilakukan dengan..."
1305,71608,PT. FORTIUS AGRO ASIA,PUT-007068.15/2020/PP/M.VIA Tahun 2022,2016,Pajak Penghasilan,-,transfer pricing,1,24,1,45,"...h namun menggunakan Pasal 6 ayat (1) UU PPh dan Pasal 12 ayat (3) UU KUP sehingga tidak membuat KKP Transfer Pricing dan tidak membuat TP Doc, c) bahwa pada saat pemeriksaan, kepada Pemohon Banding telah diminta dat..."
1306,71628,PT UTAC.MANUFACTURING SERVICES INDONESIA,PUT-015863.15/2020/PP/M.VIB Tahun 2022 DEMI KEADILAN BERDASARKAN KETUHANAN YANG ,2017,Pajak Penghasilan,Mengabulkan seluruhnya,transfer pricing,16,"5,8,14,17,18,20,30,32,33",9,36,"...atas masing-masing koreksi yang diajukan banding tersebut di atas adalah sebagai berikut: Koreksi transfer pricing sebesar USD224.891,95 Menurut Terbanding: bahwa koreksi transfer pricing berdasarkan perbedaan ha..."
1307,71741,-,PUT-011320.15/2020/PP/M.XXA Tahun 2022 DEMI KEADILAN BERDASARKAN KETUHANAN YANG ,2017,Pajak Penghasilan,Mengabulkan seluruhnya,transfer pricing,43,"10,19,23,26,27,28,32,33,37,39,40,44,45,51,52,53,69,71,72,75,82,85,86,88,89,100,104",27,107,"...dikan dan Pelatihan Pajak, Badan Pendidikan dan Pelatihan Keuangan Kementerian Keuangan dalam buku “Transfer Pricing untuk Kepentingan Pajak” halaman 64, menyatakan: Analisis risiko dimaksudkan untuk mengidentifikasi..."
1308,71888,PT Cheil Jedang Superfeed,PUT-001703.15/2020/PP/M.XIIA Tahun 2022 DEMI KEADILAN BERDASARKAN KETUHANAN YANG,2016,Pajak Penghasilan,-,transfer pricing,14,"15,16,23,24,25,28,32,34,36,37,58",11,74,...ksaan Terhadap Wajib Pajak Yang Mempunyai. Hubungan Istimewa yang selanjutnya disebut Pemeriksaan transfer pricing. ex Lampiran Surat Edaran Direktur Jenderal! Pajak Nomor: SE-60/Pj/2013 tentang Petunjuk Teknis Pe...
1309,71928,PT URC INDONESIA,PUT-005044.15/2021/PP/M.XIIIB Tahun 2022 DEMI KEADILAN BERDASARKAN KETUHANAN YAN,2016,Pajak Penghasilan,-,transfer pricing,7,"9,12,58,59,60,81",6,91,"...00 Television Ar Time 100.000.000 AJEIRJE 1.043 936,803 Jumlah 21.003.014, 794 2. bahwa OECD Transfer Pricing Guidelines Chapter VI section D ""Marketing activities undertaken by enterprises not owning tradem..."
1310,71943,PT. Atlas Copco Indonesia,PUT-011810.15/2019/PP/M.IA Tahun 2022 DEMI KEADILAN BERDASARKAN KETUHANAN YANG M,2016,Pajak Penghasilan,Mengabulkan sebagian,transfer pricing,9,"34,45,48,71,109,110,111",7,127,...nding. Perbedaan siklus usaha atau siklus hidup produk dapat berdampak secara material atas keadaan transfer pricing yang harus dinilai untuk menentukan kesebandingan. Data dari tahun-tahun sebelumnya dapat menunjukk...
1311,72017,PT SINERGI ADIMITRA JAVA,PUT-000053.15/2021/PP/MXIIIB Tahun 2022 PT Sinergi Adimitra Jaya,2017,Pajak Penghasilan,-,transfer pricing,3,"63,70",2,82,...ertuljs Tanpa Nomor tanggal 28 Januari 2022 tentang Pemyataan Akhir (Closing Statement); Bukti P-46 Transfer Pricing Documentation Dokumen lnduk; Bukti P-47 Transfer Pricing Documentation Dokumen Lokal; Menimbang bah...
1312,72062,PT. BRI: Danareksa Sekuritas (d.h. PT. Danareksa Sekuritas),PUT-001386.15/2021/PP/M.XVA Tahun 2022 DEMI KEADILAN BERDASARKAN KETUHANAN YANG ,2017,-,-,transfer pricing,1,25,1,50,...l b: Koreksi Penyesuaian Fiskal Positif sebesar Rp 48.445.465.942 dan perhitungan excel 6. Dokumen Transfer Pricing Tahun 2017 7. Tanda Terima Peminjaman berkas selama proses pemeriksaan 8. Surat Pernyataan Pakta...
1313,72096,PT. Sime Darby Oils Pulau Laut Refinery (d.h. PT. Golden Hope Nusantara),PUT-005393.15/2020/PP/M.XVB Tahun 2022,2013,Pajak Penghasilan,-,transfer pricing,6,"8,21,28,54,57",5,62,"...empunyai hubungan istimewa), 2. Bahwa Pemohon Banding periode Juli 2013 s.d Juni 2014 tidak membuat Transfer Pricing Documentation, 3. Bahwa pada periode Juli 2013 s.d Juni 2014, Pemohon, Banding tidak mendokumentasi..."
1314,72159,PT .MULTIPOLAR TBK.,PUT-014574.15/2020/PP/M.XIVB Tahun 2022,2017,Pajak Penghasilan,-,transfer pricing,18,"12,14,29,35,45,47,55,59,68,75,76,90,94,95,98",15,104,"...engan pihak afiliasi, Pemohon Banding telah melakukan analisis kesebandingan dan menggunakan metode Transfer Pricing yang paling sesuai (the most appropriate method) dengan jenis transaksi sewa yaitu metode Comparabl..."
1315,72338,PT Tanjungenim Lestari Pulp and Paper,PUT-003263.15/2018/PP M.XB Tahun 2022,2014,Pajak Penghasilan,-,transfer pricing,49,"5,6,7,8,9,24,26,31,37,44,48,53,55,56,57,65,66,72,81,83,84,85,96",23,131,"...k menguji kewajaran discount yang diberikan kepada pihak distributor, Pemohon Banding telah membuat Transfer Pricing Documentation yang akan dijelaskan lebih lanjut dalam point no 2 dibawah, Bahwa sebagaimana disampa..."
1316,72396,PT. POSMI STEEL INDONESIA,PUT-012936.15/2019/PP/M.IVA Tahun 2022 DEMI KEADILAN BERDASARKAN KETUHANAN YANG ,2016,Pajak Penghasilan,Mengabulkan sebagian,transfer pricing,23,"15,16,20,21,28,37,47,48,54,55,62,69,94,95,96,98,99,100,103",19,110,"...jika pos tersebut diklasifikasikan di dalam kelompok COGS, bahwa hal ini telah sejalan dengan OECD Transfer Pricing Guidelines (OECD Guidelines) paragraf 2.77 yang menjelaskan bahwa komponen pendapatan maupun biaya..."
1317,72512,PT BARENTZ,PUT-012045.15/2020/PP/M.VIIIA Tahun 2022 DEMI KEADILAN BERDASARKAN KETUHANAN YAN,2017,Pajak Penghasilan,Mengabulkan seluruhnya,transfer pricing,4,"15,22,49,56",4,83,...tan dan jasa tidak dapat diperlakukan sebagai duplikasi diatur di OECD TPD 2017 di bawah ini: OECD Transfer Pricing Guidelines 2017 di Chapter VII Special Considerations for Intra-Group Services di Bagian B.1.3 tent...
1318,72513,PT ADHITYA SERAYAKORITA,PUT-015766.15/2020/PP/M.VA Tahun 2022 DEMI KEADILAN BERDASARKAN KETUHANAN YANG M,2017,Pajak Penghasilan,-,transfer pricing,11,"10,27,47,48,52,53,55",7,65,"...Banding telah menjalankan ketentuan perpajakan yang berlaku atas penerapan transaksi afiliasi atau transfer pricing, Bahwa dalam penentuan harga atas peredaran usaha yang dilaporkan oleh Pemohon Banding dalam SPT B..."
1319,72694,PT SCHNEIDER ELECTRIC INDONESIA,PUT-010449.15/2020/PP/M.XIIIB Tahun 2022 DEMI KEADILAN BERDASARKAN KETUHANAN YAN,2016,Pajak Penghasilan,-,transfer pricing,17,"10,11,27,28,30,39,40,46",8,50,...uk dipakai....”. bahwa karakteristik fungsi dan risiko di atas juga telah dijelaskan dalam Dokumen Transfer Pricing untuk Tahun Pajak 2016 yang telah diserahkan Pemohon Banding pada saat pemeriksaan dan fungsi dan r...
1320,72695,PT SCHNEIDER ELECTRIC INDONESIA,PUT-010450.16/2020/PP/M.XIIIB Tahun 2022 DEMI KEADILAN BERDASARKAN KETUHANAN YAN,-,PPN,-,transfer pricing,18,"11,12,24,26,38,39,42,45",8,49,...k dipakai....”. bahwa karakteristik fungsi dan risiko di atas juga telah dijelaskan dalam Dokumen Transfer Pricing untuk Tahun Pajak 2016 yang telah diserahkan Pemohon Banding pada saat pemeriksaan dan fungsi dan...
1321,72704,PT BOOKING INDONESIA,PUT-013290.15/2020/PP/M.XIIIA Tahun 2022 DEMI KEADILAN BERDASARKAN KETUHANAN YAN,2017,Pajak Penghasilan,-,transfer pricing,48,"5,6,7,9,10,12,13,14,17,19,33,35,37,38,39,40,42,43,44,45,52,54,56,57,59,61",26,74,...data pembanding dan sepakat dengan data pembanding yang dipilih oleh Pemohon Banding dalam dokumen Transfer Pricing Tahun Pajak 2017. Pemeriksa menggunakan nilai median dengan penggunaan rata-rata tertimbang tiga ta...
1322,72705,PT BOOKING INDONESIA,PUT-013291.16/2020/PP/M.XIIIA Tahun 2022 DEMI KEADILAN BERDASARKAN KETUHANAN YAN,-,PPN,Mengabulkan seluruhnya,transfer pricing,71,"12,14,16,17,19,20,21,22,24,29,31,33,34,36,37,38,39,41,42,46,59,61,63,64,65,66,68,69,70,71,76,77,79,80,81,83,84,85,86,88",40,97,...data pembanding dan sepakat dengan data pembanding yang dipilih oleh Pemohon Banding dalam dokumen Transfer Pricing Masa Pajak Desember 2017. Pemeriksa menggunakan nilai median dengan penggunaan rata-rata tertimbang...
1323,72874,-,-,2017,Pajak Penghasilan,Mengabulkan sebagian,transfer pricing,2,"107,108",2,130,"...Penentuan Harga Transfer untuk Transaksi Penjualan PT Intiguna Primatama Tahun Pajak 2017 (Dokumen Transfer Pricing), Ox Halaman 107 dari 130 halaman. Putusan Nomor. PUT-002891.15/2021/PP/M,XXA Tahun 2022 PT Intigu..."
1324,73137,PT ORIFLAME COSMETICS INDONESIA,PUT-000577.15/2020/PP/lvI.IIB Tahun 2022 DEMI KEADILAN BERDASARKAN KETUHANAN YAN,2014,Pajak Penghasilan,-,transfer pricing,5,"13,44,45",3,68,...bahwa transaksi pembayaran royalti kepada Oriflame SA tidak menyebabkan kerugian dari sudut pandang transfer pricing di Indonesia Terbanding tidak mempertimbangkan analisis benchmawh/.ng yang telah dilakukan oleh Pem...
1325,73138,PT ORIFLAME COSMETICS INDONESIA,PUT-000578.16/2020/PP/M.IIB Tahun 2022 DEMI KEADILAN BERDASARKAN KETUHANAN YANG ,-,Pajak Penghasilan,Mengabulkan seluruhnya,transfer pricing,5,"32,33",2,39,"...k Yang Mempunyai Hubungan lstimewa, mengatur : Lampiran I Bab 11 Huruf b Angka 2, Menentukan metode Transfer Pricing yang paling sesuai berdasarkan fakta dan kondisi; Dalam penentuan metode Transfer Pricing, prinsip..."
1326,73179,BUT Standard Chartered Bank,PUT-009887.15/2018/PP/M.XIVA Tahun 2022,2015,Pajak Penghasilan,Mengabulkan sebagian,transfer pricing,4,"95,189",2,237,Kantol-/Transfer Pricing Yang dimaksud dengan biaya dana kewajiban antar kantor/transfer pricing adalah biaya bunga atas dan...
1327,73237,PT MULIA AGRO PERMAI,PUT-012159.15/2019/PP/M.VIA Tahun 2022,2016,Pajak Penghasilan,-,transfer pricing,6,"31,38,46,69,86,127",6,145,"...nis. Pemeriksaan terhadap Wajib Pajak yang Mempunyai Hubungan Istimewa: BAB II Tahapan Pemeriksaan Transfer Pricing, SUB BAB B. Tahapan Pelaksanaan, Angka 3. Menerapkan Prinsip Kewajaran dan Kelaziman Usaha, Huruf b..."
1328,73427,PT SIEIVIENS INDONESIA,PUT-014532.15/2020/PP/M.XlllB Tahun 2022 DEM,2017,Pajak Penghasilan,-,transfer pricing,3,"9,25,26",3,48,"...jadi tidak mungkin dilakukan. Dengan tidak dapat d.ilakukannya corresponding adof ustment, horeks.i transfer pricing tersebut akan mengakibatkan terjadinya pajak berganda; b) Pelanggaran atas Pasal 57 Peraturan Pemer..."
1329,73506,PT DWISEMBADA KARYA,PUT-010485.15/2020/PP/M.XIVB Tahun 2022 PT Dwisembada Karya,2017,Pajak Penghasilan,-,transfer pricing,7,"20,69,72,107,111,116,119",7,129,...rikan kepada karyawan Pemohon Banding selama melaksanakan training/pelatihan di “Singapuras.terkait Transfer Pricing Workshop: bahwa biaya tersebut seharusnya dapat dibiayakan karena berkenaan 'dengan peningkatan kua...
1330,73508,PT SUBUR ARUM MAKMUR,PUT-010592.15/2020/PP/M.XIA Tahun 2022 DEMI KEADILAN B ERDASARKAN KETUHANAN YANG,2014,Pajak Penghasilan,-,transfer pricing,2,45,1,163,"...kan terhadap entitas atau anggota menejemen kunci entitas (atau entitas induk den entitas) 7. OECD Transfer Pricing Guidelines, paragraph 7.5 There are two issues in the analysis of transfer pricing for intragroup s..."
1331,73510,PT... Solar. Premium Central,PUT-011227.15/2020/PP/M.XVA Tahun 2022 DEMI KEADILAN BERDASARKAN KETUHANAN YANG ,2017,Pajak Penghasilan,-,transfer pricing,8,"11,24,32,45,49,50",6,55,"...rnal untuk pengujian transaksi pembelian HSD Pemohon Banding bahwa dalam penerapan penentuan metode transfer pricing, tersedia dua sumber data pembanding yaitu berupa pembanding eksternal dan internal. 1 Pemilihan..."
1332,73516,PT.-Bank Tabungan Pensiunan Nasional Tbk.,PUT-011770.15/2020/PPIM.XVB Tahun 2022,2017,Pajak Penghasilan,Mengabulkan sebagian,transfer pricing,2,32,1,71,...jiban Antar Kantor/Transfer Pricing 11.26. Yang dimaksud dengan biaya dana kewajiban antar kanfortransfer pricing adalah biaya bunga atas dana yang berasal dari kewajiban antar kantorftransfer pricing Bank. Biaya...
1333,73522,PT SUBUR ARUM MAKMUR,PUT-901832.15/2020/PP/M.XIA Tahun 2022 DEMI KEADILAN BERDASARKAN KETUHANAN YANG ,2013,Pajak Penghasilan,Mengabulkan sebagian,transfer pricing,7,"61,72,81,85",4,182,"...n terhadap entitas atau anggota menejemen kunci entitas (atau entitas induk dari entitas). e) OECD Transfer Pricing Guidelines, paragraph 7.5 There are iwo issues in the analysis of transfer pricing for intragroup..."
1334,73546,PT. EHWA TRADE,PUT-009327.15/2020/PP/M.XIVB Tahun 2022 PT Ehwa Trade,2017,Pajak Penghasilan,-,transfer pricing,1,58,1,71,"...ganisasi perusahaan dan tugas/job | Dipenuhi Sescripfion masing-masing fungsi atau unit, — fotokopi Transfer Pricing (TP) Documantation | Dipenuhi bukti pembelian material selama tahun 2017 ' Tidak Dipenuhi termasuk..."
1335,73559,PT. AKASHI.WAHANA INDONESIA,PUT-015074.15/2020/PP/M.XIIB Tahun 2022,2014,Pajak Penghasilan,-,transfer pricing,33,"14,20,22,23,25,27,28,44,46,47,48,61,68,81,85,87,90,94,95,97",20,105,"...atas barang Tidak Berwujud tersebut telah dicatat dan memiliki nilai sesuai dengan maksud dari OECD Transfer Pricing Guidelines Par6.17, 2) Pengujian Manfaat Ekonomis(Par6.10) bahwa manfaat ekonomis dari pembayaran..."
1336,73845,PT Halliburton Lagging Services Indonesia,PUT013395.15/2019/PP/M.XVB Tahun 2022,2016,Pajak Penghasilan,-,transfer pricing,8,"65,66,67,68",4,72,"...uasaan manajemen secara langsung; b. Menimbang bahwa Terkait kewenangan DJP untuk melakukan koreksi transfer pricing dalam Transaksi dengan Perusahaan Lokal, dapat diuraikan sebagai berikut: Bahwa berdasarkan pemerik..."
1337,73950,PT COSMIC INDONESIA,PUT-010290.15/2019/PP/M.VIA Tahun 2022,2016,Pajak Penghasilan,-,transfer pricing,13,"8,9,31,36,39,40,91,99,102",9,128,...alam TP Documentation; bahwa pehanyaannya adalah apakah ada wewenang Fiskus untlik mengubah/membuat Transfer Pricing Documentation tandingan yang telah\dibuat oleh Pemohon Banding padahal Pemohon Banding telah membua...
1338,74009,PT DKSH Indonesia,-,2016,Pajak Penghasilan,Mengabulkan sebagian,transfer pricing,1,39,1,85,...rdapat hubungan istimewa; bahwa Pemohon Banding tidak memberikan bukti pendukung berupa Dokumentasi Transfer Pricing (TP Doc) namun sampai dengan selesainya pemeriksaan data tersebut tidak diberikan oleh Wajib Pajak;...
1339,74020,PT ASIAN ISUZU CASTING CENTER,PUT-010917.15/2019/PP/M.XIVA Tahun 2022 DEMI KEADILAN BERDASARKAN KETUHANAN YANG,2016,Pajak Penghasilan,-,transfer pricing,6,"5,21,32,61,62,65",6,81,"...rga jual kepada lMT atas produk FCD; d. Pembayaran Roya/fy 5% masih dalam rentang wajar berdasarkan Transfer Pricing Documentation.. e. Biaya ini bukan merupakan royalti market/.ng tapi atas Knowhow, namun cara perhi..."
1340,74073,PT Archroma Indonesia,-,2015,Pajak Penghasilan,Mengabulkan seluruhnya,transfer pricing,26,"9,10,11,12,13,14,15,19,23,30,31,40,45,46,48,54,55",17,60,...ce fee adalah 5Y5 dari cost “dengan data pembanding sebanyak 15 perusahaan. Data .pembanding seusai Transfer Pricing Document oleh Terbanding ditinjau dan dikeluarkan sehingga tinggal menjadi 3 perusahaan. Dengan dat...
1341,74090,PT “Indonesia Smelting Technology,PUT-004787.15/2019/PP/M. XVIB Tahun 2022 DEMI KEADILAN BERDASARKAN KETUHANAN YAN,2012,Pajak Penghasilan,-,transfer pricing,9,"14,17,21,40,41,45,49,52,62",9,107,"...siness Sirategy), 4)bahwa Terbanding telah melakukan langkah-langkah Pemeriksaan terkait transaksi transfer pricing dengan langkah-langkah sesuai dengan PER-22/PJ/2013, yaitu Analisis Resiko, Analisis Rantai Suplai,..."
1342,74179,PT BOSTON CONSULTING INDONESIA,PUT-005803.15/2021/PP/M.XXA Tahun 2022 DEMI KEADILAN BERDASARKAN KETUHANAN YANG ,2015,Pajak Penghasilan,-,transfer pricing,4,"30,36,45,126",4,149,"kelaziman usaha berdasarkan peraturan transfer pri.ct.ng lndones.ia dan OECD Guidelines Transfer Pricing (""OECD""); bahwa dengan demikian, tidak terdapat alasan bagi Terbanding untuk mempertahankan koreksi..."
1343,74270,PT Sawit Mas Sejahtera,PUT-010210.15/2018/PP/M. XVIB Tahun 2022 DEMI KEADILAN BERDASARKAN KETUHANAN YAN,2015,Pajak Penghasilan,Mengabulkan sebagian,transfer pricing,5,"17,48,115,118",4,159,"...an dan keberatan, Pemohon Banding tidak dapat membuktikan melalui dokumen Penentuan Harga Transfer (Transfer Pricing Documentation) dan Laporan Keuangan Golden Agri International Pte. Ltd Singapore (GAI) serta dokume..."
1344,74356,PT Tamuna Bina Sarana,PUT-008375.15/2020/PP/M.XXA Tahun 2022 DEMI KEADILAN BERDASARKAN KETUHANAN YANG ,2017,Pajak Penghasilan,-,transfer pricing,5,"30,37,59",3,61,...tas bunga cash management yang sudah 5 Fotocopy dibayarkan oleh PT. Cipta Mapan Logistik 6 Fotocopy transfer pricing document 2017 Fotocopy Fotokopi Peraturan Pemerintah Nomor 94 Tahun 2010 Pasal 12 ayat 7 Fotocopy 2...
1345,74388,PT Henkel lndonesien,PUT-010101.15/2018/PP/M.IIA Tahun 2022,2013,Pajak Penghasilan,Mengabulkan sebagian,transfer pricing,25,"9,13,23,38,68,73,74,78,80,105,143,147,150,153",14,172,...sebagai penjualan komersial sebesar Rp4.296.011.229 yang belum dilaporkan terdiri dart: 1. Koreksi transfer pricing atas kewajaran harga jual sebesar Rp 493.310.621. bahwa koreksi transfer pricing atas nilai penyera...
1346,74516,PT REHAU IN`DONESIA,PUT-011489.15/2019/PP/M.VIA Tahun 2022 DErvil KEADILAN BERDASARKAN KETUHANAN TAN,2016,Pajak Penghasilan,-,transfer pricing,6,"19,40,72,75,78,82",6,92,"...n membiiktikannya sebagaimana diuraikan dalam dokumentasi Transfer Pricing. Berdasarkan dokumentasi Transfer Pricing tersebut, Pemohon Banding telah menerapkan metode Comparable Uncontrolled Price Method (CUP) dengan..."
1347,74614,PT. Ara Shoes Indonesia,PUT-006449.15/2019/PP/M.IVB Tahun 2022 DEMI KEADILAN BERDASARKAN KETUHANAN YANG ,2013,Pajak Penghasilan,-,transfer pricing,3,"17,47,52",3,99,...nding; b. Pasal2Ayatl Peraturan Direktur Jenderal Pajak ini berlaku untuk penentuan Harga Transfer (Transfer Pricing) atas transaksi yang dilakukan Wajib Pajak Dalam Negeri atau Bentuk Usaha Tetap di Indonesia dengan...
1348,74661,PT. TD Automotive Compressor Indonesia,PUT-009234.15/2018/PPIM.XB Tahun 2022 PT. TD Automotive Compressor Indonesia,2015,Pajak Penghasilan,-,transfer pricing,6,"5,17,28,30,52,86",6,91,"...24 0ktober 2013 tentang pemeriksaan terhadap Wajit) Pajak yang mempunyai hubungan istimewa; a. OECD Transfer Pricing Guidelines; TanciaaDan Pemohon Bandirra, A Koreksi Penedaran Usaha sebesar Rp78.217.957.220,OO, Pem..."
1349,74711,PT TOKA! RUBBER AUTO HOSE INDONESIA,PUT-018420.15/2020/PP/M.XA-Tahun 2022 PT Tokai Rubber Auto Hose Indonesia,2017,Pajak Penghasilan,Mengabulkan seluruhnya,transfer pricing,4,"10,48,56,96",4,105,"...Walaupun tingkat'laba operasional Wajib Pajak berada ""in the range"" tingkat laba wajar,-nilai wajar transfer pricing ini tetap nol/nihil jika tidak terdapat eksistensi penyerahan jasa (tidak terdapat manfaat ekonomis..."
1350,75023,PT. HEIVIPEL INDONESIA,PUT-013078.15/2020/PP/M.XIVB Tahun 2022,2017,Pajak Penghasilan,-,transfer pricing,8,"14,15,43,53,55,81,82",7,94,"...el A/S tanggal 1 Januan. 2014, yang dianggap mengikat secara hukum. Berdasarkan peraturan-peraturan Transfer Pricing yang beriaku di Indonesia (seperti PER 4en3J/2010 dan PER 32/PJ/2011), suatu transaksi antara pihak..."
1351,75253,PT BUREAU VERITAS CONSUMER PRODUCTS SERVICES,PUT-003217.15/2021/PP/M.VIIIA Tahun 2022 DEMI KEADILAN BERDASARKAN KETUHANAN YAN,2017,Pajak Penghasilan,-,transfer pricing,1,18,1,85,"...s yang dimiliki oleh BVCPS Hongkong Ltd; 5) Bahwa lebih lanjut sesuai dengan Paragraf 7.2 dari OECD Transfer Pricing Guidelines -2017 dinyatakan bahwa: ""Nearly every MNE group must arrange for a wide scope of service..."
1352,75369,PT Flowserve,PUT-002435.15/2020/PP/M.XllB Tahun 2022 PT Flowserve i,2016,Pajak Penghasilan,-,transfer pricing,3,"70,72",2,79,"...siapan Pemeriksaan Transfer Pn.cing, Tahapan Pelaksanaan Pemen.ksaan, Tahapan Pelaporan Pemeriksaan Transfer Pricing. Selanjutnya dalam Tahapan Pelaksanaan Pemeriksaan, dibagai menjadi Menentukan Karakleristik Usaha..."
1353,75415,PT. ROHM AND HAAS INDONESIA,PUT-010475.15/2020/PP/M.XIIB Tahun 2022 PT. Rohmand Haas Indonesia,2014,Pajak Penghasilan,Menolak,transfer pricing,16,"18,20,22,23,27,46,51,58,59,60,63,65,77",13,93,"...Wajib Pajak juga telah menyerahkan dokumen sehubungan dengan transaksi intercompany service, yaitu Transfer Pricing dokumen, Agreement dengan perusahaan afiliasi, invoice, daftar detail jenis jasa yang dilakukan ole..."
1354,75440,PT URC INDONESIA,PUT-001100.15/2021/PP/M.XlllB Tahun 2022 DEIvll KEADILAN BERDASARKAN KETUHANAN Y,2017,Pajak Penghasilan,-,transfer pricing,18,"16,17,18,19,20,37,65,76,77,78,89",11,96,"...ukan oleh perusahaan yang bukan pemilik merk) menyatakan sebagai berikut: batwa Paragraph 6.36 OECD Transfer Pricing Guidelines, menyebutkan sebagai berikut: 6.36 - Difficult Transfer Pricing problems can arise when..."
1355,75446,PT Philip Morris Indonesia,PUT005571.15/2020mp/MXIIA Tahun 2022 DEIvll KEADILAN BERDASARIIAN KETUHANAN YANG,2014,Pajak Penghasilan,-,transfer pricing,5,"16,118,141,150,170",5,178,"...arabilfty analysis must be performed in all cases in order to select and apply the most appropriate Transfer Pricing methed.. .""; Terjemahan tidak resmi ""2.68 Analisis kesebandingan harus dilakukan dalam semua kasus..."
1356,75532,PT. MITSUBISHI CORPORATION INDONESIA,PUT-000721.15/2020/PP/M.XIIB Tahun 2022 DEMI KEADILAN BERDASARKAN KETUHANAN YANG,2016,Pajak Penghasilan,Mengabulkan seluruhnya,transfer pricing,35,"11,12,13,15,17,20,25,39,40,66,70,77,80,81,100,102,103,110,111,114,124,125,130",23,144,"...diberikan oleh Pemohon Banding dalam dokumen pendukung TP Documentation dan data komersial dari Tim Transfer Pricing Kantor Wilayah DJPJakarta Khusus, 6. Bahwa dalam pembahasan akhir hasil pemeriksaan, Terbanding be..."
1357,75592,PT. Sine Darby Oils Pulau Laut Refinery (d.h. PT. Golden Hope Nusantara),-,2016,Pajak Penghasilan,Mengabulkan sebagian,transfer pricing,1,89,1,104,...PJ/2011 mengatur: (1) Peraturan Direktur Jenderal Pajak ini beriaku untuk Penentuan Harga Transfer (Transfer Pricing) atas transaksi yang dilakukan Wajib halaman 89 dari 104 PUT-002776.15/2020/P P/M.XVB Tahun 2022 PT...
1358,75729,PT Bel(aert Indonesia,PUT-006655.15/2020/PP/M.XIVA Tahun 2022,2016,-,-,transfer pricing,5,18,1,83,"...IRC 385 yang khusus mengatur tentang utang dan modal; bahwa di dalam International Tax Law, metode transfer pricing terkait debt dan equity sesuai Article 9 Tax Treaty, telah diatur sesuai pedoman di dalam OECD Tran..."
1359,75861,PT CERENTI SUBUR,PUT-016617.15/2020/PP/M.XIA Tahun 2022 DEMI KEADILAN BERDASARKAN KETUHANAN YANG ,2014,Pajak Penghasilan,Mengabulkan sebagian,transfer pricing,4,"75,80,86",3,122,"...ikan terhadap entitas atau anggota menejemen kunci entitas (atau entitas induk dari entitas), OECD Transfer Pricing Guidelines, paragraph 7.5 There are iwo issues in the analysis of transfer pricing for intragroup..."
1360,75902,PT NS BLUESCOPE INDONESIA,PUT-006990.15/2020/PP/M.IIB Tahun 2022,2016,Pajak Penghasilan,Mengabulkan sebagian,transfer pricing,5,"11,48,63,64",4,74,"...adalah hal yang umum dilakukan oleh perusahaan multinasional, sebagaimana disebutkan di dalam OECD Transfer Pricing Guidelines 2017 paragraf 7.2 berikut: “Nearly every MNE group must arrange for a wide scope of ser..."
1361,75924,PT AUTOMOTIVE FASTENERS AOYAMA INDONESIA,PUT-013359.15/2019/PP/M.IIIA Tahun 2022 DEMI KEADILAN BERDASARKAN KETUHANAN YANG,2016,Pajak Penghasilan,Mengabulkan seluruhnya,transfer pricing,11,"11,12,13,22,23,41,42",7,57,"...i dengan total sebesar Rp34.306.866.128,00 sehubungan dengan pengujian transaksi hubungan istimewa (transfer pricing) menggunakan metode TNMM, dimana TNMM menguji kewajaran atas keuntungan operasional (Operating Prof..."
1362,75941,PT. AGRI TIMUR MAS,PUT-007981.15/2020/PP/M.XIIB Tahun 2022 DEMI KEADILAN BERDASARKAN KETUHANAN YANG,2016,Pajak Penghasilan,Menolak,transfer pricing,28,"13,18,19,20,21,24,25,26,27,38,40,53,54,59,61,68,78,82,86",19,93,...untuk mencegah terjadinya penghindaran pajak yang dapat terjadi karena adanya hubungan istimewa.” Transfer pricing documentation adalah dokumen analisis kewajaran transaksi. Adanya bukti dokumen. berupa Transfer Pr...
1363,75943,PT CIREBON ELECTRIC POWER,PUT-009144.15/2020/PP/M.XIB Tahun 2022 DEMI KEADILAN BERDASARKAN KETUHANAN YANG ,2017,Pajak Penghasilan,Mengabulkan sebagian,transfer pricing,26,"7,8,13,19,25,27,30,32,33,48,53,54,63,68,69,70,71,72,75,79,82",21,86,...erikut: “Tahapan penerapan prinsip kewajaran dan kelaziman usaha dilakukan setelah memilih metode transfer pricing yang paling sesuai. Hal-hal yang perlu diperhatikan dalam menerapkan prinsip kewajaran dan kelazim...
1364,75959,PT. BERCA SCHINDLER LIFTS,PUT-012628.15/2020/PP/M.XIIB Tahun 2022 DEMI KEADILAN BERDASARKAN KETUHANAN YANG,2016,Pajak Penghasilan,Mengabulkan sebagian,transfer pricing,8,"17,30,34,38,46,55,88",7,102,...elakukan analisis kesebandingan dan menguji transaksi dengan Pihak Afiliasi sesuai dengan peraturan Transfer Pricing yang berlaku di Indonesia maupun yang berlaku secara internasional. TP Doc telah mencakup informasi...
1365,75960,PT ARAI RUBBER SEAL INDONESIA,PUT-012718.15/2021/PP/M.IIA Tahun 2022,2016,Pajak Penghasilan,Tidak dapat diterima,transfer pricing,2,"48,67",2,94,"...al yang terbukti dengan meenurunnya Laba Rugi Operasional perusahaan di Tahun 2016, (7)bahwa sesuai Transfer Pricing Documentation Wajib Pajak disebutkan bahwa Berdasarkan Laporan Keuangan Perusahaan yang telah diaud..."
1366,76056,PT PERFECT COMPANION INDONESIA,PUT-011024.15/2019/PP/M.IIIA Tahun 2022 DEMI KEADILAN BERDASARKAN KETUHANAN YANG,2016,Pajak Penghasilan,Mengabulkan seluruhnya,transfer pricing,1,8,1,32,"...n istimewa dan terjadi koreksi penyesuaian fiskal positif sebesar Rpl .841.103.826,00 atau 7lp-Doc (Transfer Pricing Document), Pemohon Banding tidak setuju atas hasil tersebut; bahwa pada saat dilakukan pemen.ksaan..."
1367,76095,PT Rudolf Polymers Indonesia,PUT-015368.15/2020/PP/M.XB Tahun 2022 DEMI KEADILAN BERDASARKAN KETUHANAN YANG M,2017,Pajak Penghasilan,Mengabulkan seluruhnya,transfer pricing,9,"9,14,15,18,19,29,34",7,42,"...ksi Antara Wajib Pajak Dengan Pihak Yang Mempunyai Hubungan lstimewa: - Pasall7' - Pasall8' 4) OECD Transfer Pricing Guidelines for Multinational Enterprises and Tax Adm in istratjon Chapter Vl : - Paragraph6.2, \ -..."
1368,76117,PT IWATAN! INDUSTRIAL GAS INDONESIA,PUT-002475.15/2021/PP/M.VIIIA Tahun 2022 DEMI KEADILAN BERDASARKAN KETUHANAN YAN,2017,-,Mengabulkan sebagian,transfer pricing,1,28,1,66,...00.600 17.500.000 95.000.000 taxes) for year 2015 — MUC Consultan: Termin II Professional Fee of transfer pricing document service for year 2015 SAI Global : Upgrading at trennial Audit for intergrated ISO 9001:2...
1369,76134,PT M-150 INDONESIA,PUT-009981.15/2021/PP/M.VIA Tahun 2022 DEMI KEADILAN BERDASARKAN KETUHANAN YANG ,2018,Pajak Penghasilan,-,transfer pricing,6,"14,17,44,57",4,69,"...an perpajakan Pemohon Banding yang mempunyai hubungan istimewa dengan melakukan tahapan pemeriksaan transfer pricing sesuai dengan ketentuan perpajakan yang berlaku, bahwa tanggapan Pemeriksa atas penerapan ex-ante P..."
1370,76161,PT Anta Tirta Kirana,PUT-010657.15/2020/PP/M.XXA Tahun 2022 DEMI KEADILAN BERDASARKAN KETUHANAN YANG ,2016,Pajak Penghasilan,-,transfer pricing,1,61,1,65,...mewa menyatakan: (1) Peraturan Direktur Jenderal Pajak ini berlaku untuk Penentuan Harga Transfer (Transfer Pricing) atas transaksi yang dilakukan Wajib Pajak Dalam Negeri atau Bentuk Usaha Tetap di Indonesia dengan...
1371,76307,PT Mercedes-Benz Distribution Indonesia,PUT-010827.15/2021/PP/M.XXA Tahun 2022 DEMI KEADILAN BERDASARKAN KETUHANAN YANG ,2018,Pajak Penghasilan,-,transfer pricing,2,"21,47",2,68,...agang sebagai bagian dari aset tidak berwujud terkait pemasaran sebagaimana diatur dalam Bab 1 OECD Transfer Pricing Guideline for. Multinational Enterprises and Administration (Pedoman OECD versi Juli 2017) yang men...
1372,76308,PT Acer Manufacturing Indonesia,PUT-011737.15/2019/PP/M. XVIB Tahun 2022 DEMI KEADILAN BERDASARKAN KETUHANAN YAN,2016,Pajak Penghasilan,Menolak,transfer pricing,3,"49,52,53",3,59,...erikut: Pasal 2 (1) Peraturan Direktur Jenderal Pajak ini berlaku untuk Penentuan Harga Transfer (Transfer Pricing) atas transaksi yang dilakukan Wajib Pajak Dalam Negeri atau Bentuk Usaha Tetap di Indonesia dengan...
1373,76392,PT Ajinex International,PUT-015006.15/2020/PP/M. XVIB Tahun 2022 DEMI KEADILAN BERDASARKAN KETUHANAN YAN,2015,Pajak Penghasilan,Mengabulkan sebagian,transfer pricing,11,"37,38,52,57,98,100",6,108,"...,567 TELAH DILAKUKAN TANPA MEMPERTIMBANGKAN ADA TIDAKNYA MOTIF PENGHINDARAN PAJAK BERKAITAN DENGAN “TRANSFER PRICING” UNTUK MENGALIHKAN LABA USAHA KEPADA AJICO JEPANG SEBAGAI PEMEGANG SAHAM 35.bahwa seharusnya Terban..."
1374,76500,PT Fujita Indonesia,PUT-002490.15/2020/PP/M.XA Tahun 2022,2016,Pajak Penghasilan,Mengabulkan sebagian,transfer pricing,11,"5,13,29,43,48,69,82,83,84",9,93,"...berdasarkan penjelasan diatas, Pemohon Banding menggunakan data tahun jamak dalam penerapan metode Transfer Pricing. Dalam rangka price setting melalui pendekatan ex-ante, maka sesuai dengan PMK- 213/PMK.03/2016, da..."
1375,76643,PT BEKAERT WIRE INDONESIA,PUT-011579.15/2020/PP/M.VllIA Tahun 2022 DEMI KEADILAN BERDASARKAN KETUHANAN YAN,2017,Pajak Penghasilan,-,transfer pricing,3,"66,76,96",3,131,...silan kena pajak yang dapat dikurangkan dari penghasilan bruto; bahwa terlebih faktanya berdasarkan Transfer Pricing Documentation Tahun Pajak 2017 halaman 39 pembayaran royalti kepada Pemohon Banding berada dj bawah...
1376,76669,-,PUT-007754.15/2020/PP/M.XXA Tahun 2022 DEMI KEADILAN BERDASARKAN KETUHANAN YANG ,2017,Pajak Penghasilan,Mengabulkan seluruhnya,transfer pricing,3,"27,73,99",3,138,"...b membayar royalti, b. Prosedur yang dilakukan oleh Terbanding dalam melakukan penelitian terhadap Transfer Pricing Documentation Pemohon Banding tidak sesuai dengan PER-32/PJ/2011 tentang Perubahan atas Peraturan D..."
1377,76868,PT. Hewlett Packard Enterprise Indonesia,-,2016,Pajak Penghasilan,-,transfer pricing,16,"18,20,35,36,38,44,73,75,76,78",10,88,"...sar Rpl3.282.561.364,00 KOREKSI PENYESUAIAN FISKAL POSITIF ATAS HARGA POKOK PE:NIU AILAIN TEFtl£AIT TRANSFER PRICING Menumt Terbandinci: Berdasarkan hasil pengujian, disimpulkan bahwa terdapat Penyesuaian Fiskal Posi..."
1378,76871,PT Mitsui I(inzoku ACT Indonesia,PUT-006660.15/2018/PP/M.XIA Tahun 2022 DEMI KEADILAN BERDASARKAN KETUHANAN YANG ,2015,Pajak Penghasilan,Mengabulkan sebagian,transfer pricing,42,"9,10,12,18,24,26,32,43,50,59,65,86,89,94,100,101,103,108,116,117,118,123",22,132,"...ankan oleh Terbanding) dengan alasan sebagai berikut: 1. Pemohon Banding telah menyusun dokumentasi transfer pricing (""TPD"") secara komprehensif menurut peraturan transfer pricing halaman 9 dart 132 halaman. Putusan..."
1379,76966,PT HULANE TECH MANUFACTURING,PUT-012417.15/2021/PP/M.XVIIA Tahun 2022 DEMI KEADILAN BERDASARKAN KETUHANAN YAN,2018,Pajak Penghasilan,-,transfer pricing,3,"18,21",2,28,8) Pedoman Penerapan: - OECD Transfer Pricing Guidelines - UN Practical Manual On Transfer Pricing For Developing Countries b. Penelitian Awal...
1380,77119,PT. TOA Galva Industries,PUT-001173.15/2020/PP/M. XVIB Tahun 2022 PT TOA Galva TT,2016,Pajak Penghasilan,-,transfer pricing,28,"16,22,25,26,27,28,31,34,40,45,47,49,52,55,58,60,61,62,87,91",20,137,...lakukan dengan melakukan pengujian transaksi afiliasi atas laba transaksi dengan menggunakan metode transfer pricing Transactional Net Margin Method (TNMM) dimana setelah dilakukan manual review atas kandidat perusah...
1381,77124,PT. Ajinex International,PUT-006303.15/2020/PP/M. XVIB Tahun 2022 DEMI KEADILAN BERDASARKAN KETUHANAN YAN,2016,Pajak Penghasilan,Mengabulkan sebagian,transfer pricing,12,"30,40,41,53,64,72,87,88,89",9,96,"...AN METODE YANG DIPERINTAHKAN“ BERDASARKAN KETENTUAN PASAL 18 AYAT (3) UU PPH. 9. bahwa berdasarkan Transfer Pricing Documentation — Local File for Financial Year Ended 31 March 2017 (“TP Document"") yang disusun ole..."
1382,77140,PT HYATT INDONESIA,PUT-001833.15/2020/PP/M.IIB Tahun 2022 DEMI KEADILAN BERDASARKAN KETUHANAN YANG ,2016,Pajak Penghasilan,Menolak,transfer pricing,4,"48,57,66,67",4,90,...hip activity sesuai paragraf 7.9. The Organization. for “Economic Cooperation and Development (OECD Transfer Pricing Guidelines) yaitu jasa tersebut tidak dapat dibebankan ke anak-perusahaan oleh induknya karena jasa...
1383,77156,PT PK Manufacturing Indonesia,PUT-010190.15/2019/PP/M.IA Tahun 2022 DEMI KEADILAN BERDASARKAN KETUHANAN YANG M,2016,Pajak Penghasilan,Mengabulkan sebagian,transfer pricing,18,"11,14,16,26,37,38,50,77,78,86,87,88,116",13,125,"...usaha atas transaksi pembelian raw material dan dies dari PK Jepang dan USCI. bahwa sesuai dengan Transfer Pricing Documentation (TP Documentation) PKMI tahun 2016, metode yang paling sesuai untuk menentukan period..."
1384,77222,PT. SMELTING,PUT-002420.15/2021/PP/M.IA Tahun 2022 DEMI KEADILAN BERDASARKAN KETUHANAN YANG M,2016,Pajak Penghasilan,-,transfer pricing,38,"10,19,21,34,38,39,46,62,74,75,81,82,86,91,96,99,100,102,103,105,108,109",22,112,...wa (selanjutnya disebut sebagai “PER-32/PJ/2013”) dan Kelaziman Usaha yang diterima umum yaitu OECD Transfer Pricing Guidelines (OECD TPG) Paragraf 7.5 dimana transaksi jasa antar pihak afiliasi dianggap memenuhi Pri...
1385,77317,PT. SMELTING,PUT-004373.15/2021/PP/M.IA Tahun 2022 DEMI KEADILAN BERDASARKAN KETUHANAN YANG M,2018,Pajak Penghasilan,Menolak,transfer pricing,21,"23,42,80,97,103,104,107,111,127,131,138,141,146,149,151,152",16,164,"batwa berdasarian Toolkit for Transfer Pricing Risk Assessment in the African Mining Industry menyatckan batNIa.. ""A marketer can negct.late premi..."
1386,77400,PT. Asahi Sangyo Indonesia,PUT-007540.15/2020/PP/M.VB Tahun 2022 DEMI KEADILAN BERDASARKAN KETUHANAN YANG M,2016,Pajak Penghasilan,-,transfer pricing,2,"33,47",2,51,"...yang disajikan oleh.Pemohon Banding dalam SPT Tahunan Pajak Penghasilan Badan,-Laporan Keuangan dan Transfer Pricing Documentation (TP Doc) sehingga Terbanding Halaman 33 dari 51 halaman. Putusan Nomor PUT-007540.15..."
1387,77450,PT.-MITSUBISHI KRAMA YUDHA MOTORS AND MFG,PUT-004184.15/2020/PP/M.XIIB Tahun 2022 PT. Mitsubishi Krama Yudha Motors and MF,2016,Pajak Penghasilan,Menolak,transfer pricing,12,"29,30,40,42,43,45,46,56,79",9,88,"...yang lebih andal: . bahwa berdasarkan penjelasan Pemohon Banding dan penelitian terhadap Dokumen Transfer Pricing 'tahun-.2015, aktivitas bisnis stamping adalah proses pencetakan metal sesuai pesanan dari pihak ve..."
1388,77537,PT..I@AVIA.-SOLUTIONS INDONESIA,PUT-010681.15/2020/PP/M.XIVB Tahun 2022,2013,Pajak Penghasilan,Mengabulkan sebagian,transfer pricing,9,"12,15,52,58,63,64,93",7,107,"...gth remuneration determined under the Organization'for.Economic Co-operation and Development (OECD) Transfer Pricing Guidelines and Indonesian Transfer Pricing Regulations - Transactional Net Margin Method (TNMM), to..."
1389,77547,PT Nusa Toyotetsu,PUT-016065.15/2020/PP/M.XIVA Tahun 2022,2017,Pajak Penghasilan,-,transfer pricing,6,"30,37,52,58,60",5,71,"...ri. yang telah mempunyai cukup kemampuan untuk produksi.bodi dan suku cadangnya, 3. Memilih-Metode Transfer Pricing bahwa Pemeriksa melaksanakan prosedur pemeriksaan atas kewajaran transaksi penjualan dan pembelian..."
1390,77578,PT. IKM SUBSEA INDONESIA,PUT-011098.15/2019/PP/M.IIA Tahun 2022,2014,Pajak Penghasilan,Menolak,transfer pricing,1,56,1,124,"..., Pemohon Banding sekarang Termohon Peninjauan Kembali dalam persidangan telah menyampaikan dokumen Transfer Pricing Documentation for the Years Ended 31 May 2008 -2010 untuk mendukung dalil-dalil dan argumentasi di..."
1391,77594,PT GRESIK POWER INDONESIA,PUT-007554.15/2020/PP/M.XIIB Tahun 2022 -DEMI KEADILAN BERDASARKAN KETUHANAN YAN,2015,Pajak Penghasilan,-,transfer pricing,18,"29,31,32,36,37,40,43,45,58,62,65,67,79",13,89,"...ihak afillasi sebesar harga jual kepada pihak independen, yaitu PT. Smelting dalam penerapan metode Transfer Pricing yang dipilih yaitu metode Perbandingan Harga Antara Pihak Yang Independen/ Comparable Uncontrolled..."
1392,77617,PT KARYA YASANTARA CAKTI,PUT-003625.15/2020/PP/M.XA Tahun 2022 DEMI KEADILAN BERDASARKAN KETUHANAN YANG M,2015,Pajak Penghasilan,Mengabulkan sebagian,transfer pricing,8,"21,25,67,68,88,89,90,91",8,98,"...ka memanfaatkan technical Knowledge atau technical assistance tersebut: bahwa sesuai dengan dokumen Transfer Pricing Tahun 2014 yang telah disampaikan kepada Terbanding, terdapat hasil analisa kesebandingan atas kewa..."
1393,77629,PT. Wanasari Nusantara,PUT-003984.15/2019/PP/M.XVIA Tahun 2022 DEMI KEADILAN BERDASARKAN KETUHANAN YANG,2015,Pajak Penghasilan,Mengabulkan sebagian,transfer pricing,1,59,1,71,"...anggal 01 April 2019 atas Adendum Nomor 35A/KD-MASI/II/PKU/2019 tanggal 29 Maret 2019, Bukti P-30. Transfer Pricing Documentation (TP Doc), Menimbang bahwa Terbanding dalam persidangan menyerahkan dokumen yang. tel..."
1394,77659,PT Sonoco Indonesia,Put-011830.15/2014/PP/M.XVIA Tahun 2022 PT Sonoco Indonesia,2016,Pajak Penghasilan,Menolak,transfer pricing,3,"24,30,34",3,58,...: Pasal 2 ayat (1) Peraturan Direktur Jenderal Pajak ini. berlaku untuk Penentuan Harga Transfer (Transfer Pricing) -atas transaksi yang dilakukan Wajib Pajak Dalam Negeri atau Bentuk Usaha Tetap di Indonesia denga...
1395,77696,PT BAROID INDONESIA,PUT-010788.15/2018/PP/M.IIB Tahun 2022 DEMI KEADILAN BERDASARKAN KETUHANAN YANG ,2015,Pajak Penghasilan,Mengabulkan seluruhnya,transfer pricing,75,"14,15,16,17,18,19,32,33,34,41,42,72,73,74,75,76,77,78,81,87,88,91,93,94,97,98,99,100,101,102,103,104,105,106,108,109,110,111,113,114,115,116,118",43,147,"...atas laba Pemohon Banding, yang” dikarenakan Pihak Terbanding meyakini bahwa TNMM merupakan metode Transfer Pricing yang paling tepat. Berdasarkan penerapan metode TNMM tersebut, Pihak Terbanding melakukan koreksi p..."
1396,77720,PT. KLK Dumai,PUT-001547.15/2021/PP/M.XVB Tahun 2022,2017,Pajak Penghasilan,Mengabulkan sebagian,transfer pricing,9,"12,17,43,63,65,70,80,84",8,97,"...erusahaan pembanding dalam analisa benchmarking mi[ik Terbanding bahwa dalam tahap pemilihan metode transfer pricing, BAB 11 PER 22/PJ/2013 (""PER-22"") menyebutkan bahwa: ``Untuk dapat digunakan sebagai pembanding yan..."
1397,77777,PT Wanasari Nusantara,PUT-011580.15/2019/PP/M.XVI A Tahun 2022,2016,Pajak Penghasilan,Mengabulkan seluruhnya,transfer pricing,1,55,1,71,".../PKU/2019 tanggal 01 April 2019 atas Adendum Nomor 35A/KD-MASI!III/PKU/2019 tanggal 29 Maret 2019, Transfer Pricing Documentation (TP-Doc), PERTIMBANGAN HUKUM Kewenangan Pengadilan Pajak bahwa. objek sengketa ber..."
1398,78117,PT Eagleburgmann Indonesia,PUT-005395.15/2020/PP/M.IB Tahun 2022 DEMI KEADILAN BERDASARKAN KETUHANAN YANG M,2014,Pajak Penghasilan,Mengabulkan sebagian,transfer pricing,14,"14,30,59,60,61,63",6,77,"3.).Asas Kewajaran - Bahwa mengacu pada Transfer Pricing Documentation Pemohon Banding tahun 2014, dapat diketahui atas biaya-biaya tersebut telah diuji den..."
1399,78142,PT Tata Consultancy Services Indonesia,PUT-016610.15/2020/PP/M.VB Tahun 2022 PT Tata Consultancy Services Indonesia,2017,Pajak Penghasilan,Mengabulkan seluruhnya,transfer pricing,12,"27,64,77,78,83,84,85,88,92",9,95,...n pembayaran Pemohon Banding kepada Tata Sons telah sesuai dengan prinsip kewajaran dari perspektif transfer pricing di Indonesia: 2.2 Pembayaran royalti diperlukan untuk mendapatkan hak menggunakan merek dagang gru...
1400,78145,PT Fuji Seat Indonesia,PUT-003086.15/2021/PP/M.XIB Tahun 2022 DEMI KEADILAN BERDASARKAN KETUHANAN YANG ,2016,Pajak Penghasilan,Mengabulkan seluruhnya,transfer pricing,40,"14,18,23,24,47,50,54,73,74,84,94,96,97,99,100,103,110,111,116,117,118,119,120,121,122,123,132",27,140,"...isory yang diterima oleh Pemohon Banding dari Fuji Seat Co Ltd. bahwa berdasarkan Paragraf 7.6 OECD Transfer Pricing Guidelines tahun 2010 di bawah ini, terdapat pedoman dalam menganalisis manfaat yang diterima oleh..."
1401,78175,PT AMAN JAYA PERDANA,PUT-002502.15/2021/PP/M.XIIIB Tahun 2022 DEMI KEADILAN BERDASARKAN KETUHANAN YAN,2016,Pajak Penghasilan,Mengabulkan sebagian,transfer pricing,28,"10,11,12,16,17,18,19,35,36,37,38,50,53,54,58,59,60,70,81,85,86",21,108,"...ga terdapat | pada saat tanggapan koreksi sebesar | SPHP dan Rp663.088.500,00 | pembahasan akhir. | Transfer Pricing Koreksi Pemohon Banding | Koreksi tetap Penjualan Lada Hitam ke Selvi Singapore Trading sebesar Rp..."
1402,78243,PT Fuji Seat Indonesia,PUT-003731.16/2021fl,-,PPN,-,transfer pricing,10,"13,28,38,54,56,57,105,106,127,138",10,141,"...dengan koreksi afas Pajak Masukan yang Dapat Dipeinitungkan terkait Biaya Royalti dengan pengujian Transfer Pricing sebesar Rp466.547.149,00 (empat ratus enam puluh enam juta lima ratus empat puluh tujuh ribu seratu..."
1403,78383,PT SAN FANG INDONESIA,PUT-012242.15/2020/PP/M.VB Tahun 2022 DEIVII KEADILAN BERDASARKAN KETUHANAN YANG,2017,Pajak Penghasilan,-,transfer pricing,1,25,1,30,penghindaran pajak melalui penyalahgunaan praktik transfer pricing melainkan hanya semata-mata mendalilkan bahwa Terbanding memiliki kewenangan untuk melakukan penghi...
1404,78504,PT Binasawit Abadipratama,PUT-010444.15/2021/PP/M.VB Tahun 2022 DEMI KEADILAN BERDASARKAN KETUHANAN YANG M,2018,Pajak Penghasilan,Mengabulkan seluruhnya,transfer pricing,7,"5,6,10,19",4,24,"...aran Bersama Nusantara): bahwa pada proses pemeriksaan, Pemohon Banding juga telah menyerahkan TP (Transfer Pricing) Report yang disusun oleh Kantor Akuntan Public GNV Consulting (Moore Stephens): bahwa sebagai inf..."
1405,78620,PT SHINDENGEN INDONESIA,PUT-010295.15/2020/PP/M.VIIB Tahun 2022 DEMI KEADILAN BERDASARKAN KETUHANAN YANG,2017,Pajak Penghasilan,Mengabulkan seluruhnya,transfer pricing,17,"6,7,10,11,19,21,26,29,30,32,36,37,41",13,45,"...rademark, Patent dan System Sofiware/Teknologi adalah sebagai berikut: - bahwa Paragraf 6.18 OECD Transfer Pricing Guideline for Multinational Enterprises and Tax Administrations 2010- menyatakan bahwa pembayaran r..."
1406,78705,PT.MHE Demag Indonesia,PUT-009800.15/2020/PP/M.IVB Tahun 2022 DEMI KEADILAN BERDASARKAN KETUHANAN YANG ,2017,Pajak Penghasilan,Mengabulkan sebagian,transfer pricing,1,61,1,77,...an Independent Auditor KPMG mengenai Alokasi Regional Cost - Laporan Keuangan Audit Tahun 2017: - Transfer Pricing Documentation 2017: - Offshore Service Agreement tanggal 1 Januari 2008: - The Summary Schedule o...
1407,78740,PT. BRIDGESTONE TIRE INDONESIA,PUT-013971.15/2019/PP/M.IA Tahun 2022 PT. Bridgestone Tire Indonesia N,2015,Pajak Penghasilan,Mengabulkan sebagian,transfer pricing,20,"13,14,21,22,23,26,38,41,44,46,48,58,79,82,83,85,87",17,103,"...karakteristik yang akurat ini akan mempermudah dalam pemilihan pembanding yang andal. bahwa OECD Transfer Pricing Guidelines (“OECD Guidelines”) paragraf 3.28 menyatakan sebagai berikut: “ On the.other hand, int..."
1408,78741,PT Sumi Indo Wiring Systems,PUT-014217.15/2020/PP/M.IB Tahun 2022 DEMI KEADILAN BERDASARKAN KETUHANAN YANG M,2017,Pajak Penghasilan,Mengabulkan sebagian,transfer pricing,22,"8,41,42,45,46,47,54,59,65,66,70,74,82,83,114,137",16,152,...penjelasan sebagai berikut: 1. Pemohon Banding telah menyusun dokumentasi penentuan harga transfer/transfer pricing documentation (“TPD”) yang komprehensif untuk Tahun Pajak 2017 sesuai dengan peraturan penentuan ha...
1409,78802,PT BU.ANA WIRALESTARI MAS,PUT-007229.15/2019/PP/M. IVA Tahun 2022 DEIVII KEADILAN BERDASARKAN KETUHANAN YA,2013,Pajak Penghasilan,-,transfer pricing,6,"11,37,49,50",4,54,"...rr.ce) adalah metode paling tepat untuk menguji kewajaran transaksi (arm's /engfh) berdasarkan OECD Transfer Pricing Guidelines (TPG), diisebutkan-. ""2.18 Subject to the guidance in paragraph 2.2 for selecting the mo..."
1410,78849,-,PUT-010313.15/2019/PPM.XVIIIB Tahun 2022 DEMI KEADILAN BERDASARKAN KETUHANAN YAN,2016,Pajak Penghasilan,Mengabulkan sebagian,transfer pricing,1,19,1,72,...32/PJ/2011 Ayat (1) Peraturan Direktur Jenderal Pajak ini berlaku untuk penentuan Harga Transfer (transfer pricing) atas transaksi yang dilakukan oleh Wajib Pajak Dalam Negeri atau Bentuk Usaha Tetap di Indonesia d...
1411,78933,PT ANEKA TUNA INDONESIA,PUT-010451.15/2019/PP/M. IIB Tahun 2022 DEMI KEADILAN BERDASARKAN KETUHANAN YANG,2013,Pajak Penghasilan,Mengabulkan sebagian,transfer pricing,24,"6,8,13,22,26,28,29,36,37,38,43,55,58,59,60,66,71,72",18,102,"...kan kembali bahwa Pemohon Banding telah menyusun TPD untuk Tahun Pajak 2013 sesuai dengan peraturan transfer pricing yang berlaku di Indonesia, yaitu PER-43/PJ/2010 sebagaimana diamendemen oleh PER-32/PJ/2011. Sebaga..."
1412,78991,PT.ORACLE INDONESIA,PUT-002399.15/2020/PP/M.VIA Tahun 2022 DEMI KEADILAN BERDASARKAN KETUHANAN YANG ,2016,Pajak Penghasilan,Mengabulkan sebagian,transfer pricing,13,"36,49,54,64,194,225,242,275,277,278",10,283,"...uai Pasal 18 ayat (3) dari Undang-Undang PPh Badan Nomor 36 Tahun 2008: bahwa berdasarkan peraturan transfer pricing yang berlaku, antara lain PER-22/PJ/2013 (“PER-22”) dan Surat Edaran SE- , 50/PJ/2013 yang mengatur..."
1413,79027,PT TOYO DENSO INDONESIA,PUT-011949.15/2020/PP/M.XA Tahun 2022 PT Toyo Denso Indonesia,2014,Pajak Penghasilan,-,transfer pricing,8,"16,21,23,57,60",5,65,"...dan Weastec Inc. telah diberikan, bahwa sebagai tambahan, sesuai dengan Paragraf 1.42 dari Pedoman Transfer Pricing OECD: “Where a transactions..has. been formalised by the associated enterprise through written con..."
1414,79077,PT Algo International,PUT-0096024.15/2020/PP/M.XIVA Tahun 2022,2014,Pajak Penghasilan,-,transfer pricing,13,"19,37,39,46,50,51,59,73,74,80,84",11,97,"...khir Piutang Usaha 4/4 Penyesuaian Peredaran Usaha | | | Saldo Awal Piutang Usaha | -/- (5) OECD Transfer Pricing Guideline 7.61 in determining the arm's length charge for low value-adding intragroup services, the..."
1415,79109,PT FUJI SEAT INDONESIA,PUT-014579.15/2020/PP/M.XIB Tahun 2022 DEMI KEADILAN BERDASARKAN KETUHANAN YANG ,2017,Pajak Penghasilan,Mengabulkan seluruhnya,transfer pricing,47,"12,16,21,22,32,35,39,41,44,45,47,48,50,51,52,57,66,76,77,85,87,90,91,93,100,101,102,107,108,109,110,111,112,113,122",35,128,"...sory yang diterima oleh Pemohon Banding dari F uji Seat Co Ltd. bahwa berdasarkan Paragraf 7.6 OECD Transfer Pricing Guidelines tahun 2017 dibawah ini, terdapat pedoman dalam menganalisis manfaat yang diterima oleh..."
1416,79149,PT. Premier «Distribution,PUT-000184.15/2020/PP/M.XIVA Tahun 2022 PT Premier Distribution,2016,Pajak Penghasilan,Mengabulkan sebagian,transfer pricing,5,"25,26,37,62",4,95,"...PPh Badan Tahun.Pajak 2016 beserta lampiran-lampirannya, b. Laporan Keuangan Audit Tahun-2016, c. Transfer Pricing Documentation Tahun 2016, bs Halaman 25 dari 95 halaman. Putusan Nomor PUT-000184.15/2020/PP/M.XIV..."
1417,79167,PT AEM Indonesia,-,2016,Pajak Penghasilan,Mengabulkan seluruhnya,transfer pricing,2,"19,40",2,59,...riksaan Terhadap Wajib Pajak Yang Mempunyai Hubungan Istimewa. yang selanjutnya disebut Pemeriksaan Transfer Pricing. L Halaman 19 dari 59 halaman. Putusan Nomor PUT- 009013.15/2020/PP/M.XIVA Tahun 2022 PT AEM Indon...
1418,79495,PT Kurita Indonesia,PUT-014216.15/2020/PP/lvl.IB Tahun 2022 DEIvll KEADILAN BERDASARKAN KETUHANAN YA,2017,Pajak Penghasilan,-,transfer pricing,13,"5,9,19,20,21,32,64,90,91,99,105",11,130,...n pengujian kewajaran dan kelaziman usaha atas transaksi hubungan istimewa yaitu dengan tersedianya Transfer Pricing Document (TP Doc) tahun 2017 baik lokal file maupun master file dan telah diserahkan ke Pemeriksa d...
1419,79542,PT Uni-Charm Indonesia Tbk.,PUT-002027.15/2021/PP/M.IB Tahun 2022 DEMI KEADILAN BERDASARKAN KETUHANAN YANG M,2016,Pajak Penghasilan,-,transfer pricing,23,"18,30,31,89,90,91,94,101,107,108,109,114,128,134,142,166,181,182,192",19,208,"...m for Collaboration on Tax- A Toolkit for Addressing Difficulties in Accessing Comparables Data for Transfer Pricing Analyses” yang merupakan inisiasi bersama International Monetary Fund (“IMF”), OECD, Perserikatan B..."
1420,79705,PT Nanindah Mutiara Shipyard,PUT-000765.15/2020/PP/M. XVIB Tahun 2022 DEMI KEADILAN BERDASARKAN KETUHANAN YAN,2015,Pajak Penghasilan,Mengabulkan sebagian,transfer pricing,22,"8,10,16,23,24,27,39,58,62,64,66,67,71,79",14,106,...dak dapat diakses; - bahwa salah satll kriteria manual review yang dilakukan Pemohon Banding sesuai Transfer Pricing Documentation FY 2015 halaman 37 yaitu perusahaan akan dieliminasi berdasarkan faktor eleminasi di...
1421,79706,PT Nanindah Ivlutiara Shipyard,PUT-000766.15/2020/PP/M. XVIB Tahun 2022 DEM,2016,Pajak Penghasilan,-,transfer pricing,25,"9,11,16,19,21,24,37,43,53,57,58,60,61,62,73,74",16,102,...dak. dapat diakses; - bahwa salah satu kriteria manual review yang dilakukan Pemohon Banding sesuai Transfer Pricing Documentation FY 2016 halaman 58 yaitu perusahaan akan dieliminasi berdasarkan faktor eleminasi di...
1422,79713,PT. Honeywell Indonesia Trading,PUT-001552.15/2020/PP/M. XVIB Tahun 2022 DEMI KEADILAN BERDASARKAN KETUHANAN YAN,2016,Pajak Penghasilan,-,transfer pricing,13,"15,21,22,23,24,42,43,44,45",9,79,"...elitiKeberatan yang menyatakan bahwa terdapat perbedaan nilai pembe]ian net antara dokuthentasi TP (Transfer Pricing) dan SPT Tahunan Pph Badan untuk tahul pajak 2016, perlu Pemohon Banding sampaikan bahwa Pemohon Ba..."
1423,79795,PT MCKINSEY INDONESIA,PUT-012070.15/2020/PP/M. XVIB Tahun 2022 DEIVII KEADILAN BERDASARKAN KETUHANAN Y,2017,Pajak Penghasilan,Mengabulkan sebagian,transfer pricing,2,"26,55",2,102,"Paragraf 7.9 OECD Transfer Pricing Guidelines menyatakan ""in narrow range of cases, an into group activity may be performed relating t..."
1424,80046,PT TOKAI DHARMA INDONESIA,PUT-001132.15/2021/PP/M.XlllB Tahun 2022 DEMI KEADILAN BERDASARKAN KETUHANAN YAN,2016,Pajak Penghasilan,-,transfer pricing,2,"29,97",2,128,"kewajaran dan kelaziman usaha dafam dokumen Transfer Pricing Study tahun 2016; bahwa dengan demikian, tidak tepat apabifa Terbanding menyatakan bahwa eksistensi..."
1425,80081,-,PUT-011089.15/2019/PP/M.IVA Tahun 2022 DEMI KEADILAN BERDASARKAN KETUHANAN YANG ,2016,Pajak Penghasilan,-,transfer pricing,16,"47,58,62,76,81,82,84,86,92,93,94,107",12,120,5. OECD Transfer Pricing Guidelines; Data/Fakta dan Pendapat Tim Peneliti Keberatan bahwa berdasarkan Laporan Hasil Pemeriks...
1426,80085,PT KiMBERLY€LARK INDONESIA,PUT-011685.15/2019/PP/M.VIA Tahun 2022,2015,Pajak Penghasilan,-,transfer pricing,5,"20,38,69",3,88,"...ark up on Total Cost) sebagai Metode & PLl (Profit Level Indicator) yang paltng tepat untuk menguji transfer pricing dengan tested party PT. Kcl, dengan hasil amalisis MTC perusahaan pembanding rentang QIQ3 adafah 2,..."
1427,80086,PT KIMBERLY-CLARK INDONESIA,PUT-011686.15/2019/PP/M.VIA Tahun 2022 DEMI KEADILAN BERDASARKAN KETUHANAN YANG ,2016,-,-,transfer pricing,8,"14,30,40,61",4,68,"...i sebagai berikut: - bahwa pemeriksa setuju dengan Pemohon Banding pada seluruh `ahapar` per`gu]lan transfer pricing dalam Transfer Pricing Document Pemohon Banding, kecuali pada satu tahapan yaitu penghitungan laba..."
1428,80202,PT KARYA CEMERLANG PERSADA,PUT-001415.15/2021/PP/M.IVA Tahun 2022 DEMI KEADILAN BERDASARKAN KETUHANAN YANG ,2016,Pajak Penghasilan,-,transfer pricing,27,"11,14,47,52,57,70,79,90,103,105,107,109,128,129,139,141,142,143,144,145,147",21,183,"...relasi dengan metode Comparab/e Unco/}tro//ed Pr/ce (CUP), namun berdasarkan pengujian atas dokumen transfer pricing dapat dipastikan bahwa harga yang menjadi patokan adafah mengacu pada harga HPA/HPB yang tersedia d..."
1429,80206,PT AKZONOBEL WOOD FINISHES AND  ADHESIVES,PUT-003130.15/2021/PP/M.XIVA Tahun 2022 DEMI KEADILAN BERDASARKAN KETUHANAN YANG,2017,Pajak Penghasilan,-,transfer pricing,7,"11,12,13,14,51,59",6,70,"...k berjalan, Terdapat Manfaat Ekonomis atau Komersial dari Perolehan Jasa bahwa sesuai dengan OECD Transfer Pricing Guidelines paragraf 7.6 dinyatakan bahwa: “. the activity provides a respective group member with..."
1430,80211,PT. HANJAYA MANDALA SAMPOERNA,PUT-004080.15/2020/PP/M.XIllA Tahun 2022 DEMI KEADILAN BERDASARKAN KETUHANAN YAN,2014,Pajak Penghasilan,Mengabulkan sebagian,transfer pricing,102,"7,27,28,31,33,34,35,36,37,41,42,44,45,46,48,49,52,65,70,73,83,94,98,99,100,101,102,103,110,111,133,134,135,138,140,141,142,143,144,145,147,149,150,153,154,157,158,161,173,174,189,197,200,201,204",55,211,...nya dan telah dilakukan sesuai dengan prinsip kewajaran dan kelaziman usaha sesuai dengan peraturan transfer pricing di Indonesia. 1.4.1. Pemohon Banding telah menerima manfaat ekonomis dari jasa yang diterima dari P...
1431,80220,PT Bening Big Tree Farms,PUT-005103.15/2021/PP/M.IB Tahun 2022 DEMI KEADILAN BERDASARKAN KETUHANAN YANG I,2017,Pajak Penghasilan,-,transfer pricing,13,"10,16,21,22,26,29,36,48,52",9,77,"...ik usaha Pemohon Bandjng termasuk dalam kahegor.i Fully Fledged Manufacturing; 3. Menentukan Metode Transfer Pricing bahwa untuk menentukan metode yang akan digunakan, Terbanding terlebih dahulu memastikan kesebandin..."
1432,80260,-,PUT-014970.15/2019/PP/M.VIIIB Tahun 2021,2016,Pajak Penghasilan,Mengabulkan seluruhnya,transfer pricing,23,"11,35,36,40,42,43,46,55,57,60,63,65,66,67",14,69,"...i kegiatan operasional, keuangan, pemasaran, dan penjualan Pemohon Banding: Fotokopi Dokumen Lokal Transfer Pricing untuk Tahun Pajak yang berakhir 31 Desember 2016 (Tahun 2016) yang telah disusun oleh PT Prima Waha..."
1433,80289,PT. Reckitt Benckiser Indonesia,PUT-008653.15/2018/PP/lvl.XXB Tahun 2020,2014,Pajak Penghasilan,Mengabulkan sebagian,transfer pricing,58,"5,6,7,8,12,15,43,50,53,56,79,86,87,96,99,100,114,123,127,128,170,176,177,178,179,183,190,195,196,206,207,240,243,245,247",35,255,"...ing tersebut diatas adalah sebagai berikut: 1. Koreksi atas Penjualan Ekspor Kepada Pihak Afiliasi (Transfer Pricing) Sebesar Rp24.490.358.155,00 Menurut Terbanding bahwa berdasarkan lampiran khusus Pernyataan Transa..."
1434,80324,PT EAGLE INDUSTRY INDONESIA,PUT-012433.15/2020/PP/M.XIVB Tahun 2022,2017,Pajak Penghasilan,Menolak,transfer pricing,1,26,1,46,"...likasi atas pembuatan dan pengembangan harta tidak berwujud tersebut. Selanjutnya, berdasarkan OECD Transfer Pricing, Guidelines. pada paragraf 6.32 sampai 6.34 juga menjelaskan bahwa eksistensi dan kewajaran atas pe..."
1435,80432,PT. CITRA BORNEO.INDAH,PUT-002015.99/2022/PP/M.IIIB Tahun 2022 DEMI KEADILAN BERDASARKAN KETUHANAN YANG,-,PPN,Menolak,transfer pricing,2,"12,36",2,45,"b. Wajib Pajak dalam satu grup, atau c. Wajib “Pajak yang terindikasi melakukan transaksi transfer pricing dan/atau transaksi khusus lain yang berindikasi adanya rekayasa transaksi keuangan dapat diperpan..."
1436,80486,PT WILIVIAR BIOENERGl INDONESIA,PUT-008964.15/2019/PP/M.IIB Tahun 2022 DEMI KEADILAN BERDASARKAN KETUHANAN YANG ,2016,Pajak Penghasilan,Mengabulkan sebagian,transfer pricing,19,"6,31,36,37,42,47,55,56,57,64,67,68,70,71,72,82,91,102",18,123,"...ugian Negara dapat dihilangkan/ditiadakan, karena berkurangnya pajak pada perusahaan yang melakukan transfer pricing akan tereleminasi dengan bertambahnya pajak pada perusahaan-perusahaan afiliasi lawan transaksinya;..."
1437,80591,PT ARTHAKENCANA RAYATAMA,PUT-010732.15/2019/PP/M.IVA Tahun 2022 DEMI KEADILAN BERDASARKAN KETUHANAN YANG ,2016,Pajak Penghasilan,-,transfer pricing,1,22,1,41,...mengatur bahwa : (1) Peraturan Direktur Jenderal Pajak ini berlaku untuk Penentuan Harga Transfer (Transfer Pricing) atas transaksi yang dilakukan Wajib Pajak Dalam Negeri atau Bentuk Usaha Tetap di Indonesia dengan...
1438,80641,PT Fidelity Information Services Indonesia,PUT-015142.15/2020/PP/M.IB Tahun 2022,2017,Pajak Penghasilan,-,transfer pricing,15,"22,23,24,25,26,28,32,41,43,44",10,48,"...i akun Consulting Revenue NPS, Reimbursemed Expenses-Travel, lntraco Consulting Revenue Plan dengan Transfer Pricing. Halaman 22 dari 48 halaman. Putusan Nomor PUT015142.15/2020/PP/M.IB Tahun 2022 PT Fidelity Informa..."
1439,80642,PT Elringklinger Indonesia,PUT-000715.15/2019/PP/M.XVI A Tahun 2022 DEM,2015,Pajak Penghasilan,-,transfer pricing,4,"9,13,62,65",4,152,...hwa Terbanding menggunakan Pro#r Leve/ /nd/.cafor (PLl) berupa Net Cost plus (NCP) dalam penguj.lan transfer pricing dengan TNMM. c. Bahwa Terbanding melakukan koreksi yang diatribusikan pada pos Peredaran usaha. Pen...
1440,80669,PT LINFOX LOGISTICS INDONESIA,-,2017,Pajak Penghasilan,Mengabulkan sebagian,transfer pricing,13,"6,7,14,28,30,33,34,35,38,46,56",11,61,"...it pernyataan Pemohon Banding bahwa Pemohon Banding telah memenuhi ketentuan dalam membuat dokumen transfer pricing sebagaimana dimaksud dalam PMK 213/PMK.03/2016, Terbanding sependapat dengan pemeriksa bahwa: 1...."
1441,80720,PT Lingua Asiatic,PUT-005128.15/2019/PP/M.XVIA Tahun 2022 DEIvll KEADILAN BERDASARKAN KETUHANAN YA,2016,Pajak Penghasilan,Mengabulkan sebagian,transfer pricing,1,51,1,54,"...asal 18 ayat (3) UU Pph; Bahwa Terbanding tidak melakukan langkah-langkah atau prosedur pemeriksaan transfer pricing sebagaimana dimaksud dalam PER-22; Berdasarkan seluruh pertimbangan tersebut di atas, Majelis memba..."
1442,80791,PT..Wana Hijau Semesta,PUT-004201.15/2021/PP/M.XVA Tahun 2022 PT. Wana Hijau Semesta,2015,Pajak Penghasilan,Mengabulkan sebagian,transfer pricing,18,"10,15,16,54,55,76,77,94,95,96",10,109,"...86,980 6) Terbanding telah melakukan permintaan peminjaman buku, catatan, dan Dokumen Ke-2 terkait Transfer Pricing Documentation (TP Doc) atas transaksi penjualan-Crude. Palm Oil (CPO) dengan pihak yang memiliki hu..."
1443,80803,PT.-Perdana Intisawit Perkasa,PUT-009344.15/2020/PP/M.XIA Tahun 2022 DEMI KEADILAN BERDASARKAN KETUHANAN YANG ,2014,Pajak Penghasilan,Menolak,transfer pricing,6,"181,183,185,193,231",5,421,"OECD Transfer Pricing Guidelines, paragraph 7.5 There arestwo issues in the analysis of transfer pricing for intragroup..."
1444,80809,PT SURABAYA AUTOCOMP INDONESIA,PUT-015034.15/2020/PP/M.XIIIA Tahun 2022 DEMI KEADILAN BERDASARKAN KETUHANAN YAN,2017,-,Mengabulkan seluruhnya,transfer pricing,30,"16,17,21,24,25,26,34,35,38,66,70,87,88,89,92,95,97,107,113,116,134,135",22,142,"...kasikan keberadaan dan manfaat ekonomis penggunaan IP tersebut. Berdasarkan pada Paragraf 6.17 OECD Transfer Pricing Guidelines 2017 menyatakan bahwa: “In certain instances, these Guidelines refer to “unigue and val..."
1445,80896,PT JS Jakarta,PUT-008505.15/2020/PP/M.XllA Tahun 2022 PT JS Jakarta,2017,Pajak Penghasilan,-,transfer pricing,23,"7,8,21,22,23,24,25,26,30,32,34,51",12,56,"...arms dipertimbangkan jika hasilnya dapat meningkatkan tingkat kesebandingan; c| Paragrat 1.152 OECD Transfer Pricing Guidelines 2011.. ""Where it is possible to determine the benefits or detriments of a unique assembl..."
1446,81112,PT.FUJI PRESISI-TOOL INDONESIA,PUT-009743.15/2020/PP/M.XVIIIA Tahun 2022 DEMI KEADILAN BERDASARKAN KETUHANAN YA,2017,Pajak Penghasilan,Mengabulkan seluruhnya,transfer pricing,11,"5,8,24,43,46,51,52,53",8,60,"...tas searching criteria yang .digunakan oleh Pemohon Banding dalam Laporan Penetapan Harga Transfer (Transfer Pricing Documentation/TP Doc) namun pada tahap peningkatan kesebandingan, Terbanding me-reject perusahaan p..."
1447,81146,PT. YANMAR INDONESIA NPWP 31.461.995.8-431.000,PUT-001021.15/2021/PP/M.XIVB Tahun 2022,2017,Pajak Penghasilan,Menolak,transfer pricing,13,"22,23,42,43,48,59,68,81,92,101",10,110,"...dijelaskan di atas. a. Melakukan penghitungan kewajaran pembayaran jasa bahwa dalam dokumen lokal transfer pricing Pemohon Banding untuk tahun 2017, telah dilakukan analisis kesebandingan. Dokumentasi tersebut meng..."
1448,81174,PT. VOLKOPI INDONESIA,PUT-003042.15/2021/PP/M.XIVB Tahun 2022,2015,Pajak Penghasilan,-,transfer pricing,3,"35,70",2,144,"Continental Exchange, viii. Pemilihan Metode Transfer Pricing, dengan menggunakan tested party adalah PT Volkopi Indonesia Jenis Transaksi Pihak Yang Diuji Cf...."
1449,81183,PT-Fonterra Brands Indonesia,-,2018,Pajak Penghasilan,Mengabulkan seluruhnya,transfer pricing,7,"18,22,40,41,75,76",6,108,"...mlah Rp169.934.516.770,00 “Terbanding telah keliru dalam menafsirkan paragraf 6.37-6.39 dari OECD Transfer Pricing Guidelines for Multinational Enterprise and Tax Administration 2010 Edition (""Pedoman OECD 2010"") d..."
1450,81358,PT. LENOVO INDONESIA,PUT-002307.15/2020/PP/M.IA Tahun 2022 DEMI KEADILAN BERDASARKAN KETUHANAN YANG I,2016,Pajak Penghasilan,Mengabulkan sebagian,transfer pricing,11,"9,26,29,37,41,42,43,46,59,62",10,67,"...dasar koreksi Terbanding didasarkan kepada dokumen related party (Perjanjian Distribusi dan Dokumen Transfer Pricing), sementara dasar hukum yang digunakan sama sekali tidak terkait dengan dasar hukum yang mengaturte..."
1451,81558,-,PUT-009190.15/2020/PP/M.VIA Tahun 2022,2016,Pajak Penghasilan,-,transfer pricing,28,"8,9,10,27,28,38,39,40,41,48,52,53,55,56,63,71,72,73",18,81,"Salinan Putusan Pengadilan Pajak setpp.kemenkeu.go.id wa Peraturan Transfer Pricing tidak melarang suatu Perusahaan r royalti kepada perusahaan Prinsipal afiliasi, Tp pembayaran biay..."
1452,81562,PT Denso Manufacturing Indonesia d.h PT Asmo Indonesia,PUT-009424.15/2020/PP/M.IB Tahun 2022 DEMI KEADILAN BERDASARKAN KETUHANAN YANG I,2016,Pajak Penghasilan,-,transfer pricing,1,12,1,89,Tax Consulting di dalam Transfer Pricing Dokumentasi untuk Pemanfaatan Aktiva Tidak Berwujud. 2. Biaya royalti adalah biaya yang dapat dikur...
1453,81771,-,-,2016,Pajak Penghasilan,-,transfer pricing,12,"14,19,38,53,56,59,61,63",8,77,"...tak berwujud berupa paten dan merek dagang “Rip Curl sebagaimanas Pemohon ""Banding tuangkan dalam transfer pricing document (TP Doe). “Adapun pengujian yang dimaksud sebagai berikut: a. Melakukan analisis fungsi p..."
1454,81789,-,PUT-012879.15/2020/PP/M.VB Tahun 2022 PT Capsugel Indonesia,-,Pajak Penghasilan,-,transfer pricing,7,"14,19,40,42,48",5,55,"...endukung px evan berdasarkan peraturan trans ar) g berlaku di Indonesia: N bahw N dengan peraturan transfer pricing yang AH onesia, antara lain Pasal 14 ayat (2) PER- N J/2010 s.d.t.d. PER-32/PJ/2011, Bab IV, Bagian..."
1455,81794,PT Eagleburgmann Indonesia,-,2017,Pajak Penghasilan,-,transfer pricing,15,"11,12,29,30,31,33,34",7,38,"...on Banding, biaya penggantian produk dan biaya kegagalan tender yang telah dijelaskan pada dokumen transfer pricing. 2. Asas Kewajaran - Bahwa mengacu pada Transfer Pricing: Documentation Pemohon Banding tahun 201..."
1456,81847,-,-,2017,Pajak Penghasilan,-,transfer pricing,10,"10,11,50,53,65,66,67",7,85,"...mbelian barang. bahwa karakteristik fungsi dan risiko di atas juga telah. dijelaskan dalam Dokumen Transfer Pricing untuk Tahun Pajak:2017: bahwa selanjutnya, kesepakatan sah yang diambil oleh kedua belah pihak tel..."
1457,81933,PT ENKEI INDONESIA,PUT-009143.15/2020/PP/M.XIVA Tahun 2022 DEMI KEADILAN BERDASARKAN KETUHANAN YANG,2016,Pajak Penghasilan,-,transfer pricing,5,"9,11,30,46,48",5,66,"...hukum bahwa Terbanding melakukan koreksi berdasarkan pengujian kewajaran dengan menggunakan metode Transfer Pricing TNMM, dimana kemudian Terbanding, menambah.nilai Peredaran Usaha dan juga mengurangi.nilai pembelia..."
1458,81963,-,-,2018,Pajak Penghasilan,-,transfer pricing,14,"20,28,30,48,49,53,54,56",8,66,...tuan harga produk yang diekspor Pemohon Banding telah membuat dokumentasi terkait penentuan harga (Transfer Pricing Documentation)dengan penentuan harga sebagai berikut: | Icnis Tednatai Wilayah Transaksi Sumber D...
1459,81994,PT JADI ABADI CORAK BISCUIT FACTORY INDONESIA,PUT2010072,-,-,-,transfer pricing,1,57,1,69,"...eraturan perpajakan yang berlaku, analisa suatu kelaziman dan-kewajaran identik dengan permasalahan transfer pricing yang dalam ketentuan Pasal 18 ayat (3) UU PPh juncto. PER- 43/PJ/2010 juncto. PER-22/PJ/2013 juncto..."
1460,82069,PT ECCO TANNERY INDONESIA,-,-,-,-,transfer pricing,1,64,1,86,"...Banding atas Koreksi Peredaran Usaha dan Harga Pokok Penjualan (""HPP"") Bukti pendukung berupa: I.1. Transfer Pricing Documentation Tahun Pajak 2017 yang telah dilakukan pemateraian kemudian beserta Tanda Terima Dokum..."
1461,82086,PT. LANDIVIARK CONCURRENT SOLUSI INDONESIA,PUT-015143.15/2020/PP/M.XIIB Tahun 2022 DEMI KEADILAN BERDASARKAN KETUHANAN YANG,2017,Pajak Penghasilan,Menolak,transfer pricing,11,"14,15,40,44,45",5,54,"...gan HEsl 6. GL 610700 -I/C Services Markup Expense GL 610700 digunakan untuk mencatat biaya mark-up transfer pricing yang diterima untuk layanan antar perusahaan, sementara GL 610710 digunakan untuk mencatat mark-up..."
1462,82107,PT BEIERSDORF INDONESIA,PUT-002197.15/2018/PP/M.XvlllA Tahun 2022 DEMI KEADILAN BERDASARKAN KETUHANAN YA,2014,Pajak Penghasilan,-,transfer pricing,5,"60,61",2,81,...3/PJ/2010 sebagaimana telah diubah dengan Peraturan Direktur Jenderal Pajak No. 32/PJ/2011 j.o OECD Transfer Pricing Guidelines for Multinational Enterprises and Tax Administrations (OECD Guidelines); bahwa menurut P...
1463,82124,PT NEDCOFFEE INDONESIA MiNIMUR JAYA,-,2013,Pajak Penghasilan,Mengabulkan sebagian,transfer pricing,7,"12,23,37,43,49,57",6,72,...adanya deviasi/keadaan tidak nonmal dari data para pembanding. Hal tersebut juga didukung oleh OECD Transfer Pricing Guidelines for Multinational Enterprise and Tax Administrations 2010 (OECD TP Guidelines 2010) Para...
1464,82128,PT HANWA STEEL SERVICE INDONESIA,PUT-003910.15/2018/PP/M.XvllIA Tahun 2022 DEIvll KEADILAN BERDASARKAN KETUHANAN ,2015,Pajak Penghasilan,-,transfer pricing,25,"4,5,7,8,10,38,39,41,44,52,61,69,101,103,104",15,114,"...$12,049 2. Penyesuaian Fiskal Positif Sebesar $1,164,635 A. Penyesuaian Fiskal Positif Lainnya (Non Transfer Pricing) sebesar $26,808 8. Penyesuaian Fiskal Pembelian Bahan Baku lmpor (Transfer Pricing) sebesar $1,137..."
1465,82145,-,PUT-005414.15/2018/PP/M.XvllIB Tahun 2019,2015,Pajak Penghasilan,Mengabulkan seluruhnya,transfer pricing,8,"8,23,31,34,51,53",6,69,"...ohon Banding dan mengacu pada peraturan perpajakan di Indonesia serta OECD TP Gut.de/t.ries terkait transfer pricing, Pemohon Banding telah melakukan penyesuaian tramsfer pr/.c/.ng dalam 7P f?eport-nya untuk meningka..."
1466,82152,PT AICHI FORGING INDONESIA,PUT-007372.15/2018/PP/M.XVIIIA Tahun 2022 DEMI KEADILAN BERDASARKAN KETUHANAN YA,2015,-,-,transfer pricing,40,"9,10,11,12,13,14,16,17,18,21,23,24,26,27,28,30,37,40,44,88,90,93,94,95",24,104,"...i Pemohon Banding telah melakukan usaha yang substansial untuk mematuhi peraturan-peraturan terkait transfer pricing di Indonesia. Pemohon Banding meminta Terbanding untuk menginterpretasikan OECD Transfer Pricing (""..."
1467,82173,PT Nikawa Textile Industry,PUT-008394.15/2020/PP/M.XIA Tahun 2022 DEMI KEADILAN BERDASARKAN KETUHANAN YANG ,2017,Pajak Penghasilan,Mengabulkan sebagian,transfer pricing,33,"8,11,12,13,30,32,33,38,39,41,42,44,51,62,63,66,70,75,76,77,78,82",22,95,"...ositif atas peredaran usaha sebesar USD 1.990.348,60 dilakukan berdasarkan hasil pengujian analisis Transfer Pricing, dimana berdasarkan hasil pengujian Penentuan Harga/Laba Wajar Transaksi Afiliasi dengan metode TNM..."
1468,82174,PT. Onduline Indonesia,PUT-008395.15/2020/PP/M.XVB Tahun 2022 DEIvll KEADILAN BERDASARKAN KETUHANAN YAN,2016,Pajak Penghasilan,-,transfer pricing,11,"34,35,36,38,40,41,44,45,46",9,73,...asi d. Analisa Rantai suplai e. Analisa Fungsi f. Karakteristik usaha wajib pajak 2) Memilih metode transfer pricing a. Identifikasi Ketersediaan pembanding b. Pemilihan pihak yang diuji dan Metode 3) Menerapkan prin...
1469,82231,PT. KIA SERPIH MAS,PuT-011820.15/2020/PP/M.XllB Tahun 2022 DEMI KEADILAN BERDASARKAN KETUHANAN YANG,2017,Pajak Penghasilan,-,transfer pricing,8,"9,13,15,21,24,29,30",7,42,...risiko penghindaran pajak. Bahwa transaksi yang dilakuka:. oleh Pemohon Banding merupakan domestic transfer pricing (transaksi dalam satu negara). dimana kedua belah pihak (Wajib Pajak Dalam Negeri) yang memiliki hu...
1470,82245,PT TOTAL OIL INDONESIA,PuT-012971.15/2020/PP/M.XVIIIA Tahun 2022 DEMI KEADILAN BERDASARKAN KETUHANAN YA,2017,Pajak Penghasilan,-,transfer pricing,9,"20,22,43,56,68,81,97,104,137",9,193,...ajar. Laporan AUP dari KPMG tersebut telah sesuai dengan ketentuan yang diatur dalam United Nations Transfer Pricing (UN TP) Manual paragraf a.2.8 sebagai berikut: Halaman 20 dari 193 halaman. Putusan Nomor PUT-01297...
1471,82307,PT East Jakarta Medika,PUT-002198.15/2021/PP/M.VB Tahun 2022 DEMI KEADILAN BERDASARKAN KETUHANAN YANG M,2016,Pajak Penghasilan,Mengabulkan seluruhnya,transfer pricing,2,"31,32",2,36,...ansaksi: fransfer pricing yang dilakukan oleh kedua pihak tersebut termasuk dalam kategori domestic transfer pricing yang memiliki risiko relatif rendah karena pergeseran laba hanya terjadi antar Wajib Pajak yang sam...
1472,82310,PT East Jakarta Medika,PUT-006833.15/2021/PP/M.VB Tahun 2022 PT East Jakarta Medika AA,2015,Pajak Penghasilan,Mengabulkan seluruhnya,transfer pricing,3,28,1,32,"Penghasilan, maka transaksi transfer pricing yang dilakukan oleh kedua pihak tersebut termasuk dalam kategori domestic transfer pricing yang mem..."
1473,82405,PT CATERPILLAR INDONESIA,PUT-000701.15/2020/PP/M.XVIIIA Tahun 2022 DEMI KEADILAN BERDASARKAN KETUHANAN YA,2015,Pajak Penghasilan,-,transfer pricing,1,16,1,99,...am grup usaha Caterpillar kepada Pemohon Banding. Biaya-biaya ini pun sudah didukung dengan Dokumen Transfer Pricing (TP Doc) yang fotokopinya sudah diterima oleh Terbanding. Kemudian Terbanding telah menyetujui selu...
1474,82422,PT WIRA INSANI,PUT-003119.15/2019/PP/M.XvllIA Tahun 2022 DEMI KEADILAN BERDASARKAN KETUHANAN YA,2015,Pajak Penghasilan,-,transfer pricing,1,68,1,82,"...n: - samp/e bukti pemberian jasa dari serv/.ce prov/.der sejumlah 69 (enam puluh sembilan) bukti; - Transfer Pricing Documentation (TPD)., -invoice managemer}f fee; -perjanjian dengan serv/.ceprov/.der *r - bukti bay..."
1475,82470,-,-,2015,Pajak Penghasilan,-,transfer pricing,4,"27,28,36,47",4,57,"...tur Jenderal Pajak No Tentang Pedoman Pemeriksaan 'ter! Mempunyai Hubun AA II, Metode Pemeriksaan Transfer Pricing mao ode Laba Bersih Transaksional Disclaimer Salinan Putusan Pengadilan Pajak ini nhtatampark an..."
1476,82479,PT BANK PEMBANGUNAN DAERAH JAWA BARAT DAN BANTEN,PUT-009526.15/2020/PP/M.XIVB Tahun 2022,2015,Pajak Penghasilan,Menolak,transfer pricing,2,"61,64",2,112,"...h Propinsi Jawa Barat), justru menghasilkan pembanding intemal (“internal comparable"") dalam kaidah Transfer Pricing yaitu pembayaran yang dilakukan Pemohon Banding kepada pihak-pihak independen (tanpa hubungan istim..."
1477,82542,PT. Kemira Indonesia,PUT-004386.15/2021/PP/M.IA Tahun 2022 DEMI KEADILAN BERDASARKAN KETUHANAN YANG M,2017,Pajak Penghasilan,Menolak,transfer pricing,39,"11,13,19,24,33,54,56,62,75,76,85,86,88,99,103,105,114,116",18,126,"...un Pajak 2017 untuk menguji kewajaran Profitabilitas Pemohon Banding, tidak sesuai dengan peraturan transfer pricing yang berlaku, dimana Transfer Pricing Documentation Pemohon Banding dipersiapkan berdasarkan data d..."
1478,82637,PT Central..Motor Wheel Indonesia,PUT-002775.15/2020/PP/M.XIVA Tahun 2022,2016,-,-,transfer pricing,12,"9,11,24,31,32,34,59,94,110",9,124,"...u terkait Transaksi Penjualan Ekspor kepada Pihak Afiliasi 1. bahwa Pemohon Banding telah menyusun Transfer Pricing Documentation (“TP Doc"") sesuai dengan “ketentuan dan peraturan perundang-undangan perpajakan yang..."
1479,82840,PT VAN LEEUWEN DISTRIBUTION INDONESIA d.h. PT,PUT-011592.15/2020/PP/M.VIIIB Tahun 2022 DEMI KEADILAN BERDASARKAN KETUHANAN YAN,2017,Pajak Penghasilan,-,transfer pricing,19,"24,26,33,34,66,68,72,73,74,123,129,130,136,137",14,160,"...an terkait transaksi hubungan istimewa Pembelian Barang Dagangan; d. bahwa berdasarkan Kertas Kerja Transfer Pricing yang dibuat oleh pemeriksa, maka penentuan harga transfer dilakukan dengan prosedur sebagai berikut..."
1480,82875,PT Honda Lock Indonesia,PUT-008838.15/2018/PP/M.IIB Tahun 2022 PT HONDA LOCK INDONESIA,2015,Pajak Penghasilan,Mengabulkan sebagian,transfer pricing,21,"24,25,54,81,87,144,145,150,151,153,154,155",12,160,"...ersebut tidak didaftarkan. Hal ini sejalan dengan ketentuan SE-50/PJ/2013 BAB 11 TAHAPAN PEMERIKSMN TRANSFER PRICING; ""Harta tidak berwujud terkait dengan proses produksi berupa paten lazimnya terdaftar sedangkan yan..."
1481,82883,PT Amerta lndah Otsuka,PUT-013020.15/2020/PP/M.1IB Tahun 2022 DEMI KEADILAN BERDASARKAN KETUHANAN YANG ,2016,Pajak Penghasilan,Mengabulkan seluruhnya,transfer pricing,15,"7,8,9,15,17,38,39,40,48,49",10,52,"...berikut: UN 77.ansfer pr/.a/.ng Manual paragraf 1.2.5 sebagai berikut: ""The aim of non-arm's length transfer pricing in such cases is usually to reduce an MNE's worldwide taxes. This can be achieved by shifting profi..."
1482,82966,PT. Yuasa Shoji Indonesia,PUT-009993.15/2019/ PP/ M.XXB Tahun 2022 PT. Yuasa Shoji Indonesia,2016,-,-,transfer pricing,14,"10,11,19,25,29,35,36,53,54,65",10,68,Salinan Putusan Pengadilan Pajak setpp.kemenkeu.go.id a. Transfer Pricing Adjustment Rp. 2.929.852.098 b. Pembelian belum dilaporkan Rp. ( 4.556.300) Ca Koreksi persediaan a...
1483,83083,PT AKASHI WAHANA INDONESIA,PUT-004611.15/2021/PP/M.VIA Tahun 2022 DEMIKEADILAN BERDASARKAN KETUHANAN YANG M,2016,Pajak Penghasilan,-,transfer pricing,23,"9,13,16,17,18,19,21,36,37,38,39,52,58,66,69,70,78,90,96",19,130,...atas barang Tidak Berwujud tersebut telah dicatat dan memiliki nilai sesuai dengan maksud dari OECD Transfer Pricing Guidelines Par 6.17: 2) Pengujian Manfaat Ekonomis bahwa Manfaat ekonomis dari pembayaran Royalti...
1484,83087,PT .General Motors Indonesia,PUT-013393.15/2019/PP/M.VB Tahun 2022 DEMI KEADILAN BERDASARKAN KETUHANAN YANG M,2016,Pajak Penghasilan,-,transfer pricing,10,"11,27,28,49",4,74,"| | ! ! 1 | ! i OECD Guidelines paragraf 3.69 3.69. In some cases, taxpayers establish transfer pricing documentation to demonstrate that ihey have made reasonable efforts fo compliy with the arm's lengt..."
1485,83108,-,PUT-003131.15/2021/PP/MXIIIB Tahun 2023 PT Transfarma Medica Indah,2017,Pajak Penghasilan,-,transfer pricing,7,"27,32,40,61,93",5,104,"...pat dikurangkan dalam menghitung penghasilan kena pajak sesuai dengan Undang- Undang PPh dan aturan Transfer Pricing, 6) Terdapat koreksi yang sama yang.telah'dibatalkan Majelis Hakim Pengadilan Pajak ' $ bahwa mas..."
1486,83109,PT ORGANON PHARMA INDONESIA,PUT-003730.15/2020/PP/M.XIA Tahun 2023 DEMI KEADILAN BERDASARKAN KETUHANAN YANG ,2016,Pajak Penghasilan,-,transfer pricing,11,"103,106,107,111,112",5,118,"...anya memberikan penjelasan: Iysoi Pembelian dari MSDP di Audit Report 126,500,116,678 Penyesuaian Transfer Pricing: (Pemohon Banding hanya menen an Debit Memo/ Credit memo dar. CEFP No 010.034-16 LS00. 00.0) Aud..."
1487,83112,PT CEVA LOGISTIK INDONESIA,PUT-004750.15/2021/PP/M.XIIIB Tahun 2023 DEMI KEADILAN BERDASARKAN KETUHANAN YAN,2017,Pajak Penghasilan,-,transfer pricing,6,"12,22,23,25,31,38",6,49,"...jasa yang dilakukan baik secara langsung maupun tidak langsung, Pemohon Banding menggunakan metode transfer pricing TNMM dengan Mark-up on total cost sebagai indikator tingkat laba yang paling tepat. Dari hasil peng..."
1488,83148,PT.NSK Bearings Manufacturing Indonesia,Put-015811.15/2020/PP/M.XIIB Tahun 2023 PT NSK Bearings Manufacturing Indonesia ,2014,Pajak Penghasilan,-,transfer pricing,13,"15,16,34,56,57,97,98,101,104,106",10,112,"...isebabkan berdasarkan laporan hasil pemeriksaan dan kertas kerja pemeriksaan, prosedur pemeriksaan transfer pricing telah.sesuai dengan Peraturan Direktur Jenderal Pajak nomor PER-22/PJ/2013, 13. bahwa terkait klaim..."
1489,83161,-,PUT-009595.16/2020/PP/M.VA Tahun 2022 PT Wilmar Chemical Indonesia,-,PPN,-,transfer pricing,9,"8,9,10,11,21",5,25,"...i atas penghasilan bruto sebesar USD323.828,00 (ekuivalen Rp4.332.818.640,00) karena adanya koreksi transfer pricing harga'jual ke perusahaan domestik (dalam negeri) yang..mempunyai hubungan istimewa » Menurut Terba..."
1490,83164,-,PUT-016198. 15,-,-,Mengabulkan sebagian,transfer pricing,59,"8,10,11,12,14,16,17,18,27,30,32,33,34,35,36,40,43,44,45,47,48,49,50,51,52,61,63,65,69,73,74,75",32,78,"...ut: PPA atas Harga Pokok Penjualan sebesar US$1,225,168.00 bahwa Pemohon Banding melakukan koreksi transfer pricing atas Harga Pokok Penjualan sebesar US$1,225,168.00 berdasarkan pengujian transfer pricing dengan m..."
1491,83165,-,-,2017,Pajak Penghasilan,-,transfer pricing,16,"6,8,13,16,18,22,40,42,44,45",10,54,...am negeri) yang mempunyai hubungan istimewa » “Menurut Terbanding: bahwa terdapat koreksi positif transfer pricing harga jual ke perusahaan. domestik (dalam negeri) yang mempunyai hubungan istimewa: 4 Disclaimer...
1492,83227,PT Tanjungenim Lestari Pulp and Paper,PUT-002533.15/2020/PP /M.XIVA Tahun 2022,2016,Pajak Penghasilan,Menolak,transfer pricing,66,"8,9,10,11,14,15,30,33,34,54,60,61,66,68,71,72,76,77,84,85,86,87,88,89,90,91,92,93,94,97,98,105,111,115,117",35,139,"...menguji: kewajaran discount yang diberikan kepada pihak distributor, Pemohon Banding telah membuat Transfer Pricing Documentation yang akan dijelaskan lebih lanjut dalam point no 2 dibawah: - bahwa sebagaimana disa..."
1493,83255,PT. YASUL NPWP: 01.061.543.3-052.000,-,2016,Pajak Penghasilan,-,transfer pricing,55,"10,14,20,25,31,32,34,40,41,44,45,46,47,51,52,53,63,71,78,86,87,88,91,93,103,104,106,108",28,116,"...Report PT Yasulor Indonesia Tahun 2016: « “SPT PPh Badan PT Yasulor Indonesia Tahun 2016, dan: . Transfer Pricing Documentation PT Yasulor Indonesia Tahun 2016, bahwa terkait penjelasan tambahan dan dokumen data..."
1494,83313,PT Yamani Spring“Indonesia,PUT-004671.15/2020/PP/M.XIVA Tahun 2022,2014,Pajak Penghasilan,Menolak,transfer pricing,6,"38,39,40,60,61,75",6,82,"...nding yang diuji. Metode ini tidak sensitif terhadap produk sebagaiamana mana dinyatakan dalam OECD Transfer Pricing Guidelines dalam Pari II 2.69 ""Prices are likely to be affected by differences: in products, and gr..."
1495,83355,PT. HALLIBURTON INDONESIA,PUT-013490.15/2020/PP /M.XIIB Tahun 2022 PT. Halliburton Indonesia,2014,Pajak Penghasilan,Mengabulkan seluruhnya,transfer pricing,3,"8,14,73",3,81,"...nding tidak memiliki divisi pemasaran dimana hal ini dapat dilihat di Bagian 4.3.2 dari.Dokumentasi Transfer Pricing Pemohon Banding untuk tahun pajak""2014 (“TPD”). Pemohon Banding juga menyampaikan bahwa PT AT telah..."
1496,83362,-,-,2014,Pajak Penghasilan,-,transfer pricing,47,"10,11,12,19,20,21,22,23,27,29,30,31,33,42,54,55,59,61,67,70,72",21,77,"...contoh: entertainment, MIS Suppliers, dan lain-lain, bahwa dan juga MTC dari Pemohon Banding pada Transfer Pricing Document Tahun 2014 adalah 5,04”6 dimana mediannya adalah 5,29Y6, ini membuktikan bahwa jasa yang d..."
1497,83363,PT. Huntsman Indonesia,PUT-015011.15/2020/PP/M.XIIB Tahun 2023 DEMI KEADILAN BERDASARKAN KETUHANAN YANG,2017,-,-,transfer pricing,51,"23,24,33,34,36,37,38,41,43,44,49,52,83,84,94,95,96,99,109,110,116,153,157,159,164,165,166,168,180,181,184,187,188,189,190,191,194,196",38,203,...BD.05/2019 tanggal 3 Juni 20 Oo da ba adalah sebagai berikut: a. Sa sanga Audited FY 2017 We n Nya Transfer Pricing FY 2017 Ne reement sehubungan dengan pemberian pinjaman dari G afiliasi cN . SPT Masa PPh Pasal 26...
1498,83364,PT. JMS BATAM,PUT-015315.15/2020/PP/M.VA Tahun 2022 PT JMS Batam,2016,Pajak Penghasilan,Mengabulkan seluruhnya,transfer pricing,7,"8,20,24,25,39",5,44,...ri transaksi affiliasi yang : 411.605.971.451 memenuhi kewajaran Peredaran usaha setelah pengujian transfer pricing 1.605.971.151 Peredaranusaha cfm. SPT WP (affiliasi) 403.801.086.018 Koreksi peredaran usaha 7.804....
1499,83438,PT CJ Logistics Indonesia,PUT-013346.15/2020/PP/M.IB Tahun 2023 DEMI KEADILAN BERDASARKAN KETUHANAN YANG M,2017,Pajak Penghasilan,Mengabulkan sebagian,transfer pricing,96,"8,9,11,13,14,15,24,25,27,28,29,30,31,32,33,34,35,36,59,62,64,67,71,77,78,89,90,91,92,93,96,97,98,100,102,103,104,105,106,109,115,116,117,118,119,120,121,123,124,125,128,130,135,136,137,138,142,144,150,173,176,177",62,183,...dasarkan Ketentuan Domestik dan Prinsip Internasional yang Berlaku Esensi dari pengujian kewajaran transfer pricing adalah membandingkan transaksi afiliasi dengan transaksi independen dalam kondisi yang sama atau se...
1500,83480,PT KUANSING INTI MAKMUR,PUT-000569.15/2021/PP/M.VIIIB Tahun 2023 DEMI,2016,Pajak Penghasilan,Mengabulkan seluruhnya,transfer pricing,14,"7,8,9,38,73,77,78,80,87,89,92",11,123,...bunyi: “Pasal 2 (1) Peraturan Direktur Jenderal Pajak ini berlaku untuk Penentuan Harga Transfer (Transfer Pricing)vatas transaksi yang dilakukan Wajib Pajak Halaman 7 dari 123 halaman. Putusan Nomor PUT-000569.15...
1501,83524,-,-,2016,-,-,transfer pricing,10,"95,97",2,149,"...a perbedaan tarif pajak: bahwa Pasal 18 ayat (3) UU PPh secara khusus mengatur mengenai ketentuan transfer pricing, dimana langkah-langkah pengujian transfer pricing harus tunduk pada peraturan turunannya, yaitu:..."
1502,83582,PT. Seidensticker Indonesia,PUT-014325.15/2019/PP/M.IVB Tahun 2022,2014,-,-,transfer pricing,29,"18,30,31,32,33,34,39,54,55,70,71,73,74,77,78,80,82,86",18,90,...iman Usaha Tahapan penerapan prinsip kewajaran dan kelaziman usaha dilakukan setelah memilih metode transfer pricing yang paling sesuai. Hal-hal yang perlu diperhatikan dalam menerapkan prinsip kewajaran dan kelazima...
1503,83593,PT Nagase Impor-Ekspor Indonesia,PUT-001191.15/2021/PP/M.IA Tahun 2023 DEMI KEADILAN BERDASARKAN KETUHANAN YANG M,2017,Pajak Penghasilan,Mengabulkan sebagian,transfer pricing,6,"39,49,69,90",4,126,...Meneliti apakah terdapat pembanding atas jasa intra- | grup serta mark up-nya dan menerapkan metode transfer pricing yang paling sesuai dengam.kondisi dan fakta. Metode-metode yang dapat. digunakan dalam penilaian...
1504,83894,PT Meiwa Mold-Indonesia,PUT-014785.15/2020/ PP/ M.XXB Tahun 2022 bukti melakukan upaya hukum Halamanj2,2017,Pajak Penghasilan,-,transfer pricing,5,"8,9,10,36,37",5,54,"Salinan Putusan Pengadilan Pajak setpp.kemenkeu.go.id Paragrafs.7.6.0ECD Transfer Pricing Guidelines For Multinational Enterprises and Tax Administration ""Under the arm's length principle,..."
1505,83995,PT BAROID INDONESIA,PUT-013410.15/2019/PP/M.IVA Tahun 2023 DEMI KEADILAN BERDASARKAN KETUHANAN YANG ,2016,Pajak Penghasilan,-,transfer pricing,38,"11,16,17,21,22,27,28,29,51,53,54,56,57,64,65,82,83,95,100,102,105,106,111,112,113,127,134,138,147",29,164,"...n seperti Audit Report, SPT PPh Badan, Laporan Keuangan Auditan, Genera! Ledger, Invoice dan bahkan Transfer Pricing Documentation (TP Doc), yang dilakukan Terbanding, bertentangan dengan ketentuan Pasal 12 ayat 3 UU..."
1506,84078,PT ACER INDONESIA,PUT-015238.15/2020/PP/M.XIIA Tahun 2023 DEMI,2017,Pajak Penghasilan,Menolak,transfer pricing,79,"9,10,11,14,20,22,23,24,25,26,27,28,34,37,40,45,49,50,51,52,53,54,56,57,58,61,62,63,64,66,69,71,72,76,84,85,86,88,89,90,91",41,94,...nya dengan pertimbangan'sebagai berikut: a. Terbanding Tidak Mengungkapkan Alasan Penolakan Metode Transfer Pricing yang Digunakan oleh Pemohon Banding dalam Laporan Penentuan Harga Transfer. b...-Metode Resale Pri...
1507,84168,PT. AIR LI@UIDE INDONESIA,-,2015,Pajak Penghasilan,Mengabulkan sebagian,transfer pricing,12,"22,25,67,91,93,96,100,101,103,108",10,121,"...a pihak afiliasi nya telah memenuhi prinsip kewajaran dan kelaziman usaha sesuai dengan peraturan transfer pricing yang berlaku di Indonesia bahwa selain hal tersebut di atas, Pemohon Banding juga telah menyiapkan..."
1508,84213,-,-,-,Pajak Penghasilan,-,transfer pricing,20,"10,11,29,30,31,32,41,42,44,45,48,58,60,63,64",15,69,"...ndustri .miny: s, berpengaruh terhadap penurunan omzet Pemengan “Yg Na berdasarkan penelitian atas Transfer Pricing Document (""TP Doc”) ahun 2016, Terbanding sependapat dengan Pemohon Banding .N R Pemohon Banding d..."
1509,84346,PT.BEKAERT WIRE INDONESIA,-,2016,Pajak Penghasilan,Mengabulkan seluruhnya,transfer pricing,4,"26,31,34",3,46,"...knis Pemeriksaan Terhadap Wajib Pajak yang Mempunyai Hubungan Istimewa, Bab Il-Tahapan Pemeriksaan Transfer Pricing Halaman 8 angka 1, mengatur: i. Menentukan Karakteristik Usaha Wajib Pajak bahwa setiap Wajib Paj..."
1510,84382,PT. MONDELEZ INDONESIA MANUFACTURING,PUT-000755,2017,Pajak Penghasilan,-,transfer pricing,17,"7,20,21,23,25,30,31,32,36,40,46,48,62,64,66,69",16,79,"...tersebut sejalan dengan analisis fungsi, aset dan risiko pada buku Business-Modelling for Tax and Transfer Pricing Purposes, IBFD halaman 23-24 dan Modul Pemeriksaan DJP Transfer Pricing (seri-1) 2013 halaman 75 me..."
1511,85012,PT-AUTOLIV INDONESIA,PUT-002606.15/2022/PP/M.XXA Tahun 2023 DEMI KEADILAN BERDASARKAN KETUHANAN YANG ,2018,Pajak Penghasilan,Menolak,transfer pricing,30,"10,11,12,17,18,19,35,36,37,38,40,41,49,52,55,63,67,68",18,71,"Development (“OECD”) Guidelines dan juga peraturan perpajakan dan Transfer Pricing yang berlaku di Indonesia, bahwa berdasarkan peraturan pasal 1 UU KUP dan Peraturan Menteri Keuanga..."
1512,85017,PT TEMBAGA MULIA SEMANAN TBK.,PUT-003403.15/2020/PP/M.IVA Tahun 2023 DEMI KEADILAN BERDASARKAN KETUHANAN YANG ,2017,Pajak Penghasilan,Mengabulkan seluruhnya,transfer pricing,12,"44,49,65,70,91,97,99,100,101,102,112",11,133,...erdasarkan kesimpulan mengenai karakter dan substansi usaha:transaksi afiliasi yang diteliti. OECD Transfer Pricing Guidelines. Tanggapan Terbanding Data dan Fakta bahwa berdasarkan Laporan Hasil. Pemeriksaan diket...
1513,85104,PT. Sumitronics Indonesia,PUT-014918.15/2021/PP/M.VB Tahun 2023 PT Sumitronics Indonesia AI,2018,Pajak Penghasilan,Mengabulkan seluruhnya,transfer pricing,25,"16,18,19,20,21,24,26,31,41,43,44,45,49,52",14,55,...saksi dengan pihak yang mempunyai hubungan istimewa sedangkan Pemohon Banding telah membuat dokumen Transfer Pricing untuk membuktikan bahwa transaksi tersebut telah dilakukan dengan harga wajar B.1 Terbanding tidak...
1514,85106,PT. AUTOLIV INDONESIA,PUT-015239.15/2020/PP/M.XXA Tahun 2023 DEMI KEADILAN BERDASARKAN KETUHANAN YANG ,2017,Pajak Penghasilan,Mengabulkan sebagian,transfer pricing,36,"10,23,25,27,28,29,36,62,73,75,82,91,98,100,113,126,141,145,147,149,150,151,159,185,189,190,195,196",28,203,"....626.403,00 dengan alasan sebagai berikut: a. bahwa berdasarkan dokumen PT.Autoliv Indonesia (AID) Transfer Pricing Study Fiscal. Year Ending 12/31/2017 Local File antara lain diketahui hal-hal sebagai berikut: AID..."
1515,85176,PT. Hopax Indonesia,PUT-03151.15 O22IPENM,-,Pajak Penghasilan,Mengabulkan seluruhnya,transfer pricing,12,"9,15,32,36,49,71,73",7,79,...i antar pihak tersebut sehingga memenuhiklausa long-term buy and supply arrangements: bahwa dalam Transfer Pricing Documentation for Financial Year Ended 31 Desember 2016 Pemohon Banding tahun 2016 halaman 41 meny...
1516,85269,PT Ecart Service Indonesia,PUT-000401.15/2020/PP/M.IVA Tahun 2023 DEMI KEADILAN BERDASARKAN KETUHANAN YANG ,2013,Pajak Penghasilan,Mengabulkan seluruhnya,transfer pricing,27,"11,15,17,18,19,20,21,22,23,69",10,73,"...ang-Undang PPh beserta Penjelasannya dijelaskan bahwa kewenangan Terbanding dalam melakukan koreksi transfer pricing hanya dapat dilakukan dalam hal terjadinya penghindaran pajak. Pertanyaannya adalah, apakah dalam k..."
1517,85277,PT Ecart Services Indonesia,PUT-000816.15/2020/PP/M.IVA Tahun 2023,2017,Pajak Penghasilan,Mengabulkan seluruhnya,transfer pricing,19,"27,30,31,35,36,37,38,44,66,79,80,81",12,88,"...p besar tersebut, tidak dapat serta-merta dikaitkan langsung dengan upaya penghindaran pajak dengan transfer pricing, namun perlu diteliti terlebih dahulu dari sudut kondisi perkembangan usaha Pemohon Banding. Dalam..."
1518,85403,PT. BUMI SAWIT PERKASA,PUT-011656.15/2021/PP/M.VB Tahun 2023 DEMI KEADILAN BERDASARKAN KETUHANAN YANG M,2018,Pajak Penghasilan,Mengabulkan sebagian,transfer pricing,8,"10,14,38,46,51,92,93",7,108,...di pembanding.” Pasal 2: (1) Peraturan Jenderal Pajak ini berlaku untuk Penentuan Harga Transfer (Transfer Pricing) atas iransaksi yang dilakukan Wajib Pajak Dalam Negeri atau Bentuk Usaha Tetap di Indonesia dengan...
1519,85606,PT SWADHARMA KERRY SATYA,PUT-012972.15/2020/PP/M.XA Tahun 2023 DEMI KEADILAN BERDASARKAN KETUHANAN YANG M,2017,Pajak Penghasilan,Mengabulkan sebagian,transfer pricing,1,54,1,60,"pajak saja dimana hal ini dibuktikan dengan digunakannya data ORBIS dalam analisis Transfer Pricing (Kewajaran dan Kelaziman Usaha) baik oleh otoritas pajak (DJP) maupun Wajib Pajak, bahwa Majelis b..."
1520,85619,PT SEWU SEGAR NUSANTARA,PUT-013326.15/2020/PP/M.VIB Tahun 2023 DEMI KEADILAN BERDASARKAN KETUHANAN YANG ,2017,Pajak Penghasilan,Mengabulkan sebagian,transfer pricing,12,"18,20,36,52,54,79,85,87,92,107",10,125,"...ang membuktikan bahwa persaingan pasar buah di intemasional sangatlah ketat, bahwa berdasarkan OECD Transfer Pricing Guidelines, paragraf 2.13 — 2.20 dikatakan: “Although this method is potentially available for all..."
1521,85694,PT DAWEE PRINTING INDONESIA,PUT-000758.15/2021/PP/M.XIB Tahun 2023 DEMI KEADILAN BERDASARKAN KETUHANAN YANG ,2016,Pajak Penghasilan,-,transfer pricing,5,"10,53,59,60",4,73,...berian pinjaman kepada afiliasinya tersebut Pemohon Banding telah- mendokumentasikan dalam dokumen transfer pricing sesuai dengan peraturan pajak yang berlaku: bahwa. Pemohon Banding telah memberikan dokumen trans...
1522,85768,PT ACEH DISTRIBUSINDORAYA,PUT-008549.15/2021/PP/M.XIB Tahun 2023 DEMI KEADILAN BERDASARKAN KETUHANAN YANG ,2018,Pajak Penghasilan,-,transfer pricing,3,"21,23,51",3,56,...meriksaan Terhadap Wajib Pajak Yang Mempunyai Hubungan Istimewa Lampiran Bab II Tahapan Pemeriksaan Transfer Pricing: Data dan Fakta bahwa berdasarkan Laporan Hasil Pemeriksaan Nomor “Lap- 000036/WPJ.25/KP.0805/RI...
1523,85803,PT ACEH DISTRIBUSINDORAYA,PUT-013519.15/2020/PP/M.XIB Tahun 2023 DEMI KEADILAN BERDASARKAN KETUHANAN YANG ,2017,Pajak Penghasilan,-,transfer pricing,2,"19,54",2,58,...meriksaan Terhadap Wajib Pajak Yang Mempunyai Hubungan Istimewa Lampiran Bab Il Tahapan Pemeriksaan Transfer Pricing: b. Data dan Fakta bahwa berdasarkan Laporan Hasil Pemeriksaan Nomor Lap- 000037/WPJ.25/KP.0805/...
1524,86044,PT SUN STAR MOTOR,PUT-010482.15/2021/PP/M.IVB Tahun 2023 DEMI KEADILAN BERDASARKAN KETUHANAN YANG ,2018,-,-,transfer pricing,12,"18,26,30,31",4,133,"...egang saham baik langsung ma aa ngsung, 5) bahwa'Pei nding tidak mengisi Lampiran 3A dan tidak nam Transfer Pricing Documentation. Dasar hukum 9) turan Menteri Keuangan Nomor PMK-213/PMK.03/2016 N tentang Jenis Doku..."
1525,86045,PT Satria Bahana Sarana,PUT-011130.15/2021/PP/M.VB Tahun 2023 DEMI KEADILAN BERDASARKAN KETUHANAN YANG M,2018,Pajak Penghasilan,-,transfer pricing,4,"21,27,46,47",4,52,...amkan ca konon keberatan meliputi: No Jenis bukulcatatan/data dan informasi anyaknya Keterangan 1 | Transfer Pricing Document (TP Doc) - - softcopy Asli SPT Tahunan PPh Badai n paj . 2 dan 2019 2 set Beserta Lampiran...
1526,86353,PT Madusari Nusaperdana,PUT-014772.15/2021/PP/MJOCA Tahun 2023 DEMI KEADILAN BERDASARKAN KETUHANAN YANG ,2016,-,-,transfer pricing,11,"60,89,97,125,127,128,129",7,137,...mengatur bahwa: (1) Peraturan Direktur Jenderal Pajak ini berlaku untuk.Penentuan Harga Transfer (Transfer Pricing) atas transaksi yang dilakukan Wajib Pajak Dalam Negeri atau Bentuk Usaha Tetap di Indonesia dengan...
1527,86407,PT ISK Indonesia,PUT-004658.15/2021/PP/M.VB Tahun 2023 DEMI KEADILAN BERDASARKAN KETUHANAN YANG M,2017,Pajak Penghasilan,Mengabulkan sebagian,transfer pricing,7,"14,25,26,36,38,40",6,43,...7: b. bahwa terkait transaksi jasa.intragrup services tersebut juga telah dijelaskan dalam Laporan Transfer Pricing Documentation (TP Doc) untuk tahun 2017. yang telah Pemohon Banding sampaikan kepada Terbanding. Tr...
1528,86491,PT ISK Indonesia,PUT-011945.15/2021/PP/M.VB Tahun 2023 DEMI KEADILAN BERDASARKAN KETUHANAN YANG M,2017,Pajak Penghasilan,Mengabulkan seluruhnya,transfer pricing,10,"7,20,21,28,29,31,32",7,35,"...untansi: bahwa terkait transaksi jasa intragroup services tersebut telah dijelaskan dalam Laporan Transfer Pricing Documentafion (TP DOC) untuk tahun 2018 yang telah Pemohon Banding sampaikan kepada Pemeriksa, se..."
1529,86557,PT. EASTERN PEARL FLOUR MILLS,PUT-007581.15/2019/PP/M.IIA Tahun 2023 DEMI-KEADILAN BERDASARKAN KETUHANAN YANG ,2016,Pajak Penghasilan,-,transfer pricing,17,"6,24,35,43,45,46,48,49,50,51,52",11,54,"...Method (TNMM) yang telah diterapkan sesuai dengan peraturan dan ketentuan yang berlaku: bahwa pada Transfer Pricing Documentations (TPDoc) tahun 2016, Pemohon Banding menggunakan Transactional Net 'Margin“Method (TN..."
1530,86573,PT. Hitachi Astemo Bekasi Powertrain Systems (d/h PT. Keihin,PUT-008421.15/2020/PP/M.XXB Tahun 2023,2016,-,-,transfer pricing,3,"25,71,79",3,92,"...ih lanjut, selama proses pemeriksaan pajak, Pemohon Banding juga telah menyampaikan dokumen berupas Transfer Pricing Documentation — Local File for Financial Year Ended 31 March 2017, di mana pembayaran biaya royalti..."
1531,86598,PT.) Hitachi Astemo Bekasi Powertrain Systems (d/h PT. Keihin,-,2017,Pajak Penghasilan,-,transfer pricing,3,"28,43,65",3,72,"...oftcopy General Ledger tahun 2017 — Dokumen terkait biaya Factory Infra Group""Services - Dokunnen Transfer Pricing tahun 2017 #& Disclaimer . 5 . , . Halaman 28 dari 7. laman Salinan Putusan Pengadilan Pajak ini..."
1532,86613,-,-,2018,Pajak Penghasilan,-,transfer pricing,12,"6,10,11,13,28,30,33,42,46",9,56,"...yang diserahkan: bahwa dasar alokasi yang tidak tepat akan berpengaruh pada kewajaran harga. OECD Transfer Pricing Guidelines.paragraf 7.35 mengatur bahwa "".It may be inappropriate. torapply the mark-up achieved in..."
1533,86614,-,-,2018,Pajak Penghasilan,-,transfer pricing,12,"6,10,11,13,28,30,33,42,46",9,56,"...yang diserahkan: bahwa dasar alokasi yang tidak tepat akan berpengaruh pada kewajaran harga. OECD Transfer Pricing Guidelines.paragraf 7.35 mengatur bahwa "".It may be inappropriate. torapply the mark-up achieved in..."
1534,86620,PT KAWASAKI MOTOR INDONESIA,PUT-013336.15/2019/PP/M.VIA Tahun 2023 DEMI KEADILAN BERDASARKAN KETUHANAN YANG ,2016,Pajak Penghasilan,Mengabulkan sebagian,transfer pricing,50,"18,20,26,32,36,40,43,53,56,76,81,82,83,84,93,99,101,102,104,105,110,121,122,126,129,135,138,140,162,176,177,179,182,195,198,199,202,205,207",39,297,...-kondisi transaksi antara pihak- pihak yang mempunyai hubungan istimewa. menuju ke pemilihan metoda transfer pricing melalui identifikasiipembanding-pembanding yang potensial. dan yang. pada akhirnya suatu kesimpulan...
1535,86630,PT. SOPANUSA TISSUE & PACKAGING SARANASUKSES,PUT-004335.15/2021/PP/M.XIIIA Tahun 2023 DEMI KEADILAN BERDASARKAN KETUHANAN YAN,2018,Pajak Penghasilan,Mengabulkan sebagian,transfer pricing,5,"23,25,26",3,34,"...g dilakukan dengan Wajib Pajak Kontraktor Kontrak Kerja Sama Migas, - bahwa.sesuai dengan Laporan Transfer Pricing Documentation, seluruh transaksi afiliasi Pemohon Banding dilakukan dengan wajib pajak dalam negeri..."
1536,86758,PT. PANGGUNG ELECTRIC CITRABUANA,PUT-006829.15/2021/PP/M.XIIIA Tahun 2023 DEMI KEADILAN BERDASARKAN KETUHANAN YAN,2018,Pajak Penghasilan,Mengabulkan seluruhnya,transfer pricing,1,21,1,42,"...ketika Wajib Pajak melakukan penyerahan berdasarkan permintaan daripihak Huawei dan ZTE. Di dalam transfer pricing documentation,» dijelaskan — bahwa Pelanggan Wajib Pajak baik. pihak independen maupun afiliasi mel..."
1537,86763,PT.Leaders World,PUT-007701.15/2021/PP/M.VB Tahun 2023 PT Leaders World,2018,Pajak Penghasilan,Menolak,transfer pricing,26,"7,8,23,25,27,28,32,33,34,35,36,41,43,44,46,47",16,49,"...oman Pemeriksaan Terhadap Wajib Pajak yang mempunyai Hubungan Istimewa (Bab III, Metode Pemeriksaan Transfer Pricing, huruf D, Metode Laba Bersih Transaksional (TNNM), ROTC Pemohon Banding dibawah rentang (range) 01..."
1538,86798,PT.CHUHATSU INDONESIA,PUT-013505.15/2021/PP/M.IIIA Tahun 2023 DEMI KEADILAN BERDASARKAN KETUHANAN YANG,2018,-,Mengabulkan seluruhnya,transfer pricing,60,"16,17,18,19,25,28,31,32,33,34,45,76,77,78,79,82,84,87,88,90,91,92,97,116,123",25,126,...egara dengan tarif pajak yang lebih rendah disebutkan dalam beberapa literatur sebagai berikut: UN Transfer pricing Manual paragraf 1.2.5 sebagai berikut. “The aim of non-arm's length transfer pricing in such cases...
1539,86852,PT-Hirose Electric Indonesia,-,2013,Pajak Penghasilan,Menolak,transfer pricing,28,"8,13,15,22,31,32,33,34,36,42,45,50,53,58,62,63,68",17,73,"...R: 43/PJI2010 jo. PER-32/PJ/2011 jo. PER-22/PJ/2013. Kajian tersebut didokumentasikan dalam bentuk"" Transfer Pricing Documentation, f Haloman'8 dari 73 PUT-008433. 15/2019/PP/MXVB Tahun 2023 PT Hirose Electric Indon..."
1540,86919,-,PUT-001938.15/2022/PP/M.VB Tahun 2023 PT Medco Daya Sentosa,2018,Pajak Penghasilan,-,transfer pricing,1,11,1,53,"...negeri yang sudah membayarkan dan melaporkan pajaknya di Indonesia, bahwa adapun berdasarkan OECD Transfer Pricing Guidelines. for Multinational Enterprises and Tax Administrations. July 2017 Chapter IV menyatakan..."
1541,86962,-,PUT-003820.15/2021/PP/M.VB Tahun 2023 PT Welgro Feedmill Indonesia,2017,Pajak Penghasilan,Menolak,transfer pricing,5,"9,10,18,20",4,24,...dan royalti tersebut telah memenuhi-kewajaran dan kelaziman usaha sebagaimana yang diatur oleh OECD Transfer Pricing Guidelines. Berikut Pemohon Banding lampirkan Transfer Pricing Documentation per 31 Desember 2017:...
1542,86978,PT AGRI INDOMAS,PUT-004569.15/2021/PP/M.VIIIA Tahun 2023 DEMI KEADILAN BERDASARKAN KETUHANAN YAN,2017,Pajak Penghasilan,Mengabulkan sebagian,transfer pricing,31,"14,15,19,20,21,25,34,35,44,48,49,53,54,59,72,74",16,78,...utama banding'Pemohon Banding adalah sebagai berikut: 1 . Pemohon Banding telah menyusun Dokumen Transfer Pricing (Dokumen TP) tahun 2017 berdasarkan peraturan transfer pricing di Indonesia yang membuktikan kewa...
1543,87204,PT The Master Steel Manufactory,PUT-012936.15/2021/PP/M.VB Tahun 2023 DEMI KEADILAN BERDASARKAN KETUHANAN YANG M,2018,Pajak Penghasilan,-,transfer pricing,11,"6,27,29,30,61,62",6,73,"...KUP, bahwa koreksi Harga Pokok Penjualan sejumlah Rp230.530.241.548 dilakukan berdasarkan analisa Transfer Pricing berdasarkan Pasal.18 ayat (3) UU PPh beserta ketentuan pelaksanaannya. Bahwa'koreksi dilakukan terk..."
1544,87205,PT HEWLETT-PACKARD INDONESIA,PUT-013296.15/2020/PP/M.VA Tahun 2023 DEMI KEADILAN BERDASARKAN KETUHANAN YANG M,2017,Pajak Penghasilan,Mengabulkan sebagian,transfer pricing,7,"11,15,56,64,67",5,79,"...curring) dan tidak berkaitan secara langsung dengan operasi utama dari Pemohon Banding: bahwa OECD Transfer Pricing Guidelines 2017 par 2.86 menyatakan bahwa: ""Non-operatfing items such as interest income and expen..."
1545,87220,PT TSUZUKI INDONES IA MANUFACTURING,PUT-013631.15/2020/PP/M.1118 Tahun 2023 DEMI KEADILAN BERDASARKAN KET UHANAN YAN,2017,Pajak Penghasilan,-,transfer pricing,9,"7,15,35,41,44,52,53",7,77,"...dan spesifikasi yang diperlukan dalam proses produksi dan penjualan produk/parts. Selain itu dalam Transfer Pricing Documentation halaman 17 dinyatakan atas bahan baku, aset tetap, suku cadang, juga berasal dari TSU..."
1546,87254,PT SARIPURI PERMAI HOTEL,PUT-014812.15/2020/PP/M.IIIA Tahun 2023 DEMI KEADILAN BERDASARKAN KETUHANAN YANG,2017,Pajak Penghasilan,Mengabulkan sebagian,transfer pricing,19,"16,17,18,27,41,77,79,80,87,88,90,101,102,103,104",15,107,...biaya management ini merupakan biaya yang masih termasuk wajar “sebagaimana dinyatakan pada Laporan Transfer Pricing Tahun 2017 yang telah disampaikan kepada Fiskus. b.5 bahwa atas pembayaran Biaya Management dimaks...
1547,87262,PT SHINDENGEN INDONESIA,PUT-014834.15/2021/PP/M.VIIIB Tahun 2023 DEMI KEADILAN BERDASARKAN KETUHANAN YAN,2018,Pajak Penghasilan,Mengabulkan seluruhnya,transfer pricing,12,"7,11,12,13,30,34,35,39",8,43,"...bersifat aktual dan didukung bukti yang memadai, e. bahwa Pemohon. Banding telah melakukan Analisa Transfer Pricing dan membuktikan kewajaran Biaya Royalti sesuai dengan ketentuan Pasal 18 (3) Undang-undang Pajak Pe..."
1548,87293,PT BASF CARE CHEMICALS INDONESIA,PUT-016403.15/2020/PP/M.VA Tahun 2023 DEMI KEADILAN BERDASARKAN KETUHANAN YANG M,2017,Pajak Penghasilan,Mengabulkan seluruhnya,transfer pricing,32,"6,12,13,14,24,25,27,29,30,32,33,38,41,43,45,53,59,63,64,65,66,74,75",23,78,"...Biaya Jasa (SC) 1.588.121.679 | Bahwa dalam proses pemeriksaan, Pemohon Banding telah menyerahkan Transfer Pricing Document dan Terbanding (Pemeriksa) telah melakukan penilaian terhadap transfer pricing document P..."
1549,87321,-,-,2015,Pajak Penghasilan,-,transfer pricing,15,"7,8,9,11,13,29,30,31,38,39,41",11,46,...229.00 dengan penjelasan sebagai berik N Pemohon Banding belum disusun sesuai dengan «c peraturan Transfer Pricing yang berlaku di Indonesia. Salah P satunya terkait pemakaian tahun jamak. Pemakaian tahun jamak han...
1550,87439,PT.SUNAN RUBBER,-,2019,Pajak Penghasilan,-,transfer pricing,1,52,1,56,Salinan Putusan Pengadilan Pajak setpp.kemenkeu.go.id bahwa paragraf 3.29.0ECD Transfer Pricing Guidelines menyebutkan: There.are various Sources of information that can be used to identity pote...
1551,87441,PT KYORAKU BLOWMOLDING INDONESIA,PUT-010486.15/2020/PP/M.XVIIIA Tahun 2023 DEMI KEADILAN BERDASARKAN KETUHANAN YA,2014,Pajak Penghasilan,-,transfer pricing,6,"7,8,21,38,45",5,48,"...menagih, dan memelihara penghasilan Pemohon Banding: 2. Pengujian Biaya Royalti melalui Analisis Transfer Pricing a. bahwa alasan koreksi yang dilakukan karena tidak meyakini biaya royaltiiPemohon Banding merupa..."
1552,87484,PT M Class Industry,PUT-012156.15/2021/PP/M.XXB Tahun 2023,2018,Pajak Penghasilan,Mengabulkan seluruhnya,transfer pricing,18,"9,12,16,17,23,24,40,43,44,47,48,53,68",13,75,"2. Koreksi Transfer Pricing Rp7.163.587.137,00 Jumlah Koreksi peredaran usaha Rp7.351.643.182,00 Berikut adalah penjelasan da..."
1553,87488,PT ANEKA TUNA INDONESIA,PUT-013708.15/2021/PP/M.XIIIB Tahun 2023 DEMI KEADILAN BERDASARKAN KETUHANAN YAN,2018,Pajak Penghasilan,Menolak,transfer pricing,21,"9,11,13,32,43,46,47,48,53,54,74,75,76,80,81,84,99",17,103,...rapkan oleh Pemohon Banding: bahwa berdasarkan Lampiran I SE-50/PJ/2013 Bab il Tahapan Pemeriksaan Transfer Pricing huruf B angka 3 huruf a angka 4) huruf a) tentang melakukan pemilihan Profit Level Indicator (PLI)...
1554,87492,PT JASATAMA PETROINDO,PUT-014675.15/2020/PP/M.XVIIIA Tahun 2023 DEMI KEADILAN BERDASARKAN KETUHANAN YA,2017,Pajak Penghasilan,Mengabulkan sebagian,transfer pricing,15,"10,14,15,16,18,20,21,23,31,37,43,52,56",13,61,"...aha Pemohon Banding, . Pemohon Banding Telah Melakukan Analisis Transfer.Pricing bahwa dalam OECD Transfer Pricing Guidelines, pemberian jasa antar perusahaan dalam grup usaha dikenal, sebagai Intra-group Services..."
1555,87516,PT.“AGRKTIMUR MAS,PUT-000759.15/2022/PP/M.XIIB Tahun 2023 DEMI KEADILAN BERDASARKAN KETUHANAN YANG,2018,Pajak Penghasilan,-,transfer pricing,35,"16,17,18,19,20,22,23,28,29,36,49,61,68,70,72,73,81,82,83,84",20,90,"...pada dasamya kebijakan yang diterapkan Pemohon Banding menyesuaikan dengan Pe an perpajakan tentang transfer pricing yang berlaku di Indonesia. Pertama-tama, Pemohon Banding menentukan metode penentuan transfer prici..."
1556,87534,PT.«AGRIXTIMUR MAS,PUT-001876.15/2021/PP/M.XIIB Tahun 2023 DEMI KEADILAN BERDASARKAN KETUHANAN YANG,2017,Pajak Penghasilan,-,transfer pricing,43,"12,13,18,20,25,26,40,43,49,50,53,54,55,58,60,61,70,79,92,93,97,107,112,115,116,117,118",27,138,...dasarkan adat kebiasaan pengusaha yang baik dan memenuhi prinsip kewajaran dibuktikan dengan adanya transfer pricing documents (TP Dokumen) Pemohon Banding yang membuktikan bahwa harga transaksi yang dilakukan Pemoho...
1557,87550,-,PUT-010659.15/,-,-,Mengabulkan sebagian,transfer pricing,43,"11,15,16,18,19,21,22,23,24,27,28,29,31,34,35,37,42,43,57,63,64,73,83,84,85",25,100,...akukan oleh perusahaan yang bukan pemilik merk) menyatakan sebagai berikut: N Par. 6.36 Difficult transfer pricing problems can arise wh bi activities are undertaken by enterprises that do not own Gn Ss Or ibutor...
1558,87653,PT. WILMAR CHEMICAL INDONESIA,PUT-009697.15/2021/PP/M.VA Tahun 2023 PT Wilmar Chemical Indonesia,2018,Pajak Penghasilan,Mengabulkan seluruhnya,transfer pricing,28,"6,7,15,17,18,19,23,24,25,26,28,38,42,44,45,46",16,50,"....atas Biaya Penyesuaian Fiskal Positif sejumlah USD 8.143.400,00, berasal.dari: “hasil pengujian transfer pricing, diperoleh koreksi-atas:transaksi yang terkait hubungan istimewa sebesar USD8.651.334.” Dasar huk..."
1559,87787,PT. Berca Schindler Lifts,PUT-000135.15/2022/PP/M.XIIB Tahun 2023 DEMI KEADILAN BERDASARKAN KETUHANAN YANG,2017,Pajak Penghasilan,-,transfer pricing,9,"22,34,53,54,71,72",6,77,...elakukan analisis kesebandingan dan menguji transaksi dengan Pihak Afiliasi sesuai dengan peraturan Transfer Pricing yang berlaku di Indonesia maupun yang berlaku secara intemasional. TP Doc telah mencakupxrinformasi...
1560,87824,-,PUT-007813.15/2021/PP/MXIIIB Tahun 2023 Salinan Putusan Pengadilan Pajak ini mer,2015,Pajak Penghasilan,-,transfer pricing,6,"9,11,32,35,56",5,60,...dinyatakanbahwa: (1) Peraturan Direktur Jenderal Pajak Ini berlaku untuk Penentuan Harga Transfer (Transfer Pricing) atas transaksi yang dilakukan Wajib Pajak Dalam Negeri atau Bentuk Usaha Tetap di Indonesia denga...
1561,87825,PT MIFA BERSAUDARA,-,2018,-,-,transfer pricing,4,"88,93",2,103,...stimewa (transaksi afiliasi) pada umumnya berada pada transaksi afiliasi antar negara (cross-border transfer pricing) dimana terdapat risiko pengalihan basis pajak di Indonesia ke negara lain yang umumnya disebabkan...
1562,87831,PT-Metrodata Electronics Tbk.,-,2018,Pajak Penghasilan,-,transfer pricing,6,"37,39,42,44",4,63,Salinan Putusan Pengadilan Pajak setpp.kemenkeu.go.id milih Metode Transfer Pricing Nama WP METRODATA ELECTRONICS TBK ENTUAN METODE TRANSFER PRICING INpwp 101.362.742.7-054.000 | RN...
1563,87832,PT Metrodata Electronics Tbk.,PUT-010922.15/2020/PP/M.XXB Tahun 2023,2017,-,Mengabulkan sebagian,transfer pricing,6,"17,20,21",3,61,"...n risiko yang mditanggung dariperusahaan yang paling dominan adalah distributor, 2. Memilih Metode Transfer Pricing Nama WP : METRODATA ELECTRONIES TBK PENENTUAN METODE TRANSFER PRICING INgwp Sumber dala : - SPT..."
1564,87873,PT Kimberiy-Clark.- Indonesia,PUT-014545.15/2021/PP/M.XVA Tahun 2023 PT Kimberly-Clark Indonesia,2018,Pajak Penghasilan,Menolak,transfer pricing,4,"12,25,34,41",4,49,"...dari pihak-pihak yang memiliki hubungan istimewa tidak merugikan Pemohon Banding dari sudut pandang Transfer Pricing Indonesia, Tabel) Table 9-5: Rentang kewajaran / Arm's lenght range”. “1 MTC rata-rata tertimbang..."
1565,87877,PT.OSIMO INDONESIA,PUT-002563.15/2021/PP/M.VA Tahun 2023 DEMI KEADILAN BERDASARKAN KETUHANAN YANG M,2015,Pajak Penghasilan,Mengabulkan seluruhnya,transfer pricing,18,"11,14,15,24,25,28,34,35,36,37,43,46,47,49",14,51,"...acceptable, portfolio approaches must be reasonably targeted as they Should not be used to apply a transfer pricing-method at the taxpayer's company-wide level in those cases where different transactions have differ..."
1566,87903,PT NIKE INDONESIA,PUT-004518.15/2021/PP/M.VIIIA Tahun 2023 DEMI KEADILAN BERDASARKAN KETUHANAN YAN,2017,-,Mengabulkan seluruhnya,transfer pricing,8,"23,37,45,66,77,85,86,87",8,115,...men-dokumen yang disampaikan kepada Terbanding terkait dengan permintaan untuk memberikan dokumen transfer pricing serta perjanjian-perjanjian terkait telah memberikan bukti untuk: e Rincian Transaksi Afiliasi seh...
1567,87974,PT. Lohongka Indonesia,PUT-013559.15/2019/PP/M.IVB Tahun 2022,2016,Pajak Penghasilan,Menolak,transfer pricing,2,"25,57",2,61,...1) Pasal 2 Ayat (1) Peraturan Direktur Jenderal Pajak ini berlaku untuk penentuan Harga Transfer (Transfer Pricing) atas transaksi yang dilakukan Wajib Pajak Dalam Negeri atau Bentuk Usaha Tetap di Indonesia deng...
1568,88148,PT Aneka Bumi Pratama,PUT-000926.15/2022/PP/M.XVA Tahun 2023 PT Aneka Bumi Pratama,2018,Pajak Penghasilan,-,transfer pricing,10,"9,25,49,50,55,57,68,69,101",9,106,"menjadi pembanding.” Selain itu, Pasal 1 ayat (8) juga menyatakan bahwa “Penentuan Harga. Transfer (Transfer Pricing) adalah penentuan harga dalam transaksi antara pihak-pihak yang mempunyai Hubungan Istimewa.” bahwa..."
1569,88156,PT. Crown Beverage Cans Indonesia,PUT-001656.15/2022/PP/M.XXA Tahun 2023 DEMIKEADILAN BERDASARKAN KETUHANAN YANG M,2018,Pajak Penghasilan,Mengabulkan seluruhnya,transfer pricing,13,"8,9,10,11,37,39,48",7,71,"...l 18 ayat (3) beserta penjelasannya tidak tepat, karena dalam hal ini Pemohon Banding telah membuat Transfer Pricing Documentation sesuai dengan ketentuan yang berlaku dan' telah memenuhi prinsip kewajaran dan kelazi..."
1570,88163,PT Premier Distribution,PUT-002626,2017,Pajak Penghasilan,-,transfer pricing,13,"8,13,23,27,28,29,30,33,41,46",10,56,...bahwa Pemohon Banding telah menyiapkan dan menyampaikan Dokumen Analisis Penentuan Harga Transfer (Transfer Pricing Document) pada saat proses pemeriksaan serta proses Keberatan kepada Terbanding: bahwa lebih lan...
1571,88171,PT ALJ TRADING INDONESIA,PUT-003907.15/2021/PP/M.XIA Tahun 2023 DEMI KEADILAN BERDASARKAN KETUHANAN YANG ,2017,Pajak Penghasilan,Mengabulkan sebagian,transfer pricing,1,47,1,68,...mpan Dokumen Penentuan Harga Transfer namun pada kenyataannya Pemohon Banding tidak membuat dokumen Transfer Pricing dimaksud: bahwa Pemohon Banding tidak setuju dengan pendapat Terbanding yang menyatakan antara Pemo...
1572,88311,PT. Feng Tay Indonesia Enterprises,PUT-014548.15/2020/PP/M.XXB Tahun 2023,2014,Pajak Penghasilan,-,transfer pricing,9,"14,24,51,52,61,62,64",7,81,"...an Kena Pajak 208.077.949.173 PPh Terutang 52.109,487.250 2. Pemenuhan Dokumentasi Harga Transfer (Transfer Pricing) Dalam hubungannya dengan Pasal 18 ayat (3) dan'ayat (4) UU PPh serta memenuhi ketentuan Peraturan..."
1573,88320,PT Steel Center Indonesia,PUT-015810.15/2020/PP/M.XXB Tahun 2023,2017,-,-,transfer pricing,8,"11,12,14,15,59,60,87,88",8,124,...Usaha Lainnya tersebut.dengan alasan sebagai berikut: A. Analisa transaksi hubungan istimewa dalam Transfer Pricing Documentation tahun pajak 2017 (“Dokumen Lokal”) menunjukkan bahwa laba Pemohon Banding selama Tah...
1574,88352,PT VOLVO INDONESIA,PUT-002011.15/2021/PP/M.XIVA Tahun 2023 DEMI KEADILAN BERDASARKAN KETUHANAN YANG,2017,Pajak Penghasilan,-,transfer pricing,10,"8,9,32,33,34,35,36,54,63",9,91,...ip Kewajaran dan Kelaziman Usaha sehingga koreksi Terbanding atas Harga Pokok Penjualan terkait isu Transfer Pricing jelas-jelas bertentangan dengan ketentuan peraturan perundang-undangan perpajakan yang berlaku: b...
1575,88367,-,PUT-003273.15/2021/PP/M.VIB Tahun 2023 PT Johnson Home Hygiene Products /,2017,Pajak Penghasilan,-,transfer pricing,29,"13,16,18,28,29,60,61,63,66,67,75,79,80,108,115,122,127,143,151,163",20,171,"...bandingan antara penjualan ke pihak afiliasi dengan penjualan ke pihak independen. Pemilihan metode transfer pricing dengan pendekatan Transactional Net Margin Method (“TNMM"") dan pemilihan profit level indicators (“..."
1576,88406,PT..COLGATE PALMOLIVE INDONESIA,PUT-004981.15120241PPIM.XIVB Tahun 2023 PT. Colgate Palmolive Indonesia,2018,Pajak Penghasilan,-,transfer pricing,5,"11,15,16,17,54",5,62,"...nches in the Territory related to Import Transactions shall be factored intorany adjustments in the transfer pricing pursuant to clause 8.3.” Yang artinya, CPAP sendiri dapat melakukan kampanye pemasaran dan perikla..."
1577,88592,PT GUNTNER INDONESIA,PUT-012468.15/2020/PP/M.XIIIA Tahun 2023 PT Guntner Indonesia,2017,-,Mengabulkan sebagian,transfer pricing,12,"34,40,41,46,49,56,60,82,143",9,160,"...g atau pemilihan metode transfer pricing oleh Pemeriksa, g. Hasil penelitian atas penerapan metode transfer pricing oleh Pemohon Banding atau penerapan mefode transfer pricing oleh Pemeriksa.” Mengacu pada ketentua..."
1578,88594,PT FASHION STUDIO INDONESIA,-,2016,Pajak Penghasilan,Menolak,transfer pricing,2,"40,61",2,86,...ilan Pajak setpp.kemenkeu.go.id 5. Berdasarkan SE-50/PJ/2013 Lampiran | Bab II Tahapan Pemeriksaan Transfer Pricing poin b Transaksi Jasa Intra-Grup (intra-group service) transaksi manajemen fee bukan merupakan keg...
1579,88613,PT.KOMATSU INDONESIA,-,2015,Pajak Penghasilan,-,transfer pricing,21,"4,6,7,17,20,28,30,32,46,48,54,58,60,61,63,70",16,95,"...Penjelasan Koreksi Jumlah Koreksi USD 302,085.00 USD 242,603.00 1. Koreksi atas Peredaran jprka Transfer Pricing 2. Koreksi atas H Pokol 3. Koreksi Eps iskal Positif USD 155,447.54 USD 700,135.54 AE NG Pajak M..."
1580,88620,PT Connel. Bersaudara Chemindo,PUT-015267.15/2020/PP/M.XIIB Tahun 2023 DEMI KEADILAN BERDASARKAN KETUHANAN YANG,2017,Pajak Penghasilan,-,transfer pricing,8,"17,22,55,82,83",5,93,...ding yang telah diaudit tahun 2017 dan telah diterjemahkan dalam Bahasa Indonesia dibawah sumpah - Transfer Pricing Document yang telah diterjemahkan dalam Bahasa Indonesia dibawah sumpah Tahun Pajak 2017 - Rekenin...
1581,88631,-,PUT-016195.15/2020/PP/M.VIB Tahun 2023 DEMI,2017,Pajak Penghasilan,-,transfer pricing,11,"22,59,62,64,66,85,94,130,138,140,141",11,164,"...6, perusahaan tidak melakukan pembayaran komisi penjualan, bahwa berdasarkan penelitian terhadap Transfer Pricing Documentation poin 5.3.6 disebutkan yang diberikan oleh Pemohon Banding diketahui sebagai berikut:..."
1582,88812,PT KEMIRA CHEMICALS INDONESIA,PUT-014360.15/2021/PP/M.VA Tahun 2023 DEMI,2017,-,-,transfer pricing,2,"9,58",2,68,"...a pokok penjualan ke pendapatan. Bahwa atasnilai koreksi sebesar USD548.904, merupakan penyesuaian. Transfer Pricing atas harga transaksi pembelian PTKCI dari.Kemira.Oyj,.dimana atas penyesuaian ini telah disampaikan..."
1583,88838,PT «APM .Leaf Springs Indonesia,PUT-001945.15/2022/PP/M.XVA Tahun 2023 PT APM Leaf Springs Indonesia,2016,Pajak Penghasilan,-,transfer pricing,5,"7,9,23,29,30",5,56,...ok Penjualan yang belum dilaporkan oleh Pemohon Banding. Penjelasan: a. bahwa berdasarkan laporan Transfer Pricing Documentation (“TP Doc”) yang dibuat oleh Pemohon Banding terdapat penyesuaian yang dilakukan atas...
1584,89038,PT. KEMIRA CHEMICALS INDONESIA,PUT-014532.15/2021/PP/M.VA Tahun 2023 DEMI KEADILAN BERDASARKAN KETUHANAN YANG M,2018,Pajak Penghasilan,Mengabulkan seluruhnya,transfer pricing,23,"7,10,14,15,16,18,20,28,33,36,39,40,49,51,59,65,76,79",18,89,...okumen Lokal. hal. 23 disebutkan Metode Laba Bersih Transaksional (TNMM) diterapkan sebagai metode transfer pricing eksternal: bahwa berdasarkan Dokumen lokal hal. 26 disebutkan margin laba operasi/pengembalian p...
1585,89185,-,PUT-011188.15/2018/PP/M.XVIIIB Tahun 2022 DEMI KEADILAN BERDASARKAN KETUHANAN YA,2015,Pajak Penghasilan,Mengabulkan sebagian,transfer pricing,4,"23,24,25,49",4,143,"...baik yang mau menjamin utang perusahaan lain tanpa ada imbalan: bahwa selanjutnya pasa! 7.13 OECD Transfer Pricing Guidelines yang juga dikutip Fiskus, selengkapnya berbunyi: ....an associated enterprise shold not..."
1586,89192,PT Essence Indonesia,PUT-012268.15/2021/PP/M.XVA Tahun 2023 PT Essence Indonesia,2018,Pajak Penghasilan,Mengabulkan seluruhnya,transfer pricing,14,"7,11,37,39,40,44,54,58",8,64,"...a tax administration as the basis for a.transferpricing adjustment or by a faxpayer to support its transfer pricing policy."" Dasar hukum: - Pasal 6 ayat (1)WU PPh - Pasal 9UU PPh - Pasal 12 ayat (3) UU KUP - Pa..."
1587,89196,PT PREMIER DISTRIBUTION,PUT-013138.15/2021/PP/M.XIVA Tahun 2023 DEMI KEADILAN BERDASARKAN KETUHANAN YANG,2018,Pajak Penghasilan,Mengabulkan seluruhnya,transfer pricing,8,"22,49,55,58,59,71",6,81,"...a Pemohon Banding juga telah menyiapkan dan menyampaikan Dokumen Analisis Penentuan Harga Transfer (Transfer Pricing Document) sebagaimana telah Pemohon Banding serahkan pada saat Pemeriksaan, bahwa Pemilihan Perus..."
1588,89217,-,PUT-016223.15/2020/PP/M.XVIIIA Tahun 2023 DEMI KEADILAN BERDASARKAN KETUHANAN YA,2017,Pajak Penghasilan,Mengabulkan seluruhnya,transfer pricing,1,11,1,52,"...a memanfaatkan technical knowledge atau technical assistance tersebut, bahwa sesuai dengan dokumen Transfer Pricing tahun 2017 yang telah disampaikan kepada Terbanding, terdapat hasil analisa kesebandingan atas kewa..."
1589,89290,PT. ALP PETRO INDUSTRY,-,2017,Pajak Penghasilan,-,transfer pricing,5,"14,28,35,39,41",5,44,"...B Peraturan Direktur Jenderal Pajak Nomor PER-22/PJ/2013 mengatur : “Dalam pelaksanaan pemeriksaan transfer pricing, Pemeriksa Pajak perlu memperhatikan dokumen yang menjadi dasar penerapan prinsip kewajaran dan kel..."
1590,89360,PT. SUMI INDO KABEL Tbk.,PUT-000387.15/2021/PP/M.VB Tahun 2023 DEMI KEADILAN BERDASARKAN KETUHANAN YANG M,2017,Pajak Penghasilan,Mengabulkan seluruhnya,transfer pricing,18,"5,7,8,16,21,22,28,34,35,38,39",11,42,...ohon Banding berpendapat bahwa Pemohon Banding telah melakukan upaya besar untuk mematuhi peraturan transfer pricing di Indonesia. Pemohon Banding dengan hormat menyatakan kepada Majelis Hakim Pengadilan Pajak bahwa...
1591,89364,PT Hagihara Westjava Industries,PUT-000641.15/2021/PP/M.IB Tahun 2023 PT Hagihara Westjava Industries SI,2017,Pajak Penghasilan,Mengabulkan seluruhnya,transfer pricing,30,"8,12,18,37,38,39,41,48,57,64,70,90,91,92,94,98,102,116,117,118,119,121,146",23,153,...rkan pengujian sesuai pendekatan kewajaran transaksi afiliasi atau koreksi Peredaran Usaha menurut Transfer Pricing. / Halamari 8 dari 153 halaman. Putusan Nomor: PUT-000641.15/2021/PP/M.IB Tahun 2023 PT Hagihara W...
1592,89370,-,PUT-000974.15/2021/PP/M.VB Tahun 2023 DEMI KEADILAN BERDASARKAN KETUHANAN YANG M,2014,Pajak Penghasilan,Mengabulkan seluruhnya,transfer pricing,25,"5,6,11,15,16,17,20,23,27,29,34,35,37,44,45,48,50",17,53,...ohon Banding berpendapat bahwa Pemohon Banding telah melakukan upaya besar untuk mematuhi peraturan transfer pricing di Indonesia. Pemohon Banding dengan hormat menyatakan kepada Majelis Hakim Pengadilan Pajak bahwa...
1593,89435,PT.Coats Rejo Indonesia,PUT-007980.15/2021/PP/M.VB Tahun 2023 PT Coats Rejo Indonesia,2018,Pajak Penghasilan,Menolak,transfer pricing,27,"7,18,19,22,25,31,34,38,42,43,45,57,60,62,63,65,66,69,70",19,72,"...l barang:jadinya kepada pembeli: . bahwa manfaat yang didapat oleh Pemohon Banding sesuai Dokumen Transfer Pricing: a. Peningkatan penjualan.produk, b. Memiliki akses basis data ke informasi yang berguna bagi CRI u..."
1594,89475,PT Firmenich Indonesia,PUT-010660.15/2020/PP/M.IB Tahun 2023 DEMI KEADILAN BERDASARKAN KETUHANAN YANG M,2016,Pajak Penghasilan,-,transfer pricing,12,"11,12,27,40,48,49,65,68,69",9,86,...Dalam Pembahasan akhir Pemohon Banding telah menjelaskan dengan bukti pendukung mengenai Pengujian Transfer Pricing. Terbanding membatalkan koreksi Peredaran Usaha sebesar Rp 23.517.359.602 sehingga perhitungan ko...
1595,89519,PT RIAU.JAGUNG KARYA ABADI,PUT-011603.15/2021/PP/M.XIIB Tahun 2023 DEMI KEADILAN BERDASARKAN KETUHANAN YANG,2018,Pajak Penghasilan,-,transfer pricing,8,"14,18,46,69,76,82",6,96,"...pembanding.” Pasal 2: “(1) Peraturan Jenderal Pajak ini berlaku untuk «Penentuan. Harga Transfer (Transfer Pricing) atas transaksi yang. dilakukan Wajib Pajak Dalam Negeri atau Bentuk""Usaha Tetap di Indonesia denga..."
1596,89635,-,PUT-013632.15/2020/PP/M.XXA Tahun 2023 DEMI KEADILAN BERDASARKAN KETUHANAN YANG ,2016,Pajak Penghasilan,Mengabulkan seluruhnya,transfer pricing,12,"19,20,21,77,78,80,87,106,107",9,113,...bah dengan PER DJP No. 32/PJ/2010 4selanjutnya-disebut “PER 43 Revisi”) j.o. paragraf 2.2.0ECD 2010 Transfer Pricing Guidelines for Multinational Enterprises and Tax Administration (selanjutnya disebut “OECD Guidelin...
1597,89670,PT PANASONIC GOBEL LIFE SOLUTIONS SALES INDONESIA,PUT-007299.15/2021/PP/M.IB Tahun 2023 DEMI KEADILAN BERDASARKAN KETUHANAN YANG M,2017,Pajak Penghasilan,Mengabulkan sebagian,transfer pricing,28,"13,16,24,25,36,48,49,53,66,77,78,90,106,109,110,111,115,116,128,132,133,137,156,165,170",25,176,"...ses pengujuan atas kewajaran transaksi afiliasi sebagaimana tertuang dalam Kertas Kerja Pemeriksaan Transfer Pricing sesuai PER-22/PJ/2013. e Bahwa inter-guartile range ROS menurut Terbanding berada di 5,446 sampai..."
1598,89740,PT PAITON ENERGY,PUT-003313.15/2020/PP/M.XVIB Tahun 2023 DEMI KEADILAN BERDASARKAN KETUHANAN YANG,2015,Pajak Penghasilan,-,transfer pricing,36,"9,14,20,26,36,46,51,52,61,72,75,76,78,81,91,98,99,102,107",19,135,...ak sebagian penyesuaian Pemohon Banding dengan rincian sebagai berikut: (1) Paiton 7/8 Dokumentasi transfer pricing Pemohon Banding: Paiton 7/8 Bond findenture) USEXIM facility | JEXIMfacility | OPIC Facility Isu...
1599,89768,PT PAITON,PUT-007030.15/2020/PP/M.XVIB Tahun 2023 DEMI KEADILAN BERDASARKAN KETUHANAN YANG,2017,Pajak Penghasilan,Mengabulkan sebagian,transfer pricing,28,"13,15,23,28,35,39,50,51,54,61,63,74",12,81,...Banding menyampaikan. Analisis Suku Bunga Utang Subordinasi Paiton 7 &.8 dan Paiton 3. Dokumentasi Transfer Pricing telah disampaikan kepada Terbanding sesuai dengan Lampiran 3B-1 SPT Tahunan PPh Badan: bahwa. sesu...
1600,89811,PT. PAITON ENERGY,-,2016,Pajak Penghasilan,-,transfer pricing,20,"9,11,12,18,19,20,21,22,23,28,30,43,48,51,52",15,59,"...dasar koreksi: bahwa penyesuaian yang telah diterima soleh Terbanding yang didapatkan dari dokumen transfer pricing Pemohon Banding adalah sebesar 1,34 sampai dengan. 4,7” yang merupakan penyesuaian sebagai berikut:..."
1601,89839,PT @uiksilver Indonesia,PUT-003204.15/2019/PP/M.IVB Tahun 2023 DEMI KEADILAN BERDASARKAN KETUHANAN YANG ,2015,Pajak Penghasilan,-,transfer pricing,14,"10,12,14,19,36,63,72,77,78",9,89,"...n, b) Biaya management service telah memenuhi. semua persyaratan yang ditetapkan dan diuji melalui Transfer Pricing Documentation serta telah disimpulkan secara benar dan wajar sesuai prinsip kewajaran dan kelaziman..."
1602,89909,PT.KT Trading,PUT-009613.15/2021/PP/M.IIIA Tahun 2023 DEMIKEADILAN BERDASARKAN KETUHANAN YANG ,-,Pajak Penghasilan,Mengabulkan sebagian,transfer pricing,32,"16,18,22,23,40,41,49,51,57,59,63,71,72,88,89,95,101",17,135,"...nding: memilih untuk mengatribusikan ke Pos-Pos Harga Pokok Penjualan (sesuai dengan tingkat resiko transfer pricing) sebagai berikut: a) bahwa koreksi sebesar USD4.067.086,00 diatribusikan ke biaya royalti bahwa at..."
1603,89920,PT. G-TEKT Indonesia Manufacturing,PUT-013892.15/2021/PP/M.XXB Tahun 2023,2017,-,-,transfer pricing,15,"9,11,13,14,19,29,31,41,54,55,66,67,70,88",14,95,...eban Pemohon Banding. Terbanding berpendapat bahwa koreksi yang dilakukan belum sampai ke pengujian Transfer Pricing namun barw sampai pada kebenaran secara legal dan formal. Setelah. kebenaran legal formal terpenuhi...
1604,89953,PT KT TRADING,PUT-008508.15/2020/PP/M.IIIA Tahun 2023 PT KT Trading,2016,Pajak Penghasilan,Mengabulkan seluruhnya,transfer pricing,9,"44,67,73,82,95",5,99,"...-52. Bukti P-53. Bukti P-54. Bukti P-55. Recipe/Techno Files Tahun 2012, 2013, 2014, 2015 dan 2018 Transfer Pricing Documentation Tahun Pajak 2016 Kutipan Lampiran 1 huruf C Nomor 7 S-153/PJ.04/2010 Kutipan Buku T..."
1605,90187,PT.AT INDONESIA,PUT-003775.15/2021/PP//M.XIVB Tahun 2023 bukti melakukan upaya hukum dan tidak a,2018,Pajak Penghasilan,-,transfer pricing,7,"7,15,18",3,55,"...banding menilai bahwa pembebanan biaya royalti tersebut tidak memenuhi paragraf 6.5 dam 6.14 OECD Transfer Pricing Guidelines for Multinational Enterprises and Tax Administration -2010, serta prinsip kewajaran dan..."
1606,90211,PT APTAR B&H INDONESIA,PUT-004520.15/2021/PP/M.XIIIB Tahun 2023 DEMI KEADILAN BERDASARKAN KETUHANAN YAN,2017,Pajak Penghasilan,-,transfer pricing,35,"26,33,39,46,51,52,55,107,117,118,122,127,130,135,140,146,150,155,163,199,200",21,210,"...s penjelasan tertulis tersebut (Faktur Pajak, Invoice, Kontrak/perjanjian, SPK). e Dokumen terkait Transfer Pricing: Transfer Pricing Documentations tahun 2017, kontrak/perjanjian dengan pihak yang mempunyai. hubung..."
1607,90268,PT BENTOEL PRIMA,PUT-015661.15/2020/PP/M.XIIIA Tahun 2023 PT Bentoel Prima,2017,-,Mengabulkan sebagian,transfer pricing,1,61,1,141,"...dokumen TP baru disampaikan kepada Pemeriksa pada bulan-Mei (1 bulan sebelum SPHP, “ bahwa terkait Transfer Pricing, Terbanding (Penelaah Keberatan) telah meminta dokumen laporan segmentasi yang seharusnya dijadikan..."
1608,90282,PT SUPER STEEL KARAWANG,PUT-000607.15/2021/PP/M.IIIB Tahun 2023 DEMI KEADILAN BERDASARKAN KETUHANAN YANG,2017,Pajak Penghasilan,Mengabulkan seluruhnya,transfer pricing,42,"9,25,32,33,34,53,62,69,73,74,75,79,80,82,83,84,85,86,88,97,121,123,124,128,129,131,133",27,144,"...esebandingan sendiri dengan menggunakan pendekatan yang berbeda dengan analisis kesebandingan dalam Transfer Pricing Documentation (“Dokumen Lokal”) Tahun Pajak 2017 Pemohon Banding, bahwa perbedaan pendekatan yang..."
1609,90296,PT. TAMCO INDONESIA,PUT-004380.15/2021/PP/M.IIIB Tahun 2023 DEMI KEADILAN BERDASARKAN KETUHANAN YANG,2016,Pajak Penghasilan,Mengabulkan sebagian,transfer pricing,57,"11,14,16,17,18,20,23,29,31,33,34,35,37,40,44,51,53,58,61,63,64,65,67,69,73,77,81,85,90,91,92,96,97,101,102,108,110,111,113",39,123,"...ductor & Communication Co. Ltd. dengan alasan perusahaan tersebut rugi dan tidak sesuai dengan OECD Transfer Pricing Guidelines. Menurut Pemohon Banding, Pemohon Banding sudah melakukan proses pencarian data pembandi..."
1610,90514,PT AUTO ASKA INDONESIA,PUT-002993.15/2020/PP/M.XVIIIA Tahun 2023 DEMI KEADILAN BERDASARKAN KETUHANAN YA,2016,Pajak Penghasilan,-,transfer pricing,1,21,1,54,".../PJ/2013 jo “SE- 65/PJ/2013. Selain itu dilakukan penerapanmrprinsip kewajaran dan kelaziman usaha (transfer pricing) pada.transaksi afiliasi dengan menggunakan metode TNMM sesuai Pasal 18 ayat (3) UU PPh,"
1611,90729,PT LEDO LESTARI,PUT-007138.15/2019/PP/M.XVIIIA Tahun 2023 DEMI KEADILAN BERDASARKAN KETUHANAN YA,2013,Pajak Penghasilan,Mengabulkan sebagian,transfer pricing,1,57,1,84,Bab II perihal Tahapan Pemeriksaan Transfer Pricing Lampiran ! SE-DJP No. SE-50/PJ/2013 bagian B angka 3 huruf d tentang Transaksi Pembayaran Bunga men...
1612,90760,PT: AGRI HIKAY INDONESIA,-,2016,Pajak Penghasilan,Mengabulkan sebagian,transfer pricing,18,"15,16,17,22,25,36,37,45,48,51,52",11,66,...an karena mengabaikan bukti yang disampaikan yaitu bukti dari pihak ketiga berupa Audit Report dan Transfer Pricing Documentation yang membuktikan bahwa transaksi yang Pemohon Banding lakukan wajar dan tidak ada ind...
1613,90809,PT: JOHAN SENTOSA,PUT-000694.15/2021/PP/M.XIIB Tahun 2023 DEMI KEADILAN BERDASARKAN KETUHANAN YANG,2014,Pajak Penghasilan,-,transfer pricing,3,"40,41,44",3,123,"...A. Prinsip Kewajaran dan Kelaziman Usaha (Arm's Length Principle/ALP) Dengan demikian, Pemeriksaan transfer pricing terhadap transaksi afiliasi pada hakikatnya adalah suatu pengujian atas penerapan prinsip kewajar..."
1614,90810,PT SHARP. SEMICONDUCTOR INDONESIA,PUT-002454.15/2022/PP/M.XIIB Tahun 2023 DEMI KEADILAN BERDASARKAN KETUHANAN YANG,2018,Pajak Penghasilan,Mengabulkan sebagian,transfer pricing,46,"8,9,10,12,13,14,15,17,21,31,35,36,37,39,43,49,51,57,58,59,60,62,66,71,72,73,76,80,89",29,92,...telah menyelenggarakan dan mendokumentasikan kewajaran transaksi afiliasi sesuai dengan peraturan Transfer Pricing yang berlaku: Disclaimer Salinan Putusan Pengadil bukti melakukan upaya bahwa berdasarkan Laporan...
1615,90811,PT. Andalan Mandiri Busana,PUT-004974.15/2019/PP/M.IVB Tahun 2023 DEMI KEADILAN BERDASARKAN KETUHANAN YANG ,-,-,-,transfer pricing,4,"44,57,58,60",4,64,"...indakan yang sewenang-wenang, Lampiran PER-22/PJ/2013 . mengenai Tahapan Pelaksanaan Pemeriksaan Transfer Pricing, dalam menerapkan prinsip kewajaran dan kelaziman usaha bahwa meningkatkan — kesebandingan dapat d..."
1616,90996,PT. INDO .KORDSA TBK,PUT-005141.15/2022/PP/M.XXA Tahun 2023 DEMI KEADILAN BERDASARKAN KETUHANAN YANG ,2016,Pajak Penghasilan,Menolak,transfer pricing,62,"20,22,23,24,27,28,31,40,42,43,58,72,74,75,84,86,87,90,91,94,95,104,105,107,108,109,115,121,122,123,124,126,127,128",34,130,"...ohon Banding telah memenuhi prinsip""kewajaran dan kelaziman usaha. Selain itu, Paragraf 3.60 OECD Transfer Pricing Guidelines 2017 (OECD TP Guidelines) menyebutkan bahwa: “If the relevant condition of the controlle..."
1617,91133,PT Karya Tangan Indah,PUT-004258.15/2019/PP/M.IVB Tahun 2023 DEMI KEADILAN BERDASARKAN KETUHANAN YANG ,2016,Pajak Penghasilan,Mengabulkan seluruhnya,transfer pricing,9,"26,30,31,36,40,41",6,50,"...(5) Analisis Fungsi, Aset dan Risiko (FAR), (6) Karakteristik Usaha Wajib Pajak, b) Memilih Metode Transfer Pricing (1) Identifikasi Ketersediaan Pembanding, (2) Pemilihan Pihak yang Diuji dan Metode Transfer Pricin..."
1618,91156,-,PUT-000663.15/2020/PP/M.IA Tahun 2023 PT. Microsoft Indonesia,2013,Pajak Penghasilan,-,transfer pricing,11,"31,39,45,73,77,80,82,83",8,130,".../2010 tanggal 31 Maret Aa uan Pemeriksaan Kewajaran Transaksi m3 Or Da Cooperation and Development Transfer Pricing (e ines ara TPG), Tanggapan Terbanding bahwa berdasarkan hasil penelitian atas koreksi Pemeriksa..."
1619,91182,PT Premier International,PUT-006023.15/2022/PP/M.IA Tahun 2023 Ta PT. Premier International,2016,Pajak Penghasilan,-,transfer pricing,2,"60,62",2,69,...sebagaimana dimaksud Pasal 1 N opa n Menteri ini yang dimaksud dengan: ntuan Harga Transfer atau Transfer Pricing yang selanjutnya disebut Penentuan Harga Transfer adalah penentuan harga dalam Transaksi Afiliasi....
1620,91183,-,-,2017,Pajak Penghasilan,-,transfer pricing,33,"9,16,17,22,39,44,45,46,51,55,59,60,64,97,101,102,113",17,115,...etpp.kemenkeu.go.id A.2. Koreksi atas Peredaran Usaha terkait dengan Kewajaran dan Kelazima nsaksi Transfer Pricing sebesar Rp 144.375.564.412 ana Banding tidak setuju dan keberatan dengan koreksi positif ejumla h...
1621,91209,PT KT TRADING,-,2017,-,-,transfer pricing,16,"14,15,16,26,27,68,74,75,76,83,91,92,93,99,115",15,136,"...lam penentuan metode CPM sebagai metode untuk menilai kewajaran transaksi afiliasi Pemohon Banding (transfer pricing) dan juga penentuan pembanding yang dilakukan Terbanding, telah sesuai dengan PER 43/PJ/2010 's.t.d..."
1622,91273,PT “ALAMRAYA KENCANA MAS,PUT-000769.15/2022/PP/M.IIB Tahun 2023 DEMI KEADILAN BERDASARKAN KETUHANAN YANG ,2018,Pajak Penghasilan,-,transfer pricing,3,"5,38,41",3,62,"...EY dalam hal kelaziman dan kewajaran di dalam penentuan harga tersebut. Sesuai dengan hasil Dokumen Transfer Pricing yang disusun oleh EY, transaksi pinjaman dana tersebut telah memenuhi arm's length principle, c. b..."
1623,91363,PT TUPPERWARE INDONESIA,PUT-000561.15/2022/PP/M.VIIIA Tahun 2023 DEMI KEADILAN BERDASARKAN KETUHANAN YAN,2018,-,Mengabulkan sebagian,transfer pricing,39,"9,10,11,41,43,49,52,53,56,65,66,67,75,76,77,78,83,91,94,100,110,111,134,140,141,143,144,145,147,153",30,167,...a kepada Dart Industries Inc. (DII) dan Tupperware Brands Korea Lid. (TBK) telah memenuhi peraturan transfer pricing Indonesia bahwa menurut Peraturan Direktur Jenderal Pajak Nomor. PER-22/PJ/2014 dan Surat Edaran...
1624,91364,PT MONDELEZ INDONESIA TRADING,PUT-000642.15/2021/PP/M.XXA Tahun 2023 DEMI KEADILAN BERDASARKAN KETUHANAN YANG ,2017,Pajak Penghasilan,-,transfer pricing,12,"14,21,24,25,27,28,29",7,103,...g cukup C. Koreksi yang dilakukan oleh Terbanding tidak sesuai dengan aturan perpajakan dan Pedoman Transfer Pricing OECD yang beriaku D. Tidak seharusnya Pemohon Banding diremunerasi oleh pemilik merek atas pemasara...
1625,91369,PT KRAMA YUDHA TIGA BERLIANMOTORS,PUT-001174.15/2020/PP/M.IIIA Tahun 2022 DEMI KEADILAN BERDASARKAN KETUHANAN YANG,2016,Pajak Penghasilan,Mengabulkan sebagian,transfer pricing,122,"29,30,34,35,36,37,38,39,43,48,49,51,52,53,54,57,58,59,62,63,64,106,107,112,114,116,117,118,174,175,176,178,179,180,181,183,184,185,186,187,188",41,206,"...Terbanding dalam melakukan analisis transfer pricing tidak jelas, ! 1)Bahwa untuk menentukan harga Transfer Pricing, Terbanding menggunakan Profit Level Indikator Gross Margin to Sales: 2) Bahwa metode Transfer Pri..."
1626,91443,PT ADIDAS INDONESIA,PUT-006890.15/2021/PP/M.XIIB Tahun 2023 DEMI KEADILAN BERDASARKAN KETUHANAN YANG,2016,-,Mengabulkan sebagian,transfer pricing,31,"15,18,25,26,30,34,40,43,44,50,52,54,55,58,69,104,107,114,116,125",20,129,"...e associated enterprises, the actual transaction should generally be delineated for purposes of the transfer pricing analysis in accordance with the characteristics of ihe transaction reflected in the conduct of the..."
1627,91497,PT«JINDAL STAINLESS INDONESIA,-,2018,Pajak Penghasilan,Menolak,transfer pricing,17,"6,9,13,16,19,21,27,30,31,32,38,39",12,42,"...laku: 9. Terkait alasan Pemohon Banding yang menyebutkan bahwa Terbanding dalam menghitung koreksi transfer pricing tersebut menurut Pemohon Banding.belum mensegmentasi pembelian dan penjualan ke. pihak terafiliasi,..."
1628,91539,PT. Paxar Indonesia,PUT-011505.15/2021/PP/M.XXB Tahun 2023,2018,Pajak Penghasilan,Mengabulkan sebagian,transfer pricing,9,"19,23,69,74,89,96,127,144,152",9,162,"...hun 2018, 2. SPT Tahunan PPh Badan Tahun pajak 2018 beserta lampiran yang dipersyaratkan, Dokumen transfer pricing tahun pajak 2018, Corporate service centres Agreement: Non-Exclusive License and Supply Agreement..."
1629,91557,-,-,2017,Pajak Penghasilan,-,transfer pricing,1,58,1,64,"...gketa pembuktian dan yuridis: AKG bahwa dalam persidangan Pemoho m Parauran bukti-bukti berupa: 1. Transfer Pricing Document 2. Perjanjian Wa is antara Pemohon Banding dengan Idemitsu Kosan NP ggal 1 Oktober 2005,..."
1630,91558,PT BOOKING INDONESIA,PUT-012915.15/2021/PP/M.XIIIA Tahun 2023 Salinan Putusan Pengadilan Pajak ini me,2015,Pajak Penghasilan,-,transfer pricing,13,"5,8,9,10,15,19,22,23,24,25,28",11,31,"...rusahaan pembanding sebesar 2.77 persen. Terbanding sepakat dengan perusahaan pembanding dan metode Transfer Pricing yang tertuang di dalam TP Doc Pemohon Banding untuk Tahun Pajak 2015, namun tidak sepakat dengan. n..."
1631,91568,PT Steel Center Indonesia,PUT-014399.15/2021/PP/M.XXB Tahun 2023,2018,-,Mengabulkan sebagian,transfer pricing,12,"9,13,20,34,36,37,40,44,56,58",10,82,"...lam analisis kesebandingan berbeda dengan pendekatan analisis kesebandingan Pemohon Banding dalam Transfer Pricing Documentation (“Dokumen Lokal”) tahun pajak 2018, bahwa pada dasarnya Pemohon Banding dan Terband..."
1632,91582,-,PUT-014916.15/2020/PP/M.XXA Tahun 2023 DEM Rx ERDASARKAN KETUHANAN YANG MAHA ESA,2017,Pajak Penghasilan,-,transfer pricing,6,"64,92,94,95",4,100,...Banding telah menyampaikan bukti bukti berupa service report dan laporan N berupa Dokumen Lokal — Transfer Pricing yang dipe 4 IR pemeriksa untuk menguji kewajaran a NB) a tersebut: Ulx NO Disclaimer Salinan Put...
1633,91597,PT. SONOCO INDONESIA,PUT-015643.15/2020/PP/M.XVIA Tahun 2023,2017,Pajak Penghasilan,Mengabulkan sebagian,transfer pricing,10,"32,35,51,57,58,79,80",7,117,"...mi bagi Pemohon Banding. b. Melakukan penghitungan kewajaran pembayaran jasa 10) Chapter VII OECD Transfer Pricing Guidelines for Multinational Enterprises and Tax Administrations 2010 ""Special-Considerations for..."
1634,91638,-,PUT-007049.15/2022/PP/M.VB Tahun 2023 PT Avery Dennison Indonesia berdasarkan Su,2018,Pajak Penghasilan,-,transfer pricing,1,21,1,92,"Salinan Putusan Pengadilan Pajak setpp.kemenkeu.go.id Dalam pelaksanaan pemeriksaan transfer pricing, pemeriksa pajak ea atikan dokumen yang menjadi dasar penerapan prinsip S an kelaziman usaha pada..."
1635,91702,PT VALVOLINE LUBRICANTS AND CHEMICALS INDONESIA,PUT-015864.15/2020/PP/M.VIA Tahun 2023 DEMI KEADILAN BERDASARKAN KETUHANAN YANG ,2017,-,-,transfer pricing,1,93,1,100,"...L - 214139 bahwa Pemohon B ang an pencatatan akrual terkait dengan transaksi Koi Ja pan dalam hal Transfer Pricing 2016 sebesar U 0,0 u sebesar Rp153.088.000,00. Namun, pada saat invoice, terdapat perbedaan kurs..."
1636,91725,PT. BANK HSBC INDONESIA d.h. THE HONGKONG AND SHANGHAI,PUT-003701.15/2022/PP/M.IIIB Tahun 2023 DEVI KEADILAN BERDASARKAN KETUHANAN YANG,2016,Pajak Penghasilan,-,transfer pricing,12,"23,28,29,57,61,86,104,105,109,111",10,124,"...eh PwC Hong dan The Hong Kong and Shanghai Banking CoRporation ed — Cabang Indonesia, Dokumen Lokal Transfer Pricing untuk Tahun Pajak yang berakhir pada tanggal 31 Desember 2016, bahwa Terbanding menggunakan key all..."
1637,91796,PT Nagase lmpor-Ekspor Indonesia,PUT-002617 .15/2022/PP/M.IA Tahun 2023 DEMI KEADILAN BERDASARKAN KETUHANAN YANG ,2018,Pajak Penghasilan,-,transfer pricing,49,"17,18,24,27,33,37,55,56,58,59,60,61,65,68,71,72,73,77,79,81,87,89,91,92,94,105,107,115,116,120,122",31,129,"...p uai dengan ketentuan perpajakan, sebagai berikut: p ab'Il huruf A PER-22: N “Dalam Pemeriksaan transfer pricing, tahapan persiapan dilakukan R sesuai dengan tata cara Pemeriksaan yang berlaku. Hal g perlu diperh..."
1638,91890,PT Sawit” Sumbermas Sarana Tbk.,-,2019,Pajak Penghasilan,Mengabulkan seluruhnya,transfer pricing,7,"26,27,49,53,62,68",6,72,"...iksaan, bahwa Pemeriksa melakukan koreksi sebesar Rp69.253.722.839,00 berdasarkan hasil pengujian. “Transfer Pricing sesuai prinsip kewajaran dan kelaziman usaha atas penyerahan dan harga jual ke pihak affiliasi deng..."
1639,91891,-,PUT-004962.15/2022/PP/M.XXA Tahun 2023 DEMI KEADILAN BERDASARKAN KETUHANAN YANG ,2018,Pajak Penghasilan,-,transfer pricing,9,"34,35,75,76,81,87,95",7,99,"...erti ini adalah umum dalam grup perusahaan multinasional bahwa Pedoman Harga Transfer OECD (""OECD Transfer Pricing Guidelines"") menyoroti bahwa pembebanan untuk jasa dalam grup multinasional adalah praktik bisnis u..."
1640,91893,PT'NU SKIN DISTRIBUTION INDONESIA,PUT-006809.15/2022/PP/M.XXA Tahun 2023 DEMI KEADILAN BERDASARKAN KETUHANAN YANG ,2019,Pajak Penghasilan,-,transfer pricing,45,"13,14,15,20,23,24,25,27,30,33,46,55,58,60,63,68,73,76,77,80,83,86,92,93,101,102",26,106,"...Pajak bahwa pada proses keberatan pajak, diketahui bahwa Terbanding tetap mempertahankan,koreksi, Transfer Pricing sebesar Rp 18.567.547.405,00 dengan alasan sebagai berikut: 1. Terbanding melakukan koreksi atas..."
1641,91894,PT. REFINITIV SERVICES INDONESIA,PUT-010517.15/2021/PP/M.XIVB Tahun 2023,2017,Pajak Penghasilan,-,transfer pricing,14,"9,14,15,24,25,36,37,38",8,46,"...an yang telah diaudit oleh Kantor Akuntan Publik yang independen, perjanjian dengan pihak afiliasi, Transfer Pricing Documentation dan data-data lainnya terkait biaya yang dikoreksi juga Pemohon Banding sampaikan. Ha..."
1642,91950,-,PUT-006194.15/2022/PP/M.IA Tahun 2023,2018,Pajak Penghasilan,-,transfer pricing,41,"9,10,11,12,13,14,16,17,18,21,25,37,40,41,49,50,52,55,58,65,75",21,85,"...Pricing Documentation Tahun 2018 Pemohon Banding. 2. Terkait dengan analisis Ratio Utang per an Fa Transfer Pricing Documentation Pemoho ng «Ya e Bahwa dalam Transfer OK, ion Pemohon Banding Tahun 2018 halaman Ad 4..."
1643,92013,-,-,2017,Pajak Penghasilan,-,transfer pricing,1,23,1,44,"...P-30. Dokumen Sam ima dan Faktur Pajak barang sampel: Bukti P-31. Faktur.Paja ng sample, en Lokal Transfer Pricing: . Rekap transaksi terkait Koreksi sebesar Rp3.557.956.524,00, . Dokumen arus uang pembelian baran..."
1644,92074,PT.LDC Indonesia,PUT-006179.15/2022/PP/M.XB Tahun 2023 DEMILKEADILAN BERDASARKAN KETUHANAN YANG M,2019,Pajak Penghasilan,-,transfer pricing,18,"7,15,17,23,26,32,34,36,40,43,47",11,56,"Salinan Putusan Pengadilan Pajak setpp.kemenkeu.go.id e bahwa Pedoman Transfer Pricing Organisation for Economic Cooperation and Development (OECD) yang terbit pada bulan Juli 2017, Bagi..."
1645,92086,-,PUT-007658.15/2022/PP/M.VIB Tahun 2023 DEMI KEADILAN BERDASARKAN KETUHANAN YANG ,2019,Pajak Penghasilan,-,transfer pricing,6,84,1,92,Disclaimer Salinan Putusan Pengadilan Pajak setpp.kemenkeu.go.id Transfer Pricing sebagaimana diatur dalam PER-22/PJ/2013. Terbanding pun tidak melakukan pengujian terhadap TP Doc y...
1646,92099,PT NIHON SEIKI INDONESIA,PUT-008719.15/2021/PP/M.VA Tahun 2023 DEMI KEADILAN BERDASARKAN KETUHANAN YANG M,2018,Pajak Penghasilan,-,transfer pricing,3,"11,41,53",3,57,"...properti maka tidak dapat diketahui pemilik sebenarnya ble property. bahwa dengan tidak dibuatnya Transfer Pricing Documentation maka tidak dapat diketahui kegiatan utama dari Nihon Seiki Technical Holding, Sdn, Bh..."
1647,92205,PT Win Textile,PUT-003528.15/2021/PP/M.XVB Tahun 2023 DEMI KEADILAN BERDASARKAN KETUHANAN YANG ,2015,Pajak Penghasilan,-,transfer pricing,10,"22,45,46,47,62",5,87,"...a Bahwa Pemohon'Banding sendiri terkait dengan kewajaran tarif bunga telah melakukan analisis dalam Transfer Pricing Documentation untuk tahun buku yang berakhir pada 31 Desember 2015, Bahwa di dalam Transfer Pricing..."
1648,92243,PT Surya Cipta lntemusa,PUT-012601.15/2020/PP/IVI.IB Tahun 2022 DEMI KEADILAN BERDASARKAN KETUHANAN YANG,2016,Pajak Penghasilan,-,transfer pricing,13,"7,9,16,18,29,39,45,52,68,76,83,89,91",13,112,...hi oleh hubungan istimewa; -bahwa Pemohon Banding tidak memenuhi kewajiban menyelenggarakan TP Doc (Transfer Pricing Documentation); - bahwa Marketing fee termasuk dalam biaya promosi dan atas biaya tersebut tidak di...
1649,92252,PT Sarana Tempa Perkasa,PUT-009835.15/2022/PP/M.VB Tahun 2023 DEMI KEADILAN BERDASARKAN KETUHANAN YANG M,2019,Pajak Penghasilan,-,transfer pricing,3,"9,12",2,31,...sebutkan: Pasal 2 (1) Peraturan Direktur Jenderal Pajak ini berlaku untuk Penentuan Harga Transfer (Transfer Pricing) alas transaksi yang dilakukan Wajib Pajak Dalam Negeri atau Bentuk Usaha Tetap di Indonesia dengan...
1650,92310,PT.ROHM AND HAAS INDONESIA,PUT-000695.15/2022/PP/M.XIIB Tahun 2023 DEMI KEADILAN BERDASARKAN KETUHANAN YANG,2018,Pajak Penghasilan,Mengabulkan sebagian,transfer pricing,27,"11,13,14,15,30,44,57,58,59,74,77,80,82,83,84,92,100,116,123,124,126,127,128,129",24,148,...euangan (audited)tahun 2017 dan 2018 . SPT Tahunan PPh.Badan.tahun pajak 2018 beserta lampirannya . Transfer Pricing'Documentation tahun 2018 General Ledger yang terkait dengan transaksi yang disengketakan beserta C...
1651,92441,PT «CHAMPION KURNIA DJAJA TECHNOLOGIES,PUT-001878.15/2021/PP/M.VIA Tahun 2023 Bj DEMI KEADILAN BERDASARKAN KETUHANAN YA,2017,Pajak Penghasilan,Menolak,transfer pricing,14,"7,15,28,29,38,56,62,70,74,85,100",11,105,"...dimana atas biaya jasa tersebut juga merupakan harga yang wajar sebagaimana tertuang dalam Laporan Transfer Pricing Pemohon Banding, bahwa biaya management fee yang-diberikan oleh pihak afiliasi sangat membantu Pem..."
1652,92454,PT CHAMPION KURNIA DJAJA TECHNOLOGIES,PUT-007702.15/2021/PP/M.VIA Tahun 2023 DEMI KEADILAN BERDASARKAN KETUHANAN YANG ,2016,Pajak Penghasilan,-,transfer pricing,20,"7,13,26,27,29,30,36,37,47,64,66,71,77,87",14,93,"...Biaya pembayaran jasa yang diberikan merupakan harga yang wajar sebagaimana tertuang dalam Laporan Transfer Pricing Pemohon Banding, - Manfaat dari jenis-jenis jasa bagi Pemohon Banding juga telah dinyatakan dalam..."
1653,92719,PT. Sekisui Polymatech Indonesia,PUT-002835.15/2022/PP/M.XvllIB Tahun 2023 DEMI KEADILAN BERDASARKAN KETUHANAN YA,2018,Pajak Penghasilan,Mengabulkan sebagian,transfer pricing,21,"5,6,8,9,11,27,29,33,50,51,53,55,58,62,66",15,69,"...eredaran Usaha sebesar S (2.987.408), terdiri dari: 1 ) Pengujian Arus Piutang sebesar $ 479.757 2) Transfer Pricing sebesar $ 2.403.245 3) Selisih Omzet berdasarkan Rekonsiliasi Peredaran Usaha cfm SPT Tahunan Pph B..."
1654,92847,PT WIRA INNO MAS,PUT-011463.15/2021/PP/M.IB Tahun 2023 DEMI KEADILAN BERDASARKAN KETUHANAN YANG M,2018,Pajak Penghasilan,Mengabulkan sebagian,transfer pricing,22,"16,20,21,44,46,47,70,74,75,81,82,83,87,93,96",15,131,pedoman pemeriksaan terhadap Pemohon Banding yang mempunyai hubungan istimewa (“PER-22”) dan OECD Transfer Pricing Guidelines for Multinational Enterprises and Tax Administrations yang diperbarui pada Juli 2017 (“P...
1655,92953,PT EKA DAYA SEJATISUKSES,PUT-003269.15/2022/PP/M.VIA Tahun 2023 DEMI KEADILAN BERDASARKAN KETUHANAN YANG ,2016,PPN,-,transfer pricing,3,"8,33,40",3,52,"...huruf b; 5) bahwa dengan demikian tidak tepat apabila penetapan harga jual kepada afiliasi sebagai transfer pricing dan penentuan kembali harga TBS dengan menggunakan harga yang ditetapkan Disbun Provinsi Riau, kare..."
1656,93024,PT NINA VENUS INDONUSA,-,2017,Pajak Penghasilan,Menolak,transfer pricing,5,"5,6,11,13",4,37,...ai kineria keuangan yang telah diproyeksikan melalui master budget; bahwa berdasarkan analisa dalam Transfer Pricing Documentation ditemukan bahwa Pemohon Banding mengalami kondisi yang material atau signifikan yang...
1657,93056,PT. HANJAYA IVIANDALA SAIVIPOERNA,PUT-006886.15/2020/PP/M.XIIIA Tahun 2023 DEMI KEAD,2016,-,Mengabulkan sebagian,transfer pricing,26,"18,20,23,25,27,30,32,33,44,56,60,61,63,68,72,77,118",17,131,"...prosedur pemeriksaan yang diatur dalam peraturan perpajakan yang berlaku terutama peraturan terkait transfer pricing. Sementara itu, pengujian Transfer Pricing sangat bergantung pada fakta dan kondisi Pemohon Banding..."
1658,93106,-,Put-000539.15/2021/PP/M.XIIB Tahun 2023 PT. Perfetti Van Melle Indonesia,-,Pajak Penghasilan,-,transfer pricing,27,"10,11,28,56,65,66,75,80,85,86,90,95,96,103,104,111,118,125,135,139,149,152",22,196,Salinan Putusan Pengadilan Pajak setpp.kemenkeu.go.id 2. bahw aka hasil penelitian dokumen Transfer Pricing TP Doc) yang diserahkan Pemohon Banding pada saat keberatan dalam TP Doc tersebut pada prinsipnya...
1659,93117,-,Put-002214.15/2022/PP/M.XIIB Tahun 2023 PT. Perfetti Van Melle Indonesia,-,Pajak Penghasilan,-,transfer pricing,21,"12,14,16,17,20,21,39,42,44,45,48,50,52,53,55,64,65",17,85,...n penjualan yang terdiri dari transaksi dengan pihak Independen yang sudah arm's length: bahwa OECD Transfer Pricing Guidelines 2017 menyatakan bahwa dalam rangka mendapatkan perkiraan tepat atas kondisi harga atau l...
1660,93139,-,Put-016069.15/2019/PP/M.XIIB Tahun 2023 PT. CILIANDRA PERKASA,2017,Pajak Penghasilan,-,transfer pricing,5,"15,49,51,77",4,132,...hon Banding “aya Harga Pasar secara taat asas dan Pad »N Pemohon Banding telah memberikan dokumen Transfer Pricing SEN Dokumen yang disusun oleh Konsultan Darusalam reu dengan mengacu kepada tata cara penyusunan...
1661,93239,PT Stellarway Indonesia,PUT-007336.15/2022/PP/M.XVA Tahun 2023 DEMI KEADILAN BERDASARKAN KETUHANAN YANG ,2019,Pajak Penghasilan,Mengabulkan seluruhnya,transfer pricing,2,"18,20",2,26,"...Klarifikasi Sengketa Perpajakan Nomor BA-32/WPJ.08/BD.06/2022 tanggal 30 Maret 2022: Bukti T-8. KKP Transfer Pricing PT Stellarway Indonesia, Bukti T-9. Kesimpulan Akhir Nomor. S- 2944/PJ/PJ.07/2023 tanggal 31 Mei 20..."
1662,93250,PT PELITA AGUNG AGRINDUSTRI,PUT-007603.15/2022/PP/M. XVIIB Tahun 2023 PT Pelita Agung Agrindustri,2016,Pajak Penghasilan,Mengabulkan sebagian,transfer pricing,14,"11,14,29,41,42,59,62,64,68,71,82,83",12,92,"...ulis dengan metode CUP (Comparable. Uncontrolled Price). Hal ini terbukti sewaktu pembuatan TP-Doc (Transfer Pricing Documentation) juga memakai metode TNMM: bahwa atas kesalahan pengisian SPT tersebut, Pemohon Band..."
1663,93280,PT. POLIPLANT SEJAHTERA,PUT-010409.15/2021/PP/M.XXA Tahun 2023 DEMI KEADILAN BERDASARKAN KETUHANAN YANG ,2017,Pajak Penghasilan,Mengabulkan sebagian,transfer pricing,31,"15,18,25,39,40,42,44,71,73,94,98,102,112,114,116,121,125,132,133,140,141,143,165,193,194",25,205,...internal atau ekstemal yang dianggap menguntungkan bagi Terbanding sebagaimana tercantum dalam-UN Transfer Pricing Manual 2011 chapter 7 paragraf 3.9 dijelaskan sebagai berikut: “IE is freguently not possible fo o...
1664,93320,PT Sojitz Indonesia,-,2018,-,-,transfer pricing,48,"6,9,10,11,12,14,15,16,20,21,23,24,28,42,45,46,47,48,58,64,65,66,67,69,70",25,71,"...Fiskal Positif Rp 31.040.222.704 11 Koreksi atas blaya entertainment Rp 1.204.406.945 (11.2 Koreksi Transfer Pricing Rp29.835.815.759 1..Koreksi atas Biaya Entertainment sebesar Rp1.204.406.945,00 Menurut Terbandin..."
1665,93328,PT Sojitz me P 01.070.673.7-059.000,PUT-015420.15/2020/PP/M.XVA Tahun 2023 IP N BERDASARKAN KETUHANAN YANG MAHA ESA ,2017,Pajak Penghasilan,-,transfer pricing,1,18,1,29,"...adilan Pajak 2. daporan Keuangan Tahun-2017 yang telah diaudit, 3. Company Profile Perusahaan: 4. Transfer PricingiDocument: bahwa. terkait dengan dokumen pendukung terkait koreksi Peredaran Usaha sebesar Rp24.546...."
1666,93340,PT Surya Indo Plastic,-,2016,-,-,transfer pricing,15,"57,58,62,66,67,71,121,122",8,167,...itagihkan dalam transaksi jasa intra-grup didukung oleh literatur sebagai berikut: United Nations Transfer Pricing (UN TP) Manual paragraf B.2.8 (Lampiran-B.3.1.): “..a certificate from an independent Ta f the se...
1667,93341,PT. Sepatu Bata,PUT-000071.15/2020/PP/M.XIIB Tahun 2022 DEMI KEADILAN BERDASARKAN KETUHANAN YANG,2016,Pajak Penghasilan,-,transfer pricing,10,"9,15,45,51,59,77,78",7,91,"...akan perhitungan yang ""didasarkan dengan asumsi. Dengan demikian, dapat disimpulkan bahwa pengujian transfer pricing yang diterapkan Terbanding adalah tidak benar, karena tidak sesuai ketentuan perpajakan yang berlak..."
1668,93346,PT .ASMIN KOALINDO TUHUP,-,2015,Pajak Penghasilan,Menolak,transfer pricing,1,36,1,76,"...s Bumi: b. Wajib Pajak dalam.satu grup, atau c. Wajib-Pajak yang. terindikasi melakukan transaksi transfer pricing dan/atau transaksi khusus lain yang berindikasi adanya rekayasa transaksi keuangan, dapat diperpanj..."
1669,93364,PT.. PERUSAHAAN DAGANG DAN INDUSTRI TRESNO,PUT-010463.15/2021/PP/M.XIHA Tahun 2023 PT Perusahaan Dagang dan Industri Tresno,2018,-,Mengabulkan seluruhnya,transfer pricing,53,"9,16,17,24,26,32,33,42,49,51,60,62,65,68,80,82,89,90,97,98,100,102,105,108,125,127,133,139,140,145,146,152,153,164",34,170,"...akui bahwa fungsi Pemohon Banding adalah Licensed Manufacturing. » Terkait dengan Pemilihan Metode Transfer Pricing bahwa terkait dengan pemilihan metode Transfer Pricing atas transaksi Pemohon, Banding dengan pihak..."
1670,93390,PT SUBUR AMAN,PUT-008089.15/2020/PP/M.XIIA Tahun 2023 DEMI KEADILAN BERDASARKAN KETUHANAN YANG,2014,Pajak Penghasilan,Mengabulkan seluruhnya,transfer pricing,8,"93,94,95,102,103,104,109",7,160,...bahwa: “Pasal 2 (2 Peraturan Direktur Jenderal Pajak ini berlaku untuk Penentuan Harga Transfer (Transfer Pricing) atas transaksi yang dilakukan Wajib Pajak Dalam Negeri atau Bentuk Usaha Tetap di Indonesia dengan...
1671,93435,PT BASF INDONESIA,PUT-001509.15/2019/PP/M.XVIIIB Tahun 2023 DEMI KEADILAN BERDASARKAN KETUHANAN YA,2012,Pajak Penghasilan,Mengabulkan sebagian,transfer pricing,8,"13,16,45,86,130,135,136,139",8,204,...sampai dengan biaya penjualan dalam laporan laba rugi segmentasi yang menjadi dasar dalam pembuatan Transfer Pricing-Documentation (TP Doc.) merupakan biaya aktual: yang: didistribusikan secara sistem SAP: Halaman 1...
1672,93436,PT YOUNEXA INTI MATERIALS d.h PT FERRO MAS DINAMIKA,PUT-001591.15/2022/PP/M.IB Tahun 2023 DEMI KEADILAN BERDASARKAN KETUHANAN YANG M,2018,Pajak Penghasilan,Mengabulkan seluruhnya,transfer pricing,4,"95,96,100,106",4,112,".../2013 yang telah disebutkan di atas (menentukan karakteristik usaha Pemohon Banding, memilih metode transfer pricing, dan menerapkan prinsip kewajaran dan kelaziman usaha), (ii) tidak adanya analisa detail dalam mene..."
1673,93445,-,PUT-002474.15/2022/PP/M.IA Tahun 2023 PT.Coates Hire Indonesia,2016,Pajak Penghasilan,-,transfer pricing,3,"16,67,108",3,162,...NESIA (CSI) PT COATES SERVICE INDONESIA (CSI) Dokumen Lokal - Penentuan Harga Transfer Local File — Transfer Pricing Documentation L Tahun Pajak 2016 Fiscal Year 2016 Tabel 3-2 Daftar Transaksi CSI dengan Pihak Afil...
1674,93544,PT.-.TOYOTA BOSHOKU INDONESIA,PUT-000189.15/2022/PP/M.VB Tahun 2023 DEMI KEADILAN BERDASARKAN KETUHANAN YANG M,2018,Pajak Penghasilan,-,transfer pricing,1,8,1,32,"...jar tanpa syarat, laporan kegiatan, materi pelatihan, prosedur standar operasi, general ledger, dan transfer pricing documentation yang dibuat oleh EY selaku pihak ketiga yang independen. Dokumen-dokumen pendukung te..."
1675,93553,PT. COLOROBBIA INDONESIA,PUT-000716.15/2022/PP/M.VB Tahun 2023 PT. COLOROBBIA INDONESIA,-,Pajak Penghasilan,-,transfer pricing,2,"21,25",2,49,"...alam ta 9aha Pemohon Banding, Dn yag dengan Organization for Economic Co-operation and Development Transfer Pricing Guidelines tahun 2017 (OECD TP Guidelines 2017) Paragraf 2.83, dinyatakan bahwa: “As a matter of p..."
1676,93602,PT Musashi Auto Parts Indonesia,PUT-004031.15/2022/PP/M.IB Tahun 2023 DEMI KEADILAN BERDASARKAN KETUHANAN YANG M,2017,Pajak Penghasilan,-,transfer pricing,5,"9,10,85,101,145",5,178,"...dipengaruhi oleh permintaan konsumen akhir (yaitu pihak ketiga). Seperti yang tercantum di dalam Transfer Pricing Document untuk Tahun Pajak 2017 yang telah disampaikan kepada Terba Yak pemeriksaan, industri manuf..."
1677,93609,PT. MAVENIR SYSTEMS INDONESIA (D/H PT ACISION INDONESIA),PUT-004269.16/2022/PP/M.VIA Tahun 2023 DEMI KEADILAN BERDASARKAN KETUHANAN YANG ,-,PPN,-,transfer pricing,22,"21,26,27,29,35,52,53,60,62,63,64,66,67,74",14,88,...pat dengan penafsiran Majelis Hakim dalam kasus PPh Pasal 26 Tahun 2010 bahwa akun general ledger - Transfer Pricing Cost ..Tahun 2018 adalah juga termasuk dalam pengertian royalti yangidibayar Wajib Pajak berdasarka...
1678,93614,PT-MURAMOTO ELEKTRONIKA INDONESIA,PUT-004571.15/2021/PP/M.VIIIB Tahun 2023 DEMI KEADILAN BERDASARKAN KETUHANAN YAN,2015,Pajak Penghasilan,-,transfer pricing,1,26,1,64,"...k membantu Pemohon Banding dengan membebankan jasa manajemen, -, Pemohon Banding tidak melampirkan Transfer Pricing Document (TP Doc) pada saat penyampaian PPh Badan Tahun 2015: 3) bahwa dalam Surat Keberatan Nomor..."
1679,93615,PT. MURAMOTO ELEKTRONIKA INDONESIA,-,2016,Pajak Penghasilan,-,transfer pricing,1,28,1,66,"...bantu Pemohon Banding dengan membebankan jasa manajemen: - bahwa Pemohon Banding tidak melampirkan Transfer Pricing Document (TP Doc) pada saat penyampaian SPT PPh Badan Tahun 2015, 3. bahwa dalam Surat Keberatan N..."
1680,93622,PT. GE OPERATIONS INDONESIA,PUT-005127.15/2021/PP/M.IA Tahun 2023 DEMI KEADILAN BERDASARKAN KETUHANAN YANG M,2017,Pajak Penghasilan,Mengabulkan sebagian,transfer pricing,14,"24,25,29,31,33,55,56,58,63,86,90",11,95,"...e 1,369 - Median 3,18Y9 - 75th Guartile 7,8Y -.. Maximum 10,856 b) Masih dari Healthcare Division Transfer Pricing Analysis and Report pada Appendix F, Healthcare Indonesia Financial, Pemohon Banding menyatakan unt..."
1681,93624,PT Procter & Gamble Operations Indonesia,PUT-006268.15/2021/PP/M.XXA Tahun 2023 DEMI KEADILAN BERDASARKAN KETUHANAN YANG ,2017,Pajak Penghasilan,Menolak,transfer pricing,3,"10,17,21",3,52,"...ggungnya sebagai Regional Entrepreneur, e« Pedoman OECD 2017 Paragraf 1.3 menyatakan bahwa: “When transfer pricing does not reflect market forces and the arm's length principle, the fax liabilities of ihe associat..."
1682,93640,PT.MAVENIR SYSTEMS INDONESIA (d/h PT Acision Indonesia),-,2015,-,-,transfer pricing,22,"5,17,21,26,29,31,32,38,41,43,51,53,61,62,75,85",16,96,"...Biaya TP Cost sebesar Rp93.032.628.055,00 dengan tidak .didasarkan kepada tahapan-tahapan pengujian transfer pricing yang disyaratkan oleh Pasal 18 ayat (3) UU PPh besertaperaturan-peraturan pelaksanaannya: bahwa dal..."
1683,93644,PT GE OPERATIONS INDONESIA,PUT-007290.15/2020/PP/M.IA Tahun 2023 DEMI KEADILAN BERDASARKAN KETUHANAN YANG M,2016,Pajak Penghasilan,Mengabulkan sebagian,transfer pricing,18,"7,8,10,11,13,20,21,24,26,40,47,48,55,56",14,71,...itungan hubungan istimewa sebesar USD697.381 dengan alasan sebagai berikut: Latar belakang koreksi transfer pricing yang dilakukan oleh Terbanding bahwa berdasarkan data Pemohon Banding yang telah disampaikan pada...
1684,93756,PT-DIANBATARA PERKASA,PUT-010046.15/2021/PP/M.IIIA Tahun 2023 DEMI KEADILAN BERDASARKAN KETUHANAN YANG,2018,Pajak Penghasilan,Mengabulkan seluruhnya,transfer pricing,2,55,1,61,"...Pasal 2.ayat (1): ,Peraturan Direktur Jenderal Pajak ini berlaku untuk penentuan Harga Transfer (Transfer Pricing) atas transaksi yang dilakukan Wajib Pajak Dalam Negeri atau Bentuk Usaha Tetap di Indonesia denga..."
1685,93791,PT. RECKITT BENCKISER INDONESIA,PUT-013421.15/2021/PP/M.XXA Tahun 2023 DEMI KEADILAN BERDASARKAN KETUHANAN YANG ,2015,Pajak Penghasilan,Mengabulkan seluruhnya,transfer pricing,5,"8,11,30,35,42",5,52,...ahwa berikut adalah penjelasan atas koreksi royaiti sebesar Rp51.465.865.572.00 bahwa berdasarkan Transfer Pricing Documentation Pemohon Banding untuk tahun pajak 2015 halaman 44 dan 45 diperoleh informasi sebagai...
1686,93868,PT MATOS SURYA PERKASA,PUT-008823.15/2021/PP/M.VIIIA Tahun 2023 PT Matos Surya Perkasa,2016,Pajak Penghasilan,Mengabulkan sebagian,transfer pricing,1,36,1,47,"...bahan Penjelasan Tertulis Pemohon Banding, Nomor Prov/RZ- 0088L/05/22 tanggal 20 Mei 2022: Dokumen transfer pricing yaitu dokumen local dan dokumen induk, Perjanjian pinjaman terjemahan, Penjelasan tertulis Pemohon..."
1687,93904,PT. LARAS SEJATI,PUT-004731.15/2022/PP/M.IVB Tahun 2023 DEMI KEADILAN BERDASARKAN KETUHANAN YANG ,2016,-,Mengabulkan seluruhnya,transfer pricing,6,"16,22,54,73,96",5,101,"...jian Prinsip Kewajaran dan Kelaziman Usaha atas Transaksi kepada pihak afiliasi 1. Penentuan Metode Transfer Pricing bahwa pemilihan Metode transfer pricing. yang tepat untuk transaksi afiliasi Pemohon Banding, telah..."
1688,93960,PT SAM KYUNG JAYA BUSANA,Put-007404.15/2022/PP/M.IVB Tahun 2023 DEMI KEADILAN BERDASARKAN KETUHANAN YANG ,2016,-,Mengabulkan seluruhnya,transfer pricing,4,"7,9,16,20",4,31,"...s peredaran usaha sebesar Rp24.107.952.556,00; 2) bahwa dalam Dokumentasi Penentuan Harga Transfer (Transfer Pricing Documentation) yang dibuat oleh Pemohon Banding, dinyatakan bahwa nilai MOTC (Mark Up On Total Cost..."
1689,94063,PT BEKAERT WIRE INDONESIA.,PUT-010295.15/2021/PP/M.VIIA Tahun 2023 DEMI KEADILAN BERDASARKAN KETUHANAN YANG,2018,Pajak Penghasilan,-,transfer pricing,1,36,1,47,"...n oleh Pemohon Banding berupa LMS:Report dari pihak NVB kepada Pemohon Banding, bahwa sesuai bukti Transfer Pricing Documentation Tahun Pajak 2018 halaman 36 pembayaran toyatti Pemohon Banding sebesar 196 masih di..."
1690,94177,PT. Produk Sawitindo Jambi,PUT-009950.15/2021/PP/M.XVIB Tahun 2023 PT Produk Sawitindo Jambj,2016,Pajak Penghasilan,Mengabulkan sebagian,transfer pricing,15,"13,16,31,33,40,57,58,60,61,63,71",11,96,"...jemahkan menjadi: “Sebagai aturan umum, pihak yang diuji adalah pihak yang dapat menerapkan metode transfer pricing dengan cara yang paling andal dan yang mana dapat ditemukan pembanding yang andal, dengan kata lain..."
1691,94209,-,-,2018,-,-,transfer pricing,2,"35,154",2,176,"...Salinan Putusan Pengadilan Pajak setpp.kemenkeu.go.id c. bahwa, Pemohon Banding juga telah membuat Transfer Pricing Documentation (TP Doc) dalam bentuk Dokumen Lokal (Local File) dan Dokumen Induk (Master Filej yan..."
1692,94291,-,PUT-013011.15/2021/PP/M. XVIB Tahun 2023 Salinan Putusan Pengadilan Pajak ini me,2016,-,-,transfer pricing,1,94,1,129,"...ebaratan. bahwa dalam dokumen- Pena analisis kesebandingan tidak ditempatkan dalam KKP N op khusus Transfer Pricing, namun dijadikan satu dalam KKP biaya usaha Yi lainnya, b bahwa berdasarkan KKP tersebut, walaupun..."
1693,94338,PT. RECKITT BENCKISER INDONESIA,PUT-013821.15/2021/PP/M.XXA Tahun 2023 DEMI KEADILAN BERDASARKAN KETUHANAN YANG ,2017,Pajak Penghasilan,-,transfer pricing,7,"24,57,63,64,70,84,85",7,103,".... Pemohon Banding juga telah menyampaikan dokumen pendukung berupa Perjanjian atau Kontrak, Dokumen Transfer Pricing, dan pencatatan akuntansi, namun demikian Terbanding tetap berpendapat bahwa tidak ada manfaat ekon..."
1694,94479,PT.TG INOAC INDONESIA,-,2018,Pajak Penghasilan,-,transfer pricing,12,"19,21,26,48,52,53,64,65,71,82",10,87,...ng dilakukan atas penggunaan Aset Tidak Berwujud yang dimiliki entrepreneur. Sesuai Bab 1 dari OECD Transfer Pricing Guideline for Multinational Enterprises and Administration (Pedoman OECD versi Juli 2017) aset tida...
1695,94494,-,PUT-004624.15/2021/PP/M.IIIA Tahun 2023 DEMI KEADILAN BERDASARKAN KETUHANAN YANG,2015,Pajak Penghasilan,-,transfer pricing,3,"30,32",2,76,"...iksaan Terhadap Wajib Pajak Yang Mempunyai Hubungan Istimewa yang selanjutnya disebut Pemeriksaan transfer pricing, Bab I huruf C Lampiran PER-22/PJ/2013: Dengan demikian, Pemeriksaan transfer pricing terhadap tr..."
1696,94515,PT.INTERCIPTA KIMIA PRATAMA,-,2018,-,Mengabulkan seluruhnya,transfer pricing,7,"23,27,29,35,36",5,45,"...n - Pasal 12 ayat 3 UU KUP, » NN oleh karena itu Pemeriksa tidak mlekug AGEN HAM transaksi terkait Transfer Pricing sebagaimana ketentuan dalam SE 50/PJ OA 15/2021/PP/M.VIIIA Tahun 2023 PT Intercipta Kimia Pratam..."
1697,94529,PT Nittoh Presisi Indonesia,PUT-010288.15/2019/PP/M.IIA Tahun 2023,2016,Pajak Penghasilan,Mengabulkan sebagian,transfer pricing,26,"12,13,20,32,33,36,55,57,59,62,64,69,73,76,88,89",16,95,"...Wajar (Arm's Length) a. bahwa berdasarkan Peraturan Dirjen Pajak Nomor: PER-22/PJ/2013, pengujian transfer pricing sangat disarankan untuk menggunakan data beberapa'tahun (multiple year) yang bertujuan: e Untuk m..."
1698,94548,PT.TG INOAC INDONESIA,-,2015,Pajak Penghasilan,Mengabulkan seluruhnya,transfer pricing,6,"17,18,31,37,49",5,54,"- Transfer Pricing Documentation untuk tahun pajak 2015, 4) bahwa berdasarkan bukti-bukti pendukung tersebut di atas,..."
1699,94549,PT... GUNZE SOCKS INDONESIA,PUT-013259.15/2021/PP/M.XINA Tahun 2023 PT. Gunze Socks Indonesia,2018,Pajak Penghasilan,Mengabulkan seluruhnya,transfer pricing,23,"7,13,16,25,31,32,33,34,35,36,44,45,49,54,60,68,70",17,79,"...alisis Fungsi (Function, Asset, And Risk Analysis) Karakteristik Usaha Wajib Pajak Memilih Metode Transfer Pricing ro map» » Pemilihan Metode Transfer Pricing i. Analisis Kesebandingan j- Penentuan Harga/Laba W..."
1700,94639,PT Delimuda Perkasa,PUT-005924.15/2022/PP/M.IA Tahun 2023 DEMI KEADILAN BERDASARKAN KETUHANAN YANG M,2019,Pajak Penghasilan,Mengabulkan sebagian,transfer pricing,5,"13,46,85,90,91",5,164,...fikasi) yang dilakukan. Pemohon Banding memilih metode COMPARABLE UNCONTROLLED PRICE (CUP). OECD Transfer Pricing Guidelines (“OECD TP Guidelines”) paragraf 2.18 secara spesifik menyebutkan CUP sebagai metode yang...
1701,94686,PT. Kangar Consolidated Industries,PUT-009230.15 /2018/PP/M.IllB Tahun 2020,2015,Pajak Penghasilan,Mengabulkan sebagian,transfer pricing,2,"21,155",2,230,...ankan bahwa pengujian atas transaksi pembayaran royalti kepada pihak afiliasi telah dilakukan dalam transfer pricing documentation dengan menggunaken Roya/fystat database. Dari hasil pengujian benchmark/.r}g yang dil...
1702,94927,PT-Tapian Nadenggan,PUT-008236.15/2022/PP/M.VB Tahun 2023 PT Tapian Nadenggan,2019,Pajak Penghasilan,Mengabulkan seluruhnya,transfer pricing,1,18,1,39,"...ngan Indonesia, Bank “Indonesia untuk meningkatkan kesebandingan, bahwa berdasarkan Dokumen Induk Transfer Pricing Documentation pb (TP Doc Master File) Tahun Pajak 2019, biaya bunga dibayarkan kepada PT Sinar Mas..."
1703,94975,PT. ARINDO TRISEJAHTERA,PUT-011419.15/2021/PP/M.XIIB Tahun 2023 DEMI KEADILAN BERDASARKAN KETUHANAN YANG,2018,Pajak Penghasilan,Mengabulkan sebagian,transfer pricing,6,"11,15,59,66,76",5,83,...i pembanding.” Pasal 2: “Y1) Peraturan Jenderal Pajak ini berlaku untuk Penentuan Harga Transfer (Transfer Pricing) atas transaksi yang dilakukan Wajib Pajak Dalam Negeri atau Bentuk Usaha Tetap di Indonesia dengan...
1704,94992,PT SEMESTA MITRA SEJAHTERA,PUT-012826.15/2 20/PP/M.XIIIA Tahun 2023 PT Semesta Mitra Sejahtera,2017,-,Mengabulkan seluruhnya,transfer pricing,78,"8,9,10,12,15,16,17,19,21,22,39,47,50,56,61,62,63,65,66,68,71,73,75,76,77,79,84,88,91,92,94,98,99,104,105",35,110,...ransfer pricing pada Pemohon Banding dan grup usaha Pemohon Banding. Hal ini juga dibuktikan dengan Transfer Pricing Documentation Pemohon Banding sendiri yang menyatakan bahwa MTC berada di bawah rentang antar- kuar...
1705,95028,-,PUT-003068.15/2022/PP/MJ,2018,Pajak Penghasilan,-,transfer pricing,5,"11,13,26,53,63",5,68,"...n ufacturer; Penerapan Marg/.n Ad/.us/menf sudah dilakukan berdasarkan Peraturan Perpajakan terkait transfer pricing dan juga pedoman OECD yang beriaku, dimana setiap pihak yang teriibat dalam transaksi yang memiliki..."
1706,95121,PT-INKALI (INDONESIA NIKKA CHEMICALS),-,2015,Pajak Penghasilan,Mengabulkan sebagian,transfer pricing,35,"5,10,11,12,17,19,20,22,33,36,37,40,42,49,51,52,60,61,64,66",20,72,"...nding . 2 bahwa Terbanding mengeliminasi 1 data pembanding yang dipilih oleh Pemohon Banding dalam Transfer Pricing Documentation yaitu Yoochang Metal Industry Co., Ltd. Berdasarkan hasil penelitian, perusahaan ini..."
1707,95155,PT PUTRA VALINDO,PUT-002318.15/2022/PP/M.VIA Tahun 2023 Salinan Putusan Pengadilan Pajak ini meru,2018,Pajak Penghasilan,-,transfer pricing,21,"23,28,34,40,44,45,87,89,91,92,100,121,122,123,127,135,136,150,152",19,163,"...nilai pembelian impor Pemohon Banding seharusnya sudah benar dan wajar: 2) bahwa terkait koreksi Transfer Pricing, Pemohon'Banding menanggapi sebagai berikut: Disclaimer Halaman 23 dari 163 halaman Putusan Nomor..."
1708,95188,PT Sanwa Parts Indonesia,PUT-007955.15/2020/PP/lv,2014,Pajak Penghasilan,-,transfer pricing,29,"17,37,52,53,58,66,67,69,70,71,75,76,77,78,80",15,84,"...arga atau metode CUP (Comparab/e Unconfro//ed Pr/.ce) sebagaimana tertuang dalam bentuk Dokumentasi Transfer Pricing., - bahwa berdasarkan pengujian dengan Metode CUP yang dilakukan, diperoleh kesimpulan bahwa biaya..."
1709,95263,-,PUT-004625.15/2021/PP/M.IIIA Tahun 2023 DEMI KEADILAN BERDASARKAN KETUHANAN YANG,2016,Pajak Penghasilan,Mengabulkan seluruhnya,transfer pricing,3,"34,35",2,79,"...eriksaan Terhadap Wajib Pajak Yang Mempunyai Hubungan Istimewa yang selanjutnya disebut Pemeriksaan transfer pricing. Bab | huruf C Lampiran PER-22/PJ/2013 Dengan demikian, Pemeriksaan transfer pricing terhadap trans..."
1710,95338,PT BEST WORLD INDONESIA,PUT-010062.15/2021/M.IIIA Tahun 2023 Salinan Putusan Pengadilan Pajak ini merupa,2018,Pajak Penghasilan,-,transfer pricing,7,"11,17,19,76,119,120,125",7,147,"...ayat (1) UU. No.28 Tahun 2007 - Pasal 18 UU. No.28 Tahun 2007 - PMK-02/PMK.03/2010 AN - OECD TPG Transfer Pricing Guideli ? ”1N Enterprises and AN 2 Ad ""SY Koreksi d 1030 Convention Expense sebesar Rp1.964. Pa..."
1711,95434,PT. DSM Nutritional Products Indonesia,PUT-001151.15/2022/PP/M.XIVA Tahun 2023,2016,Pajak Penghasilan,Mengabulkan seluruhnya,transfer pricing,1,35,1,43,...2 Bukti T-6. Penjelasan Tertulis tanpa nomor tanggal 5 Desember2022 Bukti T-7. Fotokopi Dokumentasi Transfer pricing Bukti T-8. Fotokopi Korespondensi peminjaman Dokumen Bukti T-9. KesimpulanAkhir; PERTIMBANGAN HUKUM...
1712,95439,PT. RATU SAYANG INTERNATIONAL,PUT-001746.15/2023/PP/M.IXA Tahun 2023 PT Ratu Sayang International,2016,Pajak Penghasilan,-,transfer pricing,11,"10,26,27,28,29,30",6,39,"...ewajaran atas transaksi pengenaan bunga pinjaman terkait, Pemohon Banding telah membuat Dokumentasi Transfer Pricing dimana di dalamnya, bunga pinjaman yang Pemohon Banding kenakan terhadap Shanghai Golden Landmark s..."
1713,95488,PT-DUTALESTARI SENTRATAMA,PUT-006309.15/2020/PP/M.VIIIB Tahun 2023 DEMI KEADILAN BERDASARKAN KETUHANAN YAN,2017,Pajak Penghasilan,Mengabulkan seluruhnya,transfer pricing,4,"6,14,25",3,30,"...21.284,00 bahwa koreksi Positif sebesar Rp158.693.421.284,00 didasarkan pada analisis penghitungan Transfer Pricing Documentation (TP Documentation) berdasarkan Peraturan Menteri Keuangan Nomor 213/PMK.03/2016 yang..."
1714,95529,PT SINAR MAS SPECIALTY MINERALS,PUT007790.15/2022/PP/M.XB Tahun 2023 -I DEMI KEADILAI,2019,Pajak Penghasilan,Mengabulkan seluruhnya,transfer pricing,5,"12,26",2,71,"...an usaha 1) bahwa Lampiran 1, Bab 11, Romawi a, paragraph 1 diatur `7ahapan pelaksanaan Pemeriksaan transfer pricing terdiri dari menentukan karakteristik usaha Wajib Pajak, memilih metede transfer pricing, dan mener..."
1715,95546,PT 'UTAC,PUT-009152.15/2021/PP/M.VIB Tahun 2023 DEMI KEADILAN BERDASARKAN KETUHANAN YANG ,2018,Pajak Penghasilan,-,transfer pricing,24,"7,8,9,17,18,31,32,33,34,40,41,52,53,59,61,65",16,68,...sebagai perusahaan-perusahaan pembanding antara.Pemohon Banding dengan Terbanding: “bahwa koreksi transfer pricing Terbanding disebabkan perbedaan penghitungan rentang wajar PLI (NCPM) perusahaan-perusahaan pemband...
1716,95651,PT MITRA UNGGUL PUSAKA,PUT009795.15/2022/PP,2019,Pajak Penghasilan,-,transfer pricing,20,"9,11,13,15,16,26,41,44,45,47,48,51,57,60,62,70",16,74,"...an metode CUP menjadi lebih andal. Hal ini sebagaimana disebutkan dalam Paragraf 2.17 dan 2.20 OECD Transfer Pricing Guidelines 2017 sebagai berikut: Paragraf2.17: ""Practical considerations dictate a more flexible ap..."
1717,95654,PT BENTOEL INTERNASIONAL INVESTAMA,-,2016,Pajak Penghasilan,Mengabulkan sebagian,transfer pricing,10,"16,17,28,29,45,46,48,49,50",9,87,...mya (pemilik license) dengan dasar perhitungan yang wajar sebagaimana diakomodasi dalam dokumentasi Transfer Pricing; / bahwa pemahaman Terbanding atas poin 6.14 OECD TP Guidelines sebagaimana dikutip oleh Terbanding...
1718,95656,PT PERUSAHAAN DAGANG DAN INDUSTRI TRESNO,PUT-012323.15/2019/PP/M.IIIA Tahun 2022 DEMI KEADILAN BERDASARKAN KETUHANAN YANG,2016,Pajak Penghasilan,Mengabulkan sebagian,transfer pricing,19,"31,34,96,99,101,104,129,139,196,206,209,216,222,231",14,261,"...rlu Pemohon Banding tekankan'atas transaksi alokasi biaya ini, telah didukung pula oleh Dokumentasi Transfer Pricing yang telah Pemohon Banding berikan kepada Terbanding dan dokumen ini “menjadi bukti tambahan bahwa..."
1719,95659,PT ASTELLAS PHARMA INDONESIA,PUT-014031.15/2021/PP/M.VIB Tahun 2023 PT Astellas Pharma Indonesia,2018,Pajak Penghasilan,-,transfer pricing,23,"15,17,18,24,81,82,89,121,125,126,127,131",12,151,"...eksi atas Harga Pokok Penjualan sebesar Rp4.539.673.00,00 A. Menurut Terbanding a. bahwa pengujian transfer pricing dilakukan pemeriksa berdasarkan Pasal 12 ayat (3) UU KUP dan Pasal 18 ayat (3) UU KUP: b. bahwa da..."
1720,95672,PT. ADITUNGGAL MAHAJAYA,PUT-002066.15/2023/PP/M.IXA Tahun 2023 DEMI KEADILAN BERDASARKAN KETUHANAN YANG ,2016,Pajak Penghasilan,-,transfer pricing,28,"14,15,35,36,39,47,52,53,54,55,60,62,63,64,65",15,68,"...saha dan bahwa baik Pemohon Banding maupun PT SMART, Tbk telah sama-sama mendokumentasikan laporan Transfer Pricing Documentation dan melaporkannya pada SPT Tahunan PPh Badan tahun 2016. 10.bahwa berdasarkan Pasal..."
1721,95673,PT'SCHNEIDER INDONESIA,PUT-002642.15/2019/PP/M.XA Tahun 2023,2015,Pajak Penghasilan,Mengabulkan sebagian,transfer pricing,45,"9,12,13,15,22,35,36,54,65,66,82,83,84,116,120,130,134,135,158,175,181,183,184,192,195,199,201,233,234,235,236,238",32,334,"...al Pertukaran DJP-DJBC, sehingga menjadi koreksi objek PPh Badan. 249.954.763.324 Koreksi Analisa Transfer Pricing 67.631.686.337 409.093.354.644 Penjelasan Koreksi: 1. Koreksi berdasarkan pengujian Arus Piutang..."
1722,95726,PT. MATTEL TRADING INDONESIA,PUT-009567.15/2020/PP/M.IIIB Tahun 2023 DEMI KEADILAN BERDASARKAN KETUHANAN YANG,2016,Pajak Penghasilan,-,transfer pricing,29,"16,35,36,37,42,43,48,60,61,66,67,78,80,103,107,112,123",17,130,"...imana merek dagang dimiliki oleh pihak lain, Seperti'yang dinyatakan dalam Paragraf 6.38 dari OECD Transfer Pricing Guidelines for Multinational Enterprises and Tax Administrations (“Pedoman OECD”), “Where the dist..."
1723,95727,PT MATTEL TRADING INDONESIA,PUT-009568.16/2020/PP/M.IIIB Tahun 2023 DEMI KEADILAN BERDASARKAN KETUHANAN YANG,-,PPN,-,transfer pricing,3,"34,40",2,50,"...ng meningkatkan brand awareness konsumen akhir atas merek tersebut, bahwa Paragraf 6.32 dari OECD» Transfer Pricing Guidelines for Multinational Enterprises and Tax Administrations (“Pedoman OECD”) menyebutkan bahwa..."
1724,95762,-,PUT-000482.15/2023/PP/M.IXA Tahun 2023 Disclaimer PT Volvo Indonesia AP Unit Org,2019,-,-,transfer pricing,23,"22,23,24,29,31,40,45,59,65,67,85,101,102,103,112,117,127,145",18,151,...i dari beberapa pos koreksi sebagai berikut: Indeks . Nilai Uraian Sengketa Sengketa (R 31 Koreksi Transfer Pricing/ TP 3.2 Koreksi Penyesuaian Fiskal AA Lainn X 154.555 Jumlah koreksi —. ia Ga 176.200.974.344 Hala...
1725,95780,PT-SAKURA JAVA INDONESIA,PUT-002053.15/2023/PP/M.IXA Tahun 2023 DEMI KEADILAN BERDASARKAN KETUHANAN YANG ,2016,Pajak Penghasilan,-,transfer pricing,74,"22,24,25,26,28,34,35,36,41,54,56,57,58,60,61,65,67,71,86,87,104,105,115,117,118,119,120,121,125,131,134,135,137,139,142",35,145,"...data beberapa tahun.” bahwa ketentuan mengenai penggunaan data multiple year juga diatur dalam OECD Transfer Pricing Guidelines 2017 Chapter III: Comparability Analysis, B.5 multiple year, tepatnya pada paragraf 3.75..."
1726,95869,PT. SAP Indonesia.,PUT-007069.15/2020/PP/M.XXB Tahun 2022,2014,Pajak Penghasilan,Mengabulkan seluruhnya,transfer pricing,19,"9,17,23,25,28,40,42,52,55,59,61,71,74",13,76,"...sebagaimana yang diatur dalam Pasal 18 ayat (3) Undang-Undang PPh, dan dalam.melakukan pemeriksaan Transfer Pricing, tahapanspemeriksaan transfer pricing sebagaimana » Halaman 9 dari 76 halaman Putusan Nomor PUT-0..."
1727,95948,PT. HEWLETT-PACKARD INDONESIA,PUT-009302.15/2022/PP/M. XVIIIB Tahun 2023 DEMI KEADILAN BERDASARKAN KETUHANAN Y,2019,Pajak Penghasilan,Menolak,transfer pricing,3,"16,17,38",3,56,"...3. bahwa berdasarkan paragraf 2.68 Organisation for Economic Co- operation and Development (OECD) Transfer Pricing Guidelines 2017, kelebihan TNMM dalam analisis penentuan harga transfer adalah lebih toleran terhad..."
1728,95956,PT..SAP .Indonesia.,PUT-011514.15/2020/PP/M.XXB Tahun 2022,2017,-,Mengabulkan seluruhnya,transfer pricing,13,"14,16,18,29,36,47,75,76",8,78,...nding telah memberikan data perusahaan pembanding yang ditolak maupun diterima dalam bentuk Dokumen Transfer Pricing (“TP Doc”) beserta lampirannya kepada Terbanding « selama “proses pemeriksaan dan keberatan. Di dal...
1729,96133,PT.AGUA FARM NUSANTARA,PUT-000717.15/2022/PP/M.XIIIB Tahun 2023 DEMI KEADILAN BERDASARKAN KETUHANAN YAN,2018,Pajak Penghasilan,Menolak,transfer pricing,48,"6,7,8,9,10,11,12,13,14,16,17,18,19,20,21,22,26,32,33,43,47,49,51,56",24,60,"...an banding tersebut di atas adalah sebagai berikut: Koreksi positif peredaran usaha akibat koreksi transfer pricing Terbanding sebesar USD4,555,290.00 Menurut Terbanding bahwa koreksi..positif peredaran usaha sebe..."
1730,96174,PT Bekaert Indonesia,PUT-002449.15/2021/PP/M.XIVA Tahun 2023,2017,Pajak Penghasilan,Mengabulkan sebagian,transfer pricing,3,21,1,86,"...terka.it debt dan equity sesua.i Article 9 Tax Treaty, telah d.iafur sesua.i pedoman d.i dalam OECD Transfer Pricing Guideline atau UN Model on Transfer Pricing. Kedua pedoman Transfer Pr/.c/.ng tersebut tidak mengen..."
1731,96258,PT Limao Novatex,PUT-006206.15/2022/PP/M. XVIIIB Tahun 2023 DEMI KEADILAN BERDASARKAN KETUHANAN Y,2019,Pajak Penghasilan,Mengabulkan seluruhnya,transfer pricing,2,"83,84",2,92,"...riksaan transaksi afiiasi sebagaimana diatur dalam PER-22/PJ/2013, tahapan. pelaksanaan Pemeriksaan transfer pricing terdiri dari menentukan. karakteristik usaha Wajib Pajak, memilih metode transier-pricing, dan mene..."
1732,96264,PT.Djambi Waras,PUT-006547.15/2022/PP/M.XIVB Tahun 2023,2019,Pajak Penghasilan,-,transfer pricing,20,"10,17,52,58,59,60,61,88,105,106,109,110,114,141,167,171",16,183,"“Subject to the guidance in paragraph 2.2 for selecting the most appropriate transfer pricing method in the circumstances of a particular case, the CUP method would generally be an appropriate..."
1733,96265,PT. Berkat «Sawit Sejahtera,-,2019,Pajak Penghasilan,Mengabulkan sebagian,transfer pricing,11,"9,10,42,52,81,82,101,106,107",9,132,...usaha atas transaksi penjualan. ekspor berupa CPO yang dipengaruhi oleh adanya hubungan istimewa (transfer pricing) Halaman 9 dari 132 halaman Putusan Nomor PUT: 006957-15/2022/PP/M.XVIB Tahun 2023 PT. Berkat Sa...
1734,96278,PT. Kahoindah Citragarment,PUT-007652.15/2020/PP/M.XXB Tahun 2022,2017,Pajak Penghasilan,-,transfer pricing,12,"11,14,18,26,38,39,40,45,63,66",10,76,"...at (3) Undang-Undang Pajak Penghasilan: 2. Bahwa Terbanding telah menjalankan ""tahapan pemeriksaan Transfer Pricing sebagaimana diatur dalam Peraturan Direktur Jenderal Pajak nomor PER-22/PJ/2013 tanggal 30 Mei 2013..."
1735,96282,PT Bredero.Shaw Indonesia,PUT-009612,2018,Pajak Penghasilan,Mengabulkan seluruhnya,transfer pricing,22,"6,9,10,11,22,23,26,31,32,38,39,44,46",13,49,"...tif sebesar USD3,593,934.00 dengan alasan yang intinya: - bahwa Pemohon Banding telah menyampaikan Transfer Pricing Documentation dengan analisis kesebandingan sesuai dengan peraturan yang berlaku, - bahwa Perusaha..."
1736,96287,PT DIC Graphics,PUT-010426.15/2022/PP/M.XVA Tahun 2023 DEMI KEADILAN BERDASARKAN KETUHANAN YANG ,2019,Pajak Penghasilan,Mengabulkan seluruhnya,transfer pricing,13,"7,14,15,16,26,29,30,34,35,36",10,40,"...g mana masalah kewajaran dan kelaziman usaha ini telah dibuktikan dengan Pemohon Banding menyiapkan Transfer Pricing Documentation'2019 (“TPD 20189"") yang menyatakan transaksi-transaksi di atas-adalah lazim dan waj..."
1737,96296,PT Bekaert Indonesia,PUT-011183.15/2021/PP /M.XIVA Tahun 2023,2018,Pajak Penghasilan,Mengabulkan sebagian,transfer pricing,3,"20,41,63",3,125,"...apat dilihat dengan jelas pada laporan keuangan dari 22 perusahaan pembanding yang dicantumkan pada Transfer Pricing Documentation, dimana pada ke-22 perusahaan tersebut biaya bunga pinjaman dicantumkan pada pos biay..."
1738,96304,PT.Seamless Pipe Indonesia Jaya,Put-012005.15.2019/PP/M.XVIA Tahun 2023 PT Seamless Pipe Indonesia Jaya Aa,2016,Pajak Penghasilan,Mengabulkan sebagian,transfer pricing,8,"9,10,32,53",4,64,"...g terkait dengan sengketa koreksi atas penjualan ke pihak afiliasi sebesar USD 16.382.307,98 berupa Transfer Pricing Documentation beserta data-data pendukungnya dengan surat nomor S- 3708/WPJ.19/BD.05/2018 tanggal 1..."
1739,96306,PT. JASATAMA PETROINDO,PUT-012753.15/2019/PP/M.XVIIIA Tahun 2022 DEMI KEADILAN BERDASARKAN KETUHANAN YA,2016,Pajak Penghasilan,Mengabulkan seluruhnya,transfer pricing,9,"11,13,14,15,16,18,37,43",8,48,"...bagai pengurang penghasilan kena pajak pemohon banding: . Pemohon Banding Telah Melakukan Analisis Transfer Pricing bahwa dalam OECD Transfer Pricing Guidelines, pemberian jasa antar perusahaan dalam grup usaha dik..."
1740,96328,PT SOLENIS TECHNOLOGIES INDONESIA,PUT-014976.15/2021/PP/M.XXA Tahun 2023 DEMI KEADILAN BERDASARKAN KETUHANAN YANG ,2017,Pajak Penghasilan,Mengabulkan sebagian,transfer pricing,2,"123,140",2,154,"...unting Policy Manual, Penjelasan tertulis tanpa nomor tanggal 27 September 2022, Fotokopi Dokumen Transfer Pricing Tahun Pajak 2017, Fotokopi Invoice No.1800000281 tanggal 1 November 2017: Kesimpulan Akhir Pemohon..."
1741,96330,PT Nissan Motor Distributor Indonesia,PUT-015809.15/2020/PP/M.XVA Tahun 2023 DEMI KEADILAN BERDASARKAN KETUHANAN YANG ,2017,Pajak Penghasilan,Mengabulkan sebagian,transfer pricing,21,"8,10,11,14,16,17,25,30,38,41,45,46,49,52,54,55,57",17,63,"...83 tentang Pajak Penghasilan, bahwa Pemohon Banding telah menyerahkan dokumen yang terkait denngan Transfer Pricing berupa Dokumen Lokal.Penentuan Harga Transfer Tahun Halaman 8 dari 63 halaman. Putusan Nomor: PUT-..."
1742,96332,PT Acryl Textile Mills,PUT-000374.15/2020/PP/M.IVA Tahun 2023 DEMI KEADILAN BERDASARKAN KETUHANAN YANG ,2016,Pajak Penghasilan,Mengabulkan sebagian,transfer pricing,11,"10,11,24,25,31,33,34,38,39,96",10,109,"...a ''n.a."" adalah alasan yang tidak berdasar dan tidak sejalan dengan analisis kesebandingan terkait transfer pricing. d. Perusahaan pembanding mengalami kejadian yang luar biasa (exfraord/.navy event), seperti penuru..."
1743,96383,PT ldemia Technologies Indonesia,PUT-003720.15/2021/PP/M.XXB Tahun 2023,2016,-,Mengabulkan sebagian,transfer pricing,5,"10,13,15,27,28",5,60,...an dengan ketentuan yang tercantum pada paragrap ke-3 ketentuan di atas yang mengatur bahwa koreksi transfer pricing tersebut (primer maupun sekunder) dapat digunakan untuk me[akukan correspond/.ng adlf ustment. Corr...
1744,96386,PT GITASWARA INDONESIA,PUT-004996.15/2019/PP/M.IIB Tahun 2023 DEMI KEADILAN BERDASARKAN KETUHANAN YANG ,2015,Pajak Penghasilan,Mengabulkan sebagian,transfer pricing,8,"23,26,144,146,159,160",6,175,"...tas pekerjaan tersebut, bahwa pendapat yang disampaikan oleh Pemeriksa tersebut tidak tepat.: OECD Transfer Pricing (TP) Guidelines yang kemudian diamandemen pada Laporan Base Erosion and Profit Shifting (BEPS) Akdi..."
1745,96409,PT Pusakamegah Buminusantara,-,2019,Pajak Penghasilan,Mengabulkan sebagian,transfer pricing,3,"15,56,82",3,121,"...ak afiliasi untuk tahun pajak yang berakhir pada tanggal 31 Desember 2019: bahwa merujuk pada OECD Transfer Pricing Guidelines par 711, Duplikasi Jasa dapat diartikan sebagai aktivitas pemberian jasa yang diberikan..."
1746,96441,PT. ELUAN MAHKOTA,PUT-007797-15/2022/PP/M-IA Tahun 2023 PT. Eluan Mahkota,2019,Pajak Penghasilan,Mengabulkan sebagian,transfer pricing,45,"7,12,38,48,50,51,53,55,57,58,59,60,62,66,69,70,71,75,76,79,80,81,82,85,90,95,98,110,138,154,165",31,188,"...timewa sudah menerapkan prinsip kewajaran dan kelaziman usaha (Arm's Length Principle) berdasarkan Transfer Pricing Documentation (TP Doc) yang telah diserahkan, bahwa dalam TP Doc tersebut dijelaskan bahwa metode..."
1747,96442,PT. ELUAN MAHKOTA,PUT-007798.16/2022/PP/M.IA Tahun 2023 DEMI KEADILAN BERDASARKAN KETUHANAN YANG M,-,PPN,Menolak,transfer pricing,28,"7,26,27,34,35,36,42,43,44,58,66,67,68,76,78,89,106",17,116,...stimewa sudah menerapkan prinsip kewajaran dan kelaziman usaha (Arm's length Principle) berdasarken Transfer Pricing Documentation (TP Doc) yang talah diserahkan; 2. Dalam TP Doc tersebut dijelaskan bahwa metode yang...
1748,96443,PT. ELUAN MAHKOTA,PUT-007799.16/2022/PP/M.IA Tahun 2023 DEMI KEADILAN BERDASARKAN KETUHANAN YANG M,-,PPN,Menolak,transfer pricing,13,"20,21,29,30,39,40,41,53,68",9,75,...bagaimana diatur dalam ketentuan peraturan perundang-undangan di bidang perpajakan • Referensi OECD Transfer Pricing Guidelines for Multinational Enterprises A.43 External comparables and sources of information 3.29...
1749,96444,PT. ELUAN MAHKOTA,PUT-007801.16/2022/PP/M.IA Tahun 2023 DEMI KEADILAN BERDASARKAN KETUHANAN YANG M,-,PPN,Menolak,transfer pricing,14,"20,21,28,29,30,34,38,40,52,67",10,74,...bagaimana diatur dalam ketentuan peraturan perundang-undangan di bidang perpajakan • Referensi OECD Transfer Pricing Guidelines for Multinational Enterprises A.43 External comparables and sources of information 3.29...
1750,96445,PT. ELUAN MAHKOTA,PUT-007802-16/2022/PP/M.IA Tahun 2023 PT. Eluan Mahkota y,-,PPN,Menolak,transfer pricing,44,"7,12,26,27,32,34,35,36,38,42,43,45,46,50,57,58,65,66,67,68,71,73,76,77,79,81,86,89,106",29,117,"...stimewa sudah menerapkan prinsip kewajaran dan kelaziman usaha (Arm's Length Principle) berdasarkan Transfer Pricing Documentation (TP Doc) yang telah diserahkan, bahwa dalam TP Doc.tersebut dijelaskan bahwa metode..."
1751,96446,PT. ELUAN MAHKOTA,PUT-007803.16/2022/PP/M.IA Tahun 2023 PT. Eluan Mahkota,-,PPN,Menolak,transfer pricing,44,"6,12,25,26,31,33,34,35,37,38,41,42,44,45,49,57,63,65,66,70,71,74,75,76,77,80,84,88,105",29,115,"...timewa sudah menerapkan prinsip kewajaran dan kelaziman usaha (Arm's Length Principle) berdasarkan Transfer Pricing Documentation (TP Doc) yang telah diserahkan, bahwa dalam TP Doc tersebut dijelaskan bahwa metode..."
1752,96447,PT. ELUAN MAHKOTA,PUT-007804.16/2022/PP/M.IA Tahun 2023 PT. Eluan Mahkota,-,PPN,Menolak,transfer pricing,22,"7,20,21,26,28,29,30,33,35,38,39,40,41,43,48,51",16,73,...timewa sudah menerapkan prinsip kewajaran dan kelaziman usaha (Arm's Length Principle) berdasarkan Transfer Pricing Documentation (TP Doc) yang telah diserahkan: bahwa dalam TP Doc tersebut dijelaskan bahwa metode...
1753,96448,PT. ELUAN MAHKOTA,-,-,PPN,Menolak,transfer pricing,47,"7,12,26,27,32,34,35,36,38,39,42,43,45,46,51,57,58,64,66,67,71,72,75,76,77,78,81,85,89,106",30,117,...timewa sudah menerapkan prinsip kewajaran dan kelaziman usaha (Arm's Length Principle) berdasarkan Transfer Pricing Documentation (TP Doc) yang.telah.diserahkan: bahwa dalam TP Doc tersebut dijelaskan bahwa metode-...
1754,96449,PT. ELUAN MAHKOTA,PUT-007807-16/2020/PP/M-A Tahun 2023 PT. Eluan Mahkota,-,PPN,Menolak,transfer pricing,21,"7,20,21,27,29,30,34,38,39,40,41,43,48,52",14,74,"...timewa sudah menerapkan prinsip kewajaran dan kelaziman'usaha (Arm's Length Principle) berdasarkan Transfer Pricing Documentfation (TP Doc) yang telah diserahkan, bahwa dalam TP Doc tersebut. dijelaskan bahwa metod..."
1755,96463,PT SURYA TOTO INDONESIA,PUT-008070.15/2022/PP/M.IVA Tahun 2023 DEMI KEADILAN BERDASARKAN KETUHANAN YANG ,2019,Pajak Penghasilan,-,transfer pricing,4,"20,22,93,98",4,108,"...ng tetap dipertahankan dan keberatan Pemohon Banding ditolak, Menurut Pemohon Banding bahwa dalam Transfer Pricing Documentation Pemohon Banding tahun 2019 atas analisis manfaat beban royalti trademark license fee..."
1756,96470,PT JONES AND VINING INDONESIA,PUT-008562.15/2022/PP/M.IA Tahun 2023 DEMI KEADILAN BERDASARKAN KETUHANAN YANG M,2018,Pajak Penghasilan,Mengabulkan sebagian,transfer pricing,2,"7,20",2,73,"...l ini sesuai dengan ketentuan yang diatur dalam. PER-22/PJ/2013 Bab II tentang Tahapan Pemeriksaan Transfer Pricing'sub-bab A menyatakan: "".. Pemeriksa Pajak seharusnya mengumpulkan dan mempelajari data Wajib Pajak..."
1757,96487,PT SAP Indonesia,PUT-010791.15/2021/PP/M.XXB Tahun 2022,2015,Pajak Penghasilan,-,transfer pricing,17,"12,13,19,29,33,35,36,37,80,86,87",11,89,...akukan oleh Pemohon Banding juga telah mengikuti ketentuan yang diatur di dalam peraturan-peraturan transfer pricing yang berlaku di Indonesia dan OECD guideline. Jadi tidak tepat pendapat Terbanding yang mengatakan...
1758,96504,PT Panasonic Manufacturing Indonesia,PUT-012305.15/2021/PP/M.VA Tahun 2023 DEMI KEADILAN BERDASARKAN KETUHANAN YANG M,2018,Pajak Penghasilan,Mengabulkan seluruhnya,transfer pricing,9,"6,10,21,24,25,26,28",7,41,"...tapkan Terbanding; bahwa dalam analisis kesebandingan, tidak ada perbedaan dalam per\ggunaan metode Transfer Pricing, Transactional Net Margin Method (""TNMM"") dan indikator tingkat laba Ivef Cost P/us Mark Up (""NCPM""..."
1759,96521,PT-RIM CAPITAL,PUT-014220.15/2021/PP/M.IIIB Tahun 2023 DEMI KEADILAN BERDASARKAN KETUHANAN YANG,2018,Pajak Penghasilan,Mengabulkan sebagian,transfer pricing,4,"35,42,62,63",4,96,"...al 16 Juni 2021 diketahui bahwa dalam prosess pemeriksaan Pemohon Banding tidak memberikan dokumen' transfer pricing dan dokumen terkait eksistensi, pelaksanaan jasa atau telah diberikannya jasa technical Support dar..."
1760,96697,PT TETRA PAK STAINLESS EOUIPMENT,PUT-007334.15/2020/PP/M.IIIB Tahun 2023 DEMI KEADILAN BERDASARKAN KETUHANAN YANG,2014,Pajak Penghasilan,Mengabulkan sebagian,transfer pricing,84,"18,19,20,21,28,29,30,35,37,40,41,42,43,44,45,52,72,76,87,88,93,94,103,105,111,112,131,132,133,134,141,142,149,150,151,157,158,161,162,164,165,170,177,191",44,194,"...n koreksi positif. Oleh karenanya koreksi tersebut harus dibatalkan demi hukum, 18. Koreksi atas Transfer Pricing sebesar US$913,602.00 1.31. Menurut Terbanding bahwa berdasarkan hasil pemeriksaan transfer pricin..."
1761,96713,PT. Gemilang Cipta Nusantara,-,2019,Pajak Penghasilan,Mengabulkan seluruhnya,transfer pricing,9,"11,12,16,64,65,75,112",7,129,...ebih pembanding” bahwa hal ini dapat dipahami bersama supaya dapat meningkatkan keandalan analisis transfer pricing sesuai-dengan hasil simulasi Monte Carlo yang dilakukan oleh seorang 'ahli iransfer pricing asal Je...
1762,96732,PT MURINIWOOD INDAH INDUSTRY,PUT-009201.15/2020/PP/M.IIIB Tahun 2023 DEMI KEADILAN BERDASARKAN KETUHANAN YANG,-,Pajak Penghasilan,Mengabulkan sebagian,transfer pricing,2,"9,149",2,214,...rikut: “Pasal 2: 1) Peraturan Direktur Jenderal Pajak ini berlaku untuk Penentuan Harga Transfer (Transfer Pricing) atas transaksi yang dilakukan Wajib Pajak Dalam Negeri atau Bentuk Usaha Tetap di Indonesia dengan...
1763,96896,PT ELANG PERDANA TYRE INDUSTRY,PUT-003454.15/2020/PP/M.IIIB Tahun 2023 DEMI KEADILAN BERDASARKAN KETUHANAN YANG,2015,Pajak Penghasilan,Mengabulkan seluruhnya,transfer pricing,9,"47,52,53,54,55,65,66,78",8,81,"...ksi dalam hubungan istimewa dalam SPT Tahunan PPh Badan Tahun Pajak. 2016 «dan menyampaikan Dokumen Transfer Pricing (TP Doc, b. Pemohon Banding juga menyampaikan dalam-Lampiran, Khusus 3B SPT Tahunan PPh Badan Tahu..."
1764,96932,-,PUT-007887.15/2020/PP/M.IA Tahun 2023 The Hongkong And Shanghai Banking Corporat,2013,Pajak Penghasilan,Mengabulkan sebagian,transfer pricing,5,"24,30,40,46,74",5,83,...menerima manfaat tersebut yang alokasinya ditetapkan berdasarkan Dokumen Penentuan Harga Transfer (Transfer Pricing Documentati-on) yang telah disampaikan dalam proses pemeriksaan dan keberatan:Biaya yang dikeluarka...
1765,96933,-,PUT-007889-15/2020/PP/M.-IA Tahun 2023 Bank The,2015,Pajak Penghasilan,Menolak,transfer pricing,3,"12,33,34",3,54,...alokasi biaya juga dilakukan berdasarkan kebijakan... sebagaimana Dokumen Penentuan Harga Transfer (Transfer Pricing Documentation) yang telah di Halaman 12 dari 54'halaman' Putusan Nomor: PUT-007889-15/2020/PP/M.-I...
1766,97091,PT ELANG-PERDANA.TYRE INDUSTRY,PUT-003453.15/2020/PP/M.IIIB Tahun 2023 DEMI KEADILAN BERDASARKAN KETUHANAN YANG,2014,Pajak Penghasilan,Mengabulkan sebagian,transfer pricing,8,"53,58,59,60,70,82",6,94,"...si dalam hubungan istimewa «dalam. SPT Tahunan PPh Badan Tahun Pajak 2016 dan menyampaikan Dokumen Transfer Pricing (TP Doc), b. Pemohon Banding juga menyampaikan dalam Lampiran Khusus 3B SPT Tahunan PPh Badan Tahu..."
1767,97261,PT AMCOR SPECIALTY CARTONS INDONESIA,PUT-011501.15/2021/PP/M.IIIA Tahun 2023 DEMI KEADILAN BERDASARKAN KETUHANAN YANG,2017,Pajak Penghasilan,Mengabulkan seluruhnya,transfer pricing,2,"42,63",2,74,"...Banding: Bukti P-37 Instruksi pencatatan Management Fee'di sisi ASCI: Bukti P-38 ASC Intercompany Transfer Pricing & Management Fees Policy, Bukti P-39 Amandemen Perjanjian Operasi ASCI dan AGG tanggal 08 November..."
1768,97329,PT.BASF“CARE CHEMICALS INDONESIA,-,2018,-,-,transfer pricing,7,"12,37,38,41,45,46",6,51,...nt GmbH tersebut tel a dalam rentang yang wajar. Hasil analisis secara detail lihat dalam Dokumen Transfer Pricing Pemohon Banding: dapat membuktikan eksistensi dan manfaat ekonomi atas pemanfaatan harta tidak ber...
1769,97351,PT. MARS SYMBIOSCIENCE INDONESIA,PUT-002010.15/2021/PP/M.XIIB Tahun 2023 DEMI.KEADILAN BERDASARKAN KETUHANAN YANG,2017,Pajak Penghasilan,-,transfer pricing,18,"49,57,58,61,67,68,69,70,71,72,74,75,76,169",14,186,...promosi) yang Gg leh perusahaan yang bukan pemilik merek) Oa sebagai berikut: Par. 6.36 Difficult transfer pricing problems can arise when marketing activities are undertaken by enterprises that do not own the trad...
1770,97353,-,Put-002488.15/2022/PP/M.XIIB Tahun 2023 PT MARS SYMBIOSCIENCE INDONESIA,2018,Pajak Penghasilan,-,transfer pricing,16,"9,13,20,49,73,93,96,101,109,139,166",11,193,"Salinan Putusan Pengadilan Pajak setpp.kemenkeu.go.id penjualan berdasarkan Analisa transfer pricing dan mempertahankan koreksi Penyesuaian Fiskal Positif sebesar USD 702.372,00: 2. Penjualan Barang B..."
1771,97390,PT Bredero Shaw Indonesia,PUT-009699.15/2019/PP/M.XVA Tahun 2023 DEMI KEADILAN BERDASARKAN KETUHANAN YANG ,2016,Pajak Penghasilan,-,transfer pricing,1,37,1,40,"...ta yang ada, Majelis tidak mendapatkan penjelasan baik lisan maupun tulisan telah dilakukan analisa Transfer Pricing untuk menghitung dan menjelaskan berapa nilai yang wajar atas biaya Home Office'Expense yang harus..."
1772,97471,PT SUMIDEN SERASI WIRE PRODUCTS,PUT-005008.15/2022/PP/M.XIVB Tahun 2023,2016,Pajak Penghasilan,Mengabulkan sebagian,transfer pricing,12,"11,17,35,38,40,43,74,115,129,136,137",11,145,"...a perlu disampaikan kembali. bahwa untuk menentukan harga pada BPC, Pemohon Banding telah melakukan Transfer Pricing study dan didalamnya dapat dilihat bahwa profit yang dihasilkan perusahaan masih merupakan profit y..."
1773,97559,PT. Trinseo Materials Indonesia,PUT-015234.15/2020/PP/M.XVB Tahun 2023 DEMI KEADILAN BERDASARKAN KETUHANAN YANG ,2017,Pajak Penghasilan,-,transfer pricing,8,"36,70,85,86,87,88,90",7,97,bahwa Pemohon Banding juga mengacu pada paragraf 9.34 dari Pedoman Transfer Pricing yang diterbitkan oleh Organisation for Economic Cooperation and Development (“OECD”) 2017 yang menj...
1774,97573,PT SUKAJADI SAWIT MEKAR,PUT-002765.15/2022/PP/M.VB Tahun 2023 DEMI KEADILAN BERDASARKAN KETUHANAN YANG M,2016,Pajak Penghasilan,-,transfer pricing,8,"8,26,29,30,31,50",6,71,"...an oleh pihak independen untuk menetapkan harga produk komoditas yang diperdagangkan. Dalam praktis transfer pricing, harga tersebut dapat mencerminkan kewajaran dari suatu harga jual komoditas; • bahwa penggunaan me..."
1775,97641,PT TOYOTA TSUSHO MECHANICAL&ENGINEERING SERVICES,PUT-014887.15/2019/PP/M.IIIA Tahun 2022 DEMI.KEADILAN BERDASARKAN KETUHANAN YANG,2016,Pajak Penghasilan,-,transfer pricing,7,"17,18,33,41",4,57,"...oses pemeriksaan, terdapat persamaan pendapat antara Pemohon Banding dan Terbanding terkait Dokumen Transfer pricing (TP Documentation) yang telah disampaikan Pemohon Banding terkait beberapa hal berikut: 1. Segmenta..."
1776,97660,PT AGRINDO INDAH PERSADA,PUT-000734.15/2023/PP/M.VlllA Tahun 2023 DEMI KEADILAN BERDASARRAN KETUHANAN YAN,2019,Pajak Penghasilan,-,transfer pricing,2,"9,29",2,35,...an bahwa: Pasal 2 (1) Peraturan Direktur Jenderal pajak ini berlaku untuk penentuan Harga Transfer (Transfer Pricing) atas fransaksi yang dilakukan Wajib Pajak Dalam Negeri atau Bentuk Usaha Tetap di Indonesia dengan...
1777,97673,-,-,2015,Pajak Penghasilan,-,transfer pricing,2,"65,86",2,105,...erikut: Pasal 2 (1) Peraturan Direktur Jenderal Pajak ini berlaku untuk Penentuan Harga Transfer (Transfer Pricing) atas transaksi yang dilakukan Wajib Pajak Dalam Negeri atau Bentuk Usaha Tetap di Indonesia dengan...
1778,97677,-,PUT-001101.15/2022/PP/M.VIB Tahun 2023 DEMI KEADILAN BERDASARKAN KETUHANAN YANG ,2018,Pajak Penghasilan,-,transfer pricing,19,"12,17,20,25,26,32,33,35,36,38,42,52,53,54,55",15,69,...t adalah wajar dan sesuai dengan kelaziman usaha; j) bahwa seluruh da fa /oca/ ire dalam penyusunan Transfer Pricing Documentation telah diberikan kepada Tim Pemeriksa pada saat pemeriksaan; 2) bahwa terkait koreksi...
1779,97708,PT ORACLE INDONESIA,PUT-001677.15/2022/PP/M.VIA Tahun 2023 DEMI KEADILAN BERDASARKAN KETUHANAN YANG ,2018,Pajak Penghasilan,-,transfer pricing,49,"13,16,23,24,28,30,54,58,60,80,82,89,106,108,112,115,123,124,127,130,132,147,148,149,151,152,164,165,167,199,201,219,226,228,230",35,240,"...g relevan dan memadai yang mendukung bukti serta menerapkan Prinsip Kewajaran dan Kelaziman Usaha (Transfer Pricing) secara tidak tepat, dengan penjelasan sebagai 1 berikut: 1. Dasar hukum yang digunakan Terbanding..."
1780,97726,PTELECTROLUX INDONESIA,PUT-002951.15/2020/PP/M.XA Tahun 2023 PT Electrolux Indonesia 1,2016,Pajak Penghasilan,Mengabulkan sebagian,transfer pricing,12,"20,22,36,74,75,99,104,124,125",9,145,"...a merupakan praktik bisnis yang wajar dan diperbolehkan, Hal ini sesuai dengan Pasal 7.2 dari OECD Transfer Pricing Guidelines for Multinational Enterprises and Tax Administrations (""OECD"") tertanggal 22 July 2010 m..."
1781,97774,PT UNITED STEEL CENTER INDONESIA,PUT-004622.15/2022/PP/M.VIA Tahun 2023 DEMI KEADILAN BERDASARKAN KETUHANAN YANG ,2018,Pajak Penghasilan,-,transfer pricing,22,"8,10,16,28,37,38,46,47,54,56,57,61,64,65,67,75,82,87",18,98,"...g perusahaan pembanding adalah sama dengan perusahaan pembanding lainnya dan telah sesuai peraturan Transfer Pricing yang berlaku. Pemohon Banding telah menerapkan langkah:langkah pemilihan perusahaan pembanding, ter..."
1782,97798,-,-,2015,Pajak Penghasilan,-,transfer pricing,4,"51,54,75,98",4,146,"...Invoice Terkait Biaya-Biaya Marketing Tahun Pajak 2015 Service Agreement Intra Group, Dokumentasi Transfer Pricing Pemohon, Bandin Doc) Tahun Pajak 2015, Kw Regional Statutory Audit sem Xt 2015 Yang Diterbitkan Ol..."
1783,97846,-,PUT-007562.15/2021/PP/M.VIB Tahun 2023 DEMI l,2016,Pajak Penghasilan,Mengabulkan sebagian,transfer pricing,14,"20,35,37,43,77,108,182,188,189,190",10,199,"...n Fiskal Positif sebesar Rp6.225.563.158,00 dengan penjelasan sebagai berikut: 1) bahwa berdasarkan Transfer pricing Document (TP Doc) dan Perianjian, diketahui bahwa Pemohon Banding melakukan transaksi kepada pihak..."
1784,97854,PT COMPNET INTEGRATOR SERVICES,-,2019,Pajak Penghasilan,Mengabulkan seluruhnya,transfer pricing,11,"23,24,40,41,54,62",6,79,...reksi atas transaksi dengan pihak yang memiliki hubungan istimewa haruslah didasarkan pada Analisis Transfer Pricing dan Harga Wajar sesuai ketentuan yang diatur dalam S-153/PJ.04/2010 tentang Panduan PemeriksaanKewa...
1785,97855,PT.KOYO MARKETING AND PROCESSING INDONESIA,PUT-008182.15/2022/PP/M.VIIIB Tahun 2023 DEMIKEADILAN BERDASARKAN KETUHANAN YANG,2019,Pajak Penghasilan,Mengabulkan sebagian,transfer pricing,14,"5,11,27,28,33,41,47,49,76,77,78,79",12,87,"...h Terbanding tidak tepat dan perusahaan pembanding. yang dipilih oleh Pemohon Banding dalam laporan transfer pricing documentation sudah tepat, - ""bahwa Laporan Keuangan Pemohon Banding tidak dapat disegmentasi: -..."
1786,97952,PT-ECART SERVICES INDONESIA,PUT-012162.15/2019/PP/M.VIIIA Tahun 2023 DEMI KEADILAN BERDASARKAN KETUHANAN YAN,2015,-,Mengabulkan sebagian,transfer pricing,29,"29,31,32,37,38,39,84,85,90,91,92,112",12,128,"...p besar tersebut, tidak.dapat serta-merta dikaitkan langsung dengan upaya penghindaran pajak.dengan transfer pricing, namun perlu diteliti terlebih dahulu. dari sudut kondisi perkembangan usaha Pemohon Banding. Dalam..."
1787,97974,-,PUT-013267,2018,Pajak Penghasilan,Mengabulkan seluruhnya,transfer pricing,5,"13,49,83,84",4,103,...nyatakan bahwa: (1) Peraturan Direktur Jenderal Pajak Ini berlaku untuk Penentuan Harga Transfer (Transfer Pricing) atas transaksi yang dilakukan Wajib Pajak Dalam Negeri atau Bentuk Usaha Tetap di Indonesia dengan...
1788,98004,PT. VISA WORLDWIDE INDONESIA,PUT-014398.15/2021/PP/M.VIB Tahun 2023 DEMI KEADILAN BERDASARKAN KETUHANAN YANG ,2018,Pajak Penghasilan,-,transfer pricing,3,"75,103,115",3,133,"- Paragraph 1.6, 7.6 - 7.37 OECD Transfer Pricing Guidelines (“CECD TPG”) Alasan Ketidaksetujuan Pemohon Banding terhadap koreksi fiskal positif at..."
1789,98005,PT SOLAR SERVICES INDONESIA,PUT-014679.15/2020/PP/M.XA Tahun 2023 DEMI KEADILAN BERDASARKAN KETUHANAN YANG M,2017,Pajak Penghasilan,Mengabulkan sebagian,transfer pricing,1,88,1,97,...arga balk sedarah maupun semenda dalam garis keturunan lurus dawlatau ke samping safu dertyat. OECD Transfer Pricing Guidelines for Multinational Enterprises and Tax Administration 2010 Peraturan Direktur Jenderal Pa...
1790,98089,PT UTAC MANUFACTURING SERVICES INDONESIA,PUT-004354.15/2022/PP/M.IIIB Tahun 2023 DEMI KEADILAN BERDASARKAN KETUHANAN YANG,2015,Pajak Penghasilan,Mengabulkan seluruhnya,transfer pricing,14,"6,8,9,16,17,21,22,30,35,37",10,43,"...ing sebesar 1,1696 berada di bawah rentang interkuartil data pembanding, sehingga dilakukan koreksi Transfer Pricing sebagai berikut: NCP Pemohon Banding 11696 NCP Median Pembanding 416Yo Koreksi 3.00Y6 Koreksi te..."
1791,98130,-,PUT-007831.15/2022/PP/M.VB Tahun 2023 PT CARGILL INDONESIA,2018,-,-,transfer pricing,19,"7,12,14,19,31,33,34,49,51,63,68,84,86,89,90,95",16,100,"...ng minimal: bahwa kemudian, Pemohon Bandi mengacu pada PER- 22/PJ/2013 Bab Il mengenai se meriksaan Transfer Pricing bagian B yang meny: “Dalam pelak Tema transfer pricing, pemeriksa pajak AN dokumen yang menjadi da..."
1792,98140,PT. Alam Perkasa Lestari,PUT-008216.15/2021/PP/M.XVB Tahun 2023,2018,Pajak Penghasilan,-,transfer pricing,19,"15,17,22,24,37,52,53,72,96,97,101,102,105,110,115",15,138,"...tercantum dalam TP Document yang disusun oleh Auditor PT Ekasurya Yasa di bab 8.3. halaman 51 buku Transfer Pricing “Document, .Penerapan TP Document, Metode CUP (Comparable Uncontrolled Price) tidak dapat diterapka..."
1793,98172,PT RIAU-“AGUNG KARYA ABADI,PUT-009020.15/2022/PP/M.IIB Tahun 2023 DEMI KEADILAN BERDASARKAN KETUHANAN YANG ,2019,Pajak Penghasilan,Mengabulkan seluruhnya,transfer pricing,4,"5,24",2,31,"...dengan Peraturan Direktur Jenderal Pajak Nomor PER-22/PJ/2013, 3. bahwa Penentuan harga transfer (transfer pricing) berlaku atas.transaksi yang dilakukan Pemohon Banding Dalam Negeri dengan'Pemohon Banding Luar Neg..."
1794,98182,-,-,2019,Pajak Penghasilan,-,transfer pricing,7,"65,66,67",3,81,"...transaksi afiliasinya, Pemohon Banding telah melaksanakan kewajibannya-yaitu melakukan dokumentasi Transfer Pricing sesuai dengan | ketentuan Peraturan Menteri Keuangan Nomor 213/PMK.03/2016: - bahwa atas pengujian..."
1795,98207,PT.NICHIAS. ROCKWOOL INDONESIA,PUT-009564.15/2021/PP/M.IB Tahun 2023 PT Nichias Rockwool Indonesia,2018,Pajak Penghasilan,-,transfer pricing,16,"7,10,11,18,29,36,37,38,39,42,48,52",12,67,"...d. Lampiran PER-22 yaitu Lampiran I Bab II, huruf B menegaskan: 1. Tahapan pelaksanaan Pemeriksaan transfer pricing terdiri dari menentukan karakteristik usaha Wajib Pajak, memilih metode transfer pricing, dan mener..."
1796,98264,PT RAYOVAC BATTERY INDONESIA d.h. PT FDK INDONESIA,PUT-010063.15/2021/PP/M.IB Tahun 2023 DEMI KEADILAN BERDASARKAN KETUHANAN YANG M,2014,-,-,transfer pricing,48,"10,17,19,30,46,51,53,55,57,61,64,73,74,77,79,80,84,87,92,102,109,111,118,121,128,129,130,132,134,142",30,145,"...,42 rutT ing USD 77.234.857,95 c i USD (1.106.332) Koreksi Peredaran Usaha berasal dari Pengujian Transfer Pricing yang dilakukan terhadap Pemohon Banding atas transaksi kepada pihak afiliasi dengan menggunakan met..."
1797,98291,-,PUT-011240.15/2022/PP/M.VB Tahun 2023 PT Bumi Sawit Perkasa,-,Pajak Penghasilan,-,transfer pricing,8,"10,38,53,66,74,76,78,79",8,82,"...n Pasal 18 ayat (3) dan oKN (4) UU PPh, PER-22/PJ/2013 serta PER-32/PJ/2011, SE-35/PJ/2010 “ OECD Transfer Pricing Guidelines, paragraph 7.5: a) adanya eksistensi atau kebenaran pelaksanaan ca mn jasa atas pembeb..."
1798,98348,-,-,2017,Pajak Penghasilan,-,transfer pricing,7,"23,51,52,64,69,75,109",7,148,"...kadal go.id a berdasarkan ketentuan-ketentuan diatas, dapat disimpulkan pemilihan metode pengujian transfer pricing yang dilakukan Padat, Terbanding adalah tidak tepat, Pp wp bahwa berdasarkan penjelasan di atas, d..."
1799,98358,PT Air Liguide Indonesia,PUT-013753.15/2022/PP/M.IB Tahun 2023 DEMI KEADILAN BERDASARKAN KETUHANAN YANG M,2019,Pajak Penghasilan,Tidak dapat diterima,transfer pricing,4,"9,10,19",3,60,"...kepada pihak afiliasi telah memenuhi prinsip kewajaran dan kelaziman usaha sesuai dengan peraturan transfer pricing di Indonesia, dan 4. Perusahaan pembanding yang dipilih oleh Terbanding tidak sebanding dengan.bis..."
1800,98380,-,-,2017,Pajak Penghasilan,-,transfer pricing,18,"14,16,17,19,37,38,46,67,68,72,75,76",12,82,...plementasikan prinsip pencocokan beban dan penghasilan (matching cost against revenue): bahwa OECD Transfer Pricing Guidelines for Multinational Enterprises and Tax Administrations (“OECD TP Guidelines”) pada paragr...
1801,98400,PT. INDONESIA STANLEY ELECTRIC,PUT-001276.15/2021/PP/M.IIIB Tahun 2023 DEMI KEADILAN BERDASARKAN KETUHANAN YANG,2017,Pajak Penghasilan,-,transfer pricing,14,"12,43,54,56,106,107,109,111,122,129,145,152,163",13,168,"...sebesar Rp41.890.930.232,00, a. bahwa Terbanding berpendapat bahwa koreksi berdasarkan pengujian transfer pricing untuk Jasa Design dan drawing fee yang dikapitalisasikan menjadi intangible asset dan diamortisasi..."
1802,98408,PT JST Indonesia,PUT-003914.15/2020/PP/M.IVA Tahun 2023 DEMI KEADILAN BERDASARKAN KETUHANAN YANG ,2013,Pajak Penghasilan,Mengabulkan seluruhnya,transfer pricing,46,"6,7,9,11,18,19,21,22,23,25,26,29,32,36,38,41,42,43,44,45,49,50,53,56,59",25,62,"...ding, melakukan koreksi peredaran usaha dengan alasan sebagai berikut: bahwa berdasarkan analisis Transfer Pricing yang dilakukan Terbanding menggunakan metode Transactional Net Margin Method (TNMM) dan Profit Leve..."
1803,98409,PT JST Indonesia,PUT-003915.15/2020/PP/M.IVA Tahun 2023 DEMI KEADILAN BERDASARKAN KETUHANAN YANG ,2014,Pajak Penghasilan,-,transfer pricing,55,"6,7,8,9,10,12,15,20,21,23,24,26,29,30,35,36,37,41,46,48,49,50,52,56,59,60,62,66",28,69,...2.981 Menurut Terbanding N $ 43.331.804 Koreksi Terbandin: $ 15.858.823 bahwa berdasarkan analisis Transfer Pricing yang dilakukan Terbanding melakukan koreksi peredaran usaha dengan alasan ikut: menggunakan metod...
1804,98420,PT CITRA .NUTRINDO LANGGENG,PUT-008875.15/2021/PP/M.IIIA Tahun 2023 DEMI KEADILAN BERDASARKAN KETUHANAN YANG,2018,Pajak Penghasilan,Mengabulkan sebagian,transfer pricing,9,"6,28,38,53,65,66,67,79,81",9,113,"...aikan oleh Pemohon Banding, bahwa berdasarkan perhitungan dengan menggunakan metode | pemeriksaan Transfer Pricing, Metode Laba Bersih Transaksional (TNMM), | diperoleh operating. profit wajar Wajib Pajak adalah se..."
1805,98441,PT.SCG Lightweight Concrete Indonesia,PUT-013739.15/2019/PP/M.IVB Tahun 2023 DEMI KEADILAN BERDASARKAN KETUHANAN YANG ,2016,Pajak Penghasilan,-,transfer pricing,2,"26,38",2,44,...meriksaan Terhadap Wajib Pajak Yang Mempunyai Hubungan Vaanor yang selanjutnya disebut Pemeriksaan Transfer Pricing: PN asal 1 Peraturan Dirjen Pajak Nomor PER-39/PJ./2009 tentang NP ») Surat Pemberitahuan Tahunan...
1806,98500,PT Cahaya Pelita Andhika,PUT-004550.15/2022/PP/M.XVIA Tahun 2023 DEMI KEADILAN BERDASARKAN KETUHANAN YANG,2016,Pajak Penghasilan,-,transfer pricing,2,"13,69",2,91,"...Pemohon Banding dan kedua, apakah atas transaksi tersebut terlah memenuhi prinsip ALP 16. OECD TPG (Transfer Pricing Guidelines) par. 7.5 s/d.7.18sdan SE- 50/PJ/2013 menjabarkannya sebagai berikut: a. Benefit Test Da..."
1807,98523,PT. Sunrose Indonesia,PUT-006004.15/2022/PP/Ivl.XVIA Tahun 2023 DEMI KEADILAN BERDASARKAN KETUHANAN YA,2016,Pajak Penghasilan,Mengabulkan seluruhnya,transfer pricing,11,"7,10,13,24,54,59,62,63,64",9,67,"...terdapat selisih Margin Gross Profit sebesar 17,30% (27,14% -9.,84%) dan melakukan koreksi positif transfer pricing sebesar Rp 7.I.818.655.014,-. a.2) Koreksi Penjualan Lokal sebesar Rp 10.853.074,-berdasarkan ' kor..."
1808,98525,PT KOTNI DO INDAH MAJU,PUT-006845.15/2022/PP/M.XIIB Tahun 2023 DEMI KEADILAN BERDASARKAN KETUHANAN YANG,2019,-,Mengabulkan seluruhnya,transfer pricing,1,32,1,82,"...ewa bahwa pada lampiran PER-22/PJ/2013 huruf B-tentang Hubungan Istimewa bahwa, dalam ""Pemeriksaan transfer pricing, definisi hubungan istimewa mengacu-pada peraturan perpajakan yang Halaman 32 dari 82|halaman: Pu..."
1809,98551,PT Sysmex Indonesia,PUT-010224.15/2021/PP/M.XIVB Tahun 2023,2015,Pajak Penghasilan,Mengabulkan sebagian,transfer pricing,17,"6,9,37,46,47,50,51,57,61,93,96,97,100",13,106,- PER-43/PJ/2010 st.d.d. PER-32/PJ/2011 - SE-04/PJ:7/1993 s.t.d.d. SE-50/PJ/2013 - OECD.TPG Transfer Pricing Guidelines for Multinational Enterprises and Tax Administration bahwa berikut ringkasan pendapat T...
1810,98692,PT ALAMRAYA KENCANA MAS,PUT-000933.15/2021/PP/M.IIB Tahun 2023 DEMI KEADILAN BERDASARKAN KETUHANAN YANG ,2016,Pajak Penghasilan,-,transfer pricing,4,"7,37,38",3,61,"...EY dalam hal kelaziman dan kewajaran“di dalam penentuan harga tersebut. Sesuai dengan hasil Dokumen Transfer Pricing yang disusun oleh EY, transaksi pinjaman dana tersebut telah memenuhi arm's length principle. d. P..."
1811,98708,PT. HOTEL CANDI BARU,PUT-004221.15/2022/PP/M.IVB Tahun 2023 DEMI KEADILAN BERDASARKAN KETUHANAN YANG ,2017,-,-,transfer pricing,1,32,1,73,"...biaya, Slip pembayaran gaji/bukti transfer dan rincian perhitungan PPh Pasal 21 karyawan, TP.Doc/Transfer Pricing Documentationbatau. dokumen penentuan harga transfer atas.transaksi dengan pihak yang memiliki hubu..."
1812,98750,PT. NAKAKIN INDONESIA,PUT-004431.15/2021/PP/M.IA Tahun 2023 DEMI KEADILAN BERDASARKAN KETUHANAN YANG M,2017,Pajak Penghasilan,Mengabulkan sebagian,transfer pricing,1,50,1,70,"...chnical Casting, Finance Control maupun Technical Advisor; bahwa Pemohon Banding tidak menyampaikan Transfer Pricing Documentation, sehingga dapat disimpulkan bahwa Pemohon Banding tidak melakukan Analisa kewajaran a..."
1813,98808,PT Budi Lumbung Ciptatani,PUT-009899.15/2021/PP/M.IVB Tahun 2023 DEMI KEADILAN BERDASARKAN KETUHANAN YANG ,2018,Pajak Penghasilan,Mengabulkan sebagian,transfer pricing,2,"16,44",2,64,...la memang terdapat hubungan istimewa maka Pemeriksa dapat melakukan Analisa kewajaran (atau Analisa transfer pricing) sebagaimana diamanatkan dalam Pasal 18 ayat (3) UU PPh: Harga Pembelian Singkong dari para'petani...
1814,98907,PT.FMC Santana Petroleum Eguipment Indonesia,PUT-015012.15/2020/PP/M.XVB Tahun 2023 DEMI KEADILAN BERDASARKAN KETUHANAN YANG ,2017,Pajak Penghasilan,-,transfer pricing,11,"8,9,19,20,23,29,47,51",8,61,...nya dan telah dilakukan sesuai dengan prinsip kewajaran dan kelaziman usaha sesuai dengan peraturanrtransfer pricing yang berlaku di Indonesia. Disclaimer Salinan Putusan Pengadilan Pajak ini merupakan informasi un...
1815,98935,PT LCWAIKIKI RETAIL INDONESIA,-,2018,Pajak Penghasilan,Mengabulkan seluruhnya,transfer pricing,9,"17,20,21,25,26,40,49,52",8,55,"...ar Koreksi Pemeriksa: a. Pemeriksa melakukan koreksi pembelian sebagai komponen HPP atas pengujian transfer pricing, yaitu dengan melakukan penyesuajan margin laba kotor dari 34.9» menurut Pemohon Banding menjadi 48..."
1816,98952,PT NOK PRECISION COMPONENT BATAM,PUT-004059.15/2022/PP/M.XIIB Tahun 2023 DEMI KEADILAN BERDASARKAN KETUHANAN YANG,2019,Pajak Penghasilan,Menolak,transfer pricing,11,"9,11,27,29,38,42",6,48,...itas tersebut tetaplah dua entitas independen yang terpisah. Hal ini diatur dalam Paragraf 1.6 OECD Transfer Pricing Guidelines Juli 2010 dan Paragraf 40 Commentary on Article 5 OECD Model Tax Convention on Income an...
1817,98987,PT LG Electronics Indonesia,PUT-001748.15/2022/PP/M.XVA Tahun 2023 DEMI KEADILAN BERDASARKAN KETUHANAN YANG ,2018,Pajak Penghasilan,-,transfer pricing,8,"11,60,61,66,107,118",6,138,"...a atas Selisih Nilai Penjualan Ekspor merupakan Koreksi Berganda (double correction) dengan Koreksi Transfer Pricing sebesar USD6.387.775,89 terkait usaha ekspor contract manufacturing bahwa sebagai tambahan informas..."
1818,99034,PT.TUAH TURANGGA AGUNG,PUT-010111.15/2022/PP/M.XIIB Tahun 2023 DEMI KEADILAN BERDASARKAN KETUHANAN YANG,2019,-,Mengabulkan sebagian,transfer pricing,37,"13,16,17,19,20,21,22,38,39,40,41,62,63,72,73,86",16,92,bahwa ketentuan transfer pricing mensyaratkan data transaksi independen sebagai data pembanding: Pasal 18 ayat (3) Undang-Undang Paj...
1819,99060,PT M-l Indonesia,PUT-013712.15/2021/PP/M.XVA Tahun 2023 DEMI KEADILAN BERDASARKAN KETUHANAN YANG ,2018,Pajak Penghasilan,Mengabulkan seluruhnya,transfer pricing,12,"7,8,31,34,35,63,65",7,79,"...nked transaction) atau berkelanjutan (confinvous). on 2 PER-22/PJ/2013 Lampiran “Dalam Pemeriksaan transfer pricing, terdapat situasi-situasi dimana I'Bab Il Bagian B.3.-b.4 pengujian transaksi afiliasi secara gabun..."
1820,99085,PT Jabontara Eka Karsa,PUT-006276.15/2021/PP/M.XXB Tahun 2023,2018,Pajak Penghasilan,-,transfer pricing,20,"20,21,22,25,27,51,63,69,70,71,83,104,107,108,109,112,114,137,138",19,142,"...057.922 bahwa berdasarkan penjelasan diatas maka Pemohon Banding sudah memenuhi ketentuan Peraturan Transfer Pricing yang berlaku yaitu PMK-213/PMK.03/2016, PER-32/PJ/2011 dengan menerapkanp Halaman 20 dart 142 halam..."
1821,99100,PT Jabontara Eka Karsa,PUT-009223.15/2022/PP/M.XXB Tahun 2023,2019,-,Mengabulkan sebagian,transfer pricing,6,"14,19,20,23,27,41",6,45,"...sebanding, atau dilakukan sendiri oleh Pemohon Banding untuk keperluannya; Berdasarkan Dokumentasi Transfer Pricing halaman 39 yang telah Pemohon Banding buat, dapat diketahui bahwa berdasarkan metodeq= Halaman 14 d..."
1822,99126,PT NSK INDONESIA,PUT-000296.15/2023/PP/M.IXA Tahun 2023 DEMI KEADILAN BERDASARKAN KETUHANAN YANG ,2019,Pajak Penghasilan,Mengabulkan sebagian,transfer pricing,14,"23,24,26,41,42,43,44,51,52",9,56,"...ga membuktikan bahwa Pemohon Banding manfaat ekonomis dari jasa yang diberikan oleh AOHA, Koreksi transfer pricing yang dikenakan oleh Terbanding mengh menyetarakan penghindaran mendapatkan asilkan tingkat lab..."
1823,99127,PT CHUB B SAFES INDONESIA,PUT-000614.15/2020/PP/M.IVA Tahun 2023 DEMI KEADILAN BERDASARKAN KETUHANAN YANG ,2016,Pajak Penghasilan,Mengabulkan seluruhnya,transfer pricing,9,"36,40,41,43,45,46,61,64",8,69,"...relation to the sale of goods by the product companies on behalf of its affiliated Principals., The transfer pricing method applied in the comparability analysis was the transactional net margin method (""TNMM"") apply..."
1824,99143,PT MULTISTRADA ARAH SARANA TBK,-,2019,-,-,transfer pricing,15,"7,11,31,33,34,35,36,44,47,48,88,100",12,118,"...n Banding telah menyusun dan meny seba Lokal yang memuat penentuan karakteristik Pemoh Mean metode transfer pricing, serta analisis an jaran dan kelaziman usaha. Namun Terbanding ""u isa dalam Dokumen Lokal tersebut..."
1825,99151,PT KIE INDONESIA,PUT-001 93.15/2021/PP/M.IIA Tahun 2023 PT KIE Indonesia,2017,Pajak Penghasilan,Mengabulkan sebagian,transfer pricing,12,"6,8,26,37,44,46,48,55,74,81,97",11,123,Salinan Putusan Pengadilan Pajak setpp.kemenkeu.go.id bahwa menurut 1 transfer pricing guidline Juli 2017 dan rekomendasi ark-up wajar dari low value adding intra-group service BEPS ac...
1826,99176,PT.VALVOLINE LUBRICANTS AND CHEMICALS INDONESIA,-,2018,Pajak Penghasilan,Menolak,transfer pricing,2,14,1,41,"...atas sesilih HPP yang berasal dari komponen COGS yang tidak diperhitungkan: .bahwa dokumen terkait Transfer Pricing: Transfer Pricing Documentations Tahun 2018, kontrak/perjanjian dengan pihak yang mempunyai hubung..."
1827,99181,PT PANASONIC GOBEL LIFE SOLUTIONS MANUFACTURING,PUT-001381.15/2019/PP/M.XB Tahun 2023 DEMI KEADILAN BERDASARKAN KETUHANAN YANG M,2015,Pajak Penghasilan,Mengabulkan sebagian,transfer pricing,14,"7,9,10,11,25,26,29,30,40,41,42,52,58",13,67,bahwa sesuai dengan penjelasan dalam Transfer Pricing Documentation (TP Report) tahun pajak 2015 transaksi penjualan dengan pihak-pihak yang mempunyai h...
1828,99230,PT HAMADEN INDONESIA MANUFACTURING,PUT-003141.15/2022/PP/M.VIIIA Tahun 2023 DEMI KEADILAN BERDASARKAN KETUHANAN YAN,2015,Pajak Penghasilan,Mengabulkan sebagian,transfer pricing,17,"15,25,28,46,47,48,109",7,134,"...(tested party), tingkat laba Retum On Sales (“ROS”) digunakan sebagai acuan laba wajar, dan metode transfer pricing TNMM dipilih sebagai metode yang paling tepat untuk menguji sifat kewajaran pada transaksi afiliasi..."
1829,99237,PT Gunung Melayu,PUT-003751.15/2018/PP/M.XVB Tahun 2023,2015,Pajak Penghasilan,-,transfer pricing,2,168,1,235,"11. 12. 13. 14. 15. 16. bahwa, Pemohon Banding telah menyusun Transfer Pricing Documentation atas transaksi jasa Konsultasi Manajemen dengan RGE Pte Ltd tersebut dengan menunjuk..."
1830,99247,PT. GRESIK POWER INDONESIA,-,2018,Pajak Penghasilan,-,transfer pricing,20,"37,39,40,54,97,98,99,118,129,131,132,135,136,137,138,139",16,143,...ebut diuji dengan menggunakan Metode CUP karena berdasarkan ketersediaan data dan pedoman dari OECD Transfer Pricing Guidelines 2017 (“OECD TP Guidelines”) Paragraf 2.15 disebutkan: ta an uncontrolled transaction is...
1831,99303,PT SOLAR: SERVICES INDONESIA,PUT-007234.15/2020/PP/M.XA Tahun 2023 DEMI KEADILAN BERDASARKAN KETUHANAN YANG M,2016,Pajak Penghasilan,Mengabulkan sebagian,transfer pricing,22,"15,17,31,40,42,44,45,47,48,64,76,77,104,105,107",15,118,...an Terhadap Wajib Pajak Yang Mempunyai Hubungan Istimewa pada Lampiran Bab II Tahapan Pemeriksaan Transfer Pricing Subbab B. Tahapan Pelaksanaan Pemeriksaan angka 3 Menerapkan Prinsip Kewajaran dan Kelaziman Usaha...
1832,99337,PT «CONNEL BERSAUDARA CHEMINDO,PUT-011293.15/2021/PP/M.XIIB Tahun 2023 DEMI KEADILAN BERDASARKAN KETUHANAN YANG,2018,Pajak Penghasilan,-,transfer pricing,11,"117,120,124,125,126",5,150,"...ai basis penentuan biaya, Pemohon Banding menjelaskan sebagai berikut. Menunut paragraf B.2.2.0ECD Transfer Pricing Guidelines 2017, terdapat dua cara pembebanan «imbalan untuk intra-group services, yaitu metode pem..."
1833,99409,PT Eastem Logistics,PUT-014328.15/2019/PP/M.XVB Tahun 2023,2016,Pajak Penghasilan,-,transfer pricing,2,"23,25",2,64,...iksaan Terhadap Wajib Pajak Yang Mempunyai Hubungan Istimewa” yang: selanjutnya disebut Pemeriksaan transfer pricing. f halaman 23 dari 64 PUT-014328.15/2019/PP/M.XVB Tahun 2023 PT Eastern Logistics
1834,99410,PT. Muriniwood Indah Industry,PUT-014328.15/2021/PP/M.XXB Tahun 2023,2018,Pajak Penghasilan,Mengabulkan sebagian,transfer pricing,22,"11,15,49,51,52,53,54,55,56,61,64,70,73,77,122,178",16,215,...di pembanding.” Pasal 2: “(1)Peraturan Jenderal Pajak ini berlaku untuk Penentuan Harga Transfer (Transfer Pricing) atas transaksi yang dilakukan Wajib Pajak Dalam Negeri atau Bentuk Usaha Tetap di Indonesia dengan...
1835,99436,PT MITSUBISHI KRAMA YUDHA MO TORS AND MANUFACTURING,PUT-004647.15/2020/PP/M.VIA Tahun 2023 DEMI KEADILAN BERDASARKAN KETUHANAN YANG ,2015,Pajak Penghasilan,-,transfer pricing,6,"8,19,25,51,58",5,75,...yalti kepada pihak independen yaitu Mitsubishi Motors Corporation (MMC). Sehingga koreksi pengujian transfer pricing atas royalty base yang dilakukan oleh Terbanding adalah tidak tepat karena perhitungan koreksi ters...
1836,99469,-,-,2018,-,-,transfer pricing,3,"13,45",2,68,"...dan menggunakan aset yang terbatas kegiatan usaha manufakturnya, dalam | any agraf 1.51 dari OECD Transfer Pricing Guidelines for Multinational tei 9, rises and Tax Administrations (“Pedoman OECD”) menyatakan: N..."
1837,99487,PT BANK MAYBANK INDONESIA TBK,PUT009575.15/2019/PP/M.VIllA Tahun 2023 PT Bank Maybank Indonesia Tbk,2014,Pajak Penghasilan,-,transfer pricing,2,45,1,108,...an bunga yang dibayar atas pirtyaman yang diterima Bank. 1.1.2.5. Biaya Dana Kewajiban Antar KantoIITransfer Pricing Yang dimaksud dengan biaya dana kewajiban antar kantor;/transfer pricing adalah biaya bunga atas da...
1838,99506,PT. STAEDTLER INDONESIA,PUT-011505.15/2022/PP/M.IA Tahun 2023 DEMIKEADILAN BERDASARKAN KETUHANAN YANG MA,2019,Pajak Penghasilan,Mengabulkan seluruhnya,transfer pricing,19,"13,19,20,21,23,24,27,29,30,31,32,36,40,43,46",15,49,"...u NCPM, Penjualan kepada Wajib Pajak Dalam Negeri bahwa Terbanding mengatribusi koreksi transaksi Transfer Pricing ke transaksi Penjualan Pemohon Banding. Faktanya, transaksi penjualan yang dilakukan..oleh Pemohon..."
1839,99685,PT JJLAPP CABLE WORKS INDONESIA,PUT-009319.15/2022/PP/M.XIIA Tahun 2023 DEMI,2019,Pajak Penghasilan,Tidak dapat diterima,transfer pricing,6,"12,18,19,22,24,33",6,47,"...esuai PO, DO“dan-Invoice dan seluruh transaksi afiliasi Pemohon Banding di 2019 sudah sesuai dengan Transfer Pricing Documentation (TP Doc.) 2019. Bahwa dalam Pembahasan akhir Pemohon Banding menyerahkan penjelasan t..."
1840,99706,PT SUEK TRADING INDONESIA,PUT-014322.15/2022/PP/M.XIVA Tahun 2023 DEMI KEADILAN BERDASARKAN KETUHANAN YANG,2019,Pajak Penghasilan,-,transfer pricing,9,"29,31,34,54,55,58,60",7,65,"...sikan kembali Data Pembanding dari Terbandi 1! suai dengan bidang usaha dan Data Pembanding dari en Transfer Pricing. Berikut, Pemohon Banding Ia San pembanding menurut Terbanding dan kek W N Na GW Say Salinan Putu..."
1841,99752,PT KIE INDONESIA,PUT-000828.15/2022/PP/M.IIA Tahun 2023 PT KIE Indonesia,2016,Pajak Penghasilan,Mengabulkan sebagian,transfer pricing,19,"17,28,29,30,44,45,52,80,81,84,85,86,87,108,119",15,149,"...n biaya yang ditagihkan, invoice dan Perjanjian antara KIE Jepang dengan KAO. . bahwa dari Dokumen Transfer Pricing dapat .dibuktikan-.bahwa pembayaran jasa manajemen yang dilakukan oleh Pemohon Banding merupakan..."
1842,99773,PT.Soci Mas,PUT-001413.15/2020/PP/M.XVA Tahun 2023 DEMI KEADILAN BERDASARKAN KETUHANAN YANG ,2016,Pajak Penghasilan,-,transfer pricing,10,"9,37,39,42,55,122,127",7,148,"...i, karena tidak terdapat. pembanding yang memenuhi 5 faktor kesebandingan yang ditentukan oleh OECD Transfer Pricing Guidelines. RPM Metode RPM eksternal maupun internal tidak dapat diterapkan dalam transaksi ini,..."
1843,99801,PT. PANCASURYA AGRINDO,PUT-001521.15/2023/PP/M.VB Tahun 2023 DEMI KEADILAN BERDASARKAN KETUHANAN YANG M,2017,Pajak Penghasilan,Mengabulkan sebagian,transfer pricing,14,"24,25,26,48,49,57,60,61",8,64,"...Pajak Yang Mempunyai Hubungan Istimewa, Referensi a) Pernyataan Standar Akuntansi Keuangan 7 b)OECD Transfer Pricing Guidelines for Multinational Enterprises and Tax Administrations v“ Paragraph 1.2, “ Paragraph 1.9:..."
1844,99881,PT Win Textile,PUT-003343.15/2020/PP/M. XVIA Tahun 2023 DEMI KEADILAN BERDASARKAN KETUHANAN YAN,2013,Pajak Penghasilan,Mengabulkan sebagian,transfer pricing,12,"25,59,61,62,63,64,92,93,94,98",10,147,"bahwa di dalam Transfer Pricing Documentation tersebut, transaksi pembayaran biaya bunga kepada pihak afiliasi diuji dengan menerap..."
